0.99387507404,5.32452665793,6.45312499987,15396.7499857,0.706728638599,1.00703674746,None,None,
0.995376211099,19.6489235484,6.45312499987,15396.7499857,0.706728638599,1.00703674746,None,None,
1.01408693454,2.20362598623,6.45312499987,15396.7499857,0.706728638599,0.975935828877,None,None,
1.0202564129,0.252601742732,6.4843749998,15443.9999856,0.709149867589,0.975935828877,None,None,
0.998991285253,19.5509877078,6.4843749998,15443.9999856,0.709149867589,0.975935828877,None,None,
1.02132147279,2.15870138431,6.4843749998,15443.9999856,0.709149867589,0.975935828877,None,None,
0.471076963444,0.570914047663,6.4843749998,15443.9999856,0.709149867589,1.00638297872,None,None,
0.738611944128,4.20404531184,6.62499999984,15538.8749855,0.710679349295,0.999290780142,None,None,
0.921272361257,5.17462853491,6.62499999984,15538.8749855,0.710679349295,0.999290780142,None,None,
2.69859356383,2.77429932052,6.62499999984,15538.8749855,0.710679349295,0.999290780142,None,None,
1.68265691775,10.787038917,6.62499999984,15538.8749855,0.710679349295,0.999231950845,None,None,
1.22750059953,5.84027777778,6.76562499979,15587.1249855,0.709047181538,1.0,None,None,
0.949057197343,0.624272909329,6.76562499979,15587.1249855,0.709047181538,1.0,None,None,
2.85282205159,5.48030255279,6.76562499979,15587.1249855,0.709047181538,1.0,None,None,
4.65124466379,0.651593351726,6.89062499981,15635.3749854,0.706701615954,1.00531914894,None,None,
5.14480973986,1.76787401575,6.89062499981,15635.3749854,0.706701615954,1.00531914894,None,None,
6.53072318328,3.12076935591,6.89062499981,15635.3749854,0.706701615954,1.00531914894,None,None,
5.93,3.52980028306,7.15624999978,15683.8749854,0.704447927363,1.06914893617,None,None,
6.56674100032,8.17797675149,7.15624999978,15683.8749854,0.704447927363,0.981335247667,None,None,
6.91873818873,13.697420081,7.15624999978,15683.8749854,0.704447927363,0.981335247667,None,None,
7.01308555591,12.0211366839,7.15624999978,15683.8749854,0.704447927363,0.981335247667,None,None,
7.28326536176,15.6624472574,8.67187499979,15780.7499853,0.700518834784,1.27743902439,None,None,
7.37191727544,11.9098376501,8.67187499979,15780.7499853,0.700518834784,1.27743902439,None,None,
7.4275338433,19.8080037372,8.67187499979,15780.7499853,0.700518834784,1.2401055409,None,None,
8.51911921611,6.94895376271,9.93749999976,15828.6249853,0.698773171918,1.33245382586,None,None,
7.58997874831,29.7472800746,9.93749999976,15828.6249853,0.698773171918,1.33245382586,None,None,
7.66327133827,34.6687868446,9.93749999976,15828.6249853,0.698773171918,1.33245382586,None,None,
8.75191235936,10.6389034861,11.5781249997,15875.4999852,0.697130195103,0.884089272858,None,None,
7.74948268413,43.8471298159,11.5781249997,15875.4999852,0.697130195103,0.884089272858,None,None,
7.76595696283,48.4273596545,13.5624999997,15921.3749852,0.695573690753,0.858891288697,None,None,
8.81576290582,14.2047809709,13.5624999997,15921.3749852,0.695573690753,0.858891288697,None,None,
7.78674446643,57.9680098431,13.5624999997,15921.3749852,0.695573690753,0.859598853868,None,None,
7.7998134201,62.6058886674,18.5156249996,16008.9999851,0.692655245095,0.808739255014,None,None,
7.81197641595,67.1280758062,18.5156249996,16008.9999851,0.692655245095,0.808739255014,None,None,
7.81928602327,72.0514548239,21.4843749995,16050.4999851,0.69128789926,1.79473684211,None,None,
8.86393749468,20.3029777962,21.4843749995,16050.4999851,0.69128789926,1.79473684211,None,None,
7.82485290603,82.5986668734,21.4843749995,16050.4999851,0.69128789926,1.79473684211,None,None,
7.83026708258,88.5970782281,24.7187499995,16090.249985,0.689969194185,0.75770609319,None,None,
7.83182708068,94.7972607103,24.7187499995,16090.249985,0.689969194185,0.75770609319,None,None,
7.83591962202,101.201033425,28.2343749994,16127.999985,0.688693725342,0.732616487455,None,None,
7.83917732403,107.743245456,28.2343749994,16127.999985,0.688693725342,0.73088023088,None,None,
7.84032206633,114.568344129,28.2343749994,16127.999985,0.688693725342,0.73088023088,None,None,
7.84229949996,121.6013821,36.0624999991,16197.1249849,0.686277900881,2.45901639344,None,None,
7.8451230629,128.920219141,36.0624999991,16197.1249849,0.686277900881,2.45901639344,None,None,
7.84708134844,136.408688097,40.3281249991,16228.1249849,0.685126736205,2.58032786885,None,None,
7.84908241195,144.100388144,40.3281249991,16228.1249849,0.685126736205,0.601981833196,None,None,
7.66211133026,7.65066392302,40.3281249991,16228.1249849,0.685126736205,0.601981833196,None,None,
7.84945231555,149.174837463,40.3281249991,16228.1249849,0.685126736205,0.653486700216,None,None,
7.84253439009,154.560350877,44.781249999,16256.7499849,0.684013403232,0.627606038821,None,None,
7.83559165842,160.93689406,44.781249999,16256.7499849,0.684013403232,0.627606038821,None,None,
7.8283681333,169.168217609,49.4218749989,16282.8749848,0.682921688375,2.48,None,None,
7.82121769542,177.64612868,49.4218749989,16282.8749848,0.682921688375,2.48,None,None,
7.81458749319,186.767011834,49.4218749989,16282.8749848,0.682921688375,2.40506329114,None,None,
7.62149986259,7.16888400531,59.1874999987,16327.2499848,0.680824731125,2.59240506329,None,None,
7.80623449026,199.699233716,59.1874999987,16327.2499848,0.680824731125,2.59240506329,None,None,
7.79879995472,209.339435248,59.1874999987,16327.2499848,0.680824731125,0.538179148311,None,None,
7.79252966528,219.417706477,64.2499999986,16345.3749848,0.679814084203,0.511013215859,None,None,
8.87575811139,45.292619092,64.2499999986,16345.3749848,0.679814084203,0.511013215859,None,None,
7.78246720228,236.479951642,64.2499999986,16345.3749848,0.679814084203,2.79032258065,None,None,
7.77409886773,247.43120771,69.4218749985,16360.6249848,0.678819650867,2.89247311828,None,None,
8.86994079312,49.1676311304,69.4218749985,16360.6249848,0.678819650867,2.89247311828,None,None,
7.76220275344,265.689065109,74.6874999984,16372.9999847,0.67783602659,2.99462365591,None,None,
7.75522505774,277.545357977,74.6874999984,16372.9999847,0.67783602659,2.67873303167,None,None,
8.68415046638,0.475533857792,74.6874999984,16372.9999847,0.67783602659,2.67873303167,None,None,
7.75027027027,289.948723496,74.6874999984,16372.9999847,0.67783602659,2.67873303167,None,None,
7.7417297504,302.854497354,85.3124999981,16388.9999847,0.675912014268,0.417081850534,None,None,
7.73706576728,316.128032345,85.3124999981,16388.9999847,0.675912014268,0.417081850534,None,None,
7.73193559623,332.489734717,90.656249998,16392.7499847,0.674966221694,0.389323843416,None,None,
7.72631212523,347.771805752,90.656249998,16392.7499847,0.674966221694,3.30026809651,None,None,
7.5951037649,7.49612986946,90.656249998,16392.7499847,0.674966221694,3.30026809651,None,None,
7.71412395175,368.474365234,90.656249998,16392.7499847,0.674966221694,0.380952380952,None,None,
7.59905895346,7.45580955609,95.9687499979,16393.4999847,0.674025833649,0.352813852814,None,None,
7.7148656529,381.861702128,95.9687499979,16393.4999847,0.674025833649,0.352813852814,None,None,
8.85465845279,62.3788657738,95.9687499979,16393.4999847,0.674025833649,0.352813852814,None,None,
7.70979891048,407.444528683,101.249999998,16391.3749847,0.673085445603,0.330472103004,None,None,
7.70478654882,425.264979339,101.249999998,16391.3749847,0.673085445603,0.330472103004,None,None,
7.61258086299,7.9877191626,101.249999998,16391.3749847,0.673085445603,3.98089171975,None,None,
7.69627151266,453.096739423,101.249999998,16391.3749847,0.673085445603,3.98089171975,None,None,
7.6908926215,472.130674003,111.593749998,16378.6249847,0.671199264984,4.23566878981,None,None,
7.68408407737,492.152051714,111.593749998,16378.6249847,0.671199264984,0.165845648604,None,None,
7.67722628552,512.989086732,116.624999997,16367.8749848,0.670258876939,0.133004926108,None,None,
8.84285455233,71.9092151246,116.624999997,16367.8749848,0.670258876939,0.133004926108,None,None,
7.62193054433,8.6447973425,152.632653064,43649.3329539,0.652716129929,2.17333333333,0.0816459830176,11.7142857143,
7.67066636901,536.662427746,152.632653064,43649.3329539,0.652716129929,2.17333333333,0.0816459830176,11.7142857143,
9007.57028947,15703.3031336,159.000000003,43613.9996209,0.65177492326,2.21888888889,0.0757674722404,11.8571428571,
5.78481012658,2.22449261382,159.000000003,43613.9996209,0.65177492326,2.21888888889,0.0757674722404,11.8571428571,
3.68603060922,2.23357262328,32.436293436,21785.0001488,0.649981292426,2.24507658643,0.0560928433269,1.9381443299,
2.82202877671,2.24292990212,32.436293436,21785.0001488,0.649981292426,2.24507658643,0.0560928433269,1.9381443299,
3.02720681001,0.979528606024,15.2842105263,65359.0014609,0.647700281293,2.21841541756,0.0493273542601,1.59477124183,
4.82442503508,2.22610417004,15.2842105263,65359.0014609,0.647700281293,2.21841541756,0.0493273542601,1.59477124183,
16.9795449015,1.27985824982,16.2824561403,65200.5014573,0.645773396175,2.30620985011,0.0390775144138,1.60784313725,
34.89875,2.23581080354,16.2824561403,65200.5014573,0.645773396175,2.30620985011,0.0390775144138,1.60784313725,
4.16330667374,16.5785152548,8.2712854758,4347.63333603,0.639926176888,2.31324004306,0.0272324255858,1.50819672131,
6.68665703897,2.27941634406,8.4916527546,4341.4000027,0.638952860646,2.35844994618,0.0221659278024,1.51912568306,
3.00497318512,2.31337899645,8.4916527546,4341.4000027,0.638952860646,2.35844994618,0.0221659278024,1.51912568306,
1.29848659238,1.25202582374,8.4916527546,4341.4000027,0.638952860646,2.35844994618,0.0221659278024,1.51912568306,
1.9000209314,2.35317622863,6.92800528401,3946.81818093,0.635594974602,2.39140022051,0.0176544766709,1.47263681592,
1.39004991803,0.978746568007,7.09180977542,3940.60605972,0.634602421405,2.43770672547,0.0132408575032,1.48258706468,
1.08538904082,2.4145390305,7.09180977542,3940.60605972,0.634602421405,2.43770672547,0.0132408575032,1.48258706468,
0.936027494359,2.45617067456,6.03438864629,5201.28,0.631018393471,2.48013620885,0.00942211055276,1.45971563981,
0.853588287312,2.49914182807,6.1615720524,5192.36,0.630012128145,2.5278093076,0.00565326633166,1.4691943128,
0.837129408133,2.54490585602,5.39609483961,None,0.626317068789,2.57426900585,0.00187734668335,1.45622119816,
0.871798349702,0.975866587141,5.39609483961,None,0.626317068789,2.57426900585,0.00187734668335,1.45622119816,
0.476953111616,14.8453615935,5.39609483961,None,0.626317068789,2.57426900585,0.00187734668335,1.45622119816,
0.889049759963,2.64487889928,5.58623895862,None,0.624245690794,2.67368421053,0.00500625782228,1.47926267281,
1.00531645911,2.69739700038,4.54091888012,1419.8351646,0.616795884661,2.77543424318,0.0142591444513,1.47706422018,
1.13419312241,2.74978932506,4.60373295047,1416.92307669,0.615733386634,2.82878411911,0.0173589584625,1.48623853211,
1.28652346454,2.80100309603,4.23557847244,831.458064616,0.612078782885,2.87531806616,0.0228113440197,1.4953271028,
1.4928631755,0.972270697101,4.23557847244,831.458064616,0.612078782885,2.87531806616,0.0228113440197,1.4953271028,
0.880745629716,17.3678549037,4.23557847244,831.458064616,0.612078782885,2.87531806616,0.0228113440197,1.4953271028,
1.66821455875,0.971479794024,4.28520786336,829.677419455,0.610987200143,2.93002544529,0.0252774352651,1.50934579439,
1.01035927833,18.0186105592,3.98070175439,553.978448204,0.607435722888,2.97526041667,0.03125,1.52153110048,
1.82028526299,2.9508146789,3.98070175439,553.978448204,0.607435722888,2.97526041667,0.03125,1.52153110048,
2.02506844714,3.00121966247,4.01959064327,552.745689584,0.60632560088,3.03125,0.0337009803922,1.53588516746,
2.27693266214,3.05191763443,3.7641862955,404.264984237,0.602875938573,3.07171314741,0.0401704199635,1.54901960784,
2.63037935568,0.967836573124,3.7641862955,404.264984237,0.602875938573,3.07171314741,0.0401704199635,1.54901960784,
1.54141035125,20.7121984974,3.7641862955,404.264984237,0.602875938573,3.07171314741,0.0401704199635,1.54901960784,
2.97307516659,0.967443835965,3.81745182013,402.378548905,0.60058731013,3.18725099602,0.0438222763238,1.57352941176,
1.73332536631,21.3345135216,3.41035035494,248.261208582,0.593965947881,3.26547455296,0.0564564564565,1.6,
3.4245825451,3.20273133868,3.41035035494,248.261208582,0.593965947881,3.26547455296,0.0564564564565,1.6,
4.0713511206,3.25208663283,3.42500572476,247.662768037,0.592784738989,3.32599724897,0.0576576576577,1.61025641026,
2.29946569497,23.223312387,3.42500572476,247.662768037,0.592784738989,3.32599724897,0.0576576576577,1.61025641026,
5.01606635213,0.964173334827,3.2608881298,204.417069244,0.589616688911,3.35515320334,0.0644007155635,1.62631578947,
5.67785748016,3.34648844431,3.2608881298,204.417069244,0.589616688911,3.35515320334,0.0644007155635,1.62631578947,
3.05433434102,1.39803495292,3.26964133219,203.916264091,0.588422249804,3.41643454039,0.0655933214073,1.63684210526,
6.62463572758,3.39172260703,3.26964133219,203.916264091,0.588422249804,3.41643454039,0.0655933214073,1.63684210526,
7.85790996689,3.43618342014,3.1262,171.898097818,0.585334881358,3.44366197183,0.0722320899941,1.65053763441,
9.21159071367,3.48056750811,3.1296,171.474184775,0.584111665129,3.50422535211,0.0728241563055,1.66666666667,
11.0486819944,3.52431451414,3.0022564874,147.642857142,0.5811040812,3.52916073969,0.0793650793651,1.67391304348,
4.66959145122,1.44889769857,3.0022564874,147.642857142,0.5811040812,3.52916073969,0.0793650793651,1.67391304348,
13.2456809675,1.54972433066,3.0022564874,147.642857142,0.5811040812,3.52916073969,0.0793650793651,1.67391304348,
5.02740953964,1.45424771291,2.99511094396,146.911007025,0.578605387453,1.46514935989,0.0805408583186,1.6902173913,
16.6453070202,1.52980574049,2.99511094396,146.911007025,0.578605387453,1.46514935989,0.0805408583186,1.6902173913,
5.6919006232,29.692836348,2.78139691068,113.520398909,0.572731067966,1.50072150072,0.0933333333333,1.70555555556,
25.0469462969,1.47755626238,2.7723304231,113.241160469,0.571463177046,1.43722943723,0.0933333333333,1.71666666667,
43.800754717,1.45536111963,2.7723304231,113.241160469,0.571463177046,1.43722943723,0.0933333333333,1.71666666667,
135.692694799,0.957428103567,2.68142720612,101.196269261,0.56858508378,1.44782608696,0.0995970063328,1.72067039106,
212.981428571,1.4379871202,2.68142720612,101.196269261,0.56858508378,1.44782608696,0.0995970063328,1.72067039106,
11.0768310523,1.50633827995,2.66884358076,100.951338199,0.567298936614,1.38405797101,0.0995970063328,1.72625698324,
67.5288644771,1.41119395788,2.66884358076,100.951338199,0.567298936614,1.38405797101,0.0995970063328,1.72625698324,
12.621916557,1.51431472542,2.58742424242,91.0923076898,0.564417650472,1.39098837209,0.105263157895,1.71428571429,
41.5474482476,1.38353653306,2.58742424242,91.0923076898,0.564417650472,1.39098837209,0.105263157895,1.71428571429,
14.7799521945,28.4656178951,2.57212121212,90.8754578729,0.563118462336,1.32703488372,0.104691075515,1.72527472527,
31.8136455683,1.32318658414,2.57212121212,90.8754578729,0.563118462336,1.32703488372,0.104691075515,1.72527472527,
26.9804935959,0.95484015059,2.49877220858,82.6624416265,0.560202151706,1.33381924198,0.109783845279,1.70967741935,
22.9064899587,1.29687305324,2.49877220858,82.6624416265,0.560202151706,1.33381924198,0.109783845279,1.70967741935,
1.00931177667,0.0547552229706,1.06861187347,81.1894596385,0.617721077801,0.986880466472,0.0762229806598,0.236559139785,
0.528722157093,0.984382678697,1.06861187347,81.1894596385,0.617721077801,0.986880466472,0.0762229806598,0.236559139785,
0.970086048944,1.18247620778,1.06297861104,68.6230985915,0.61384338875,0.986587183308,0.0700564971751,0.161616161616,
0.971424544882,0.984365065363,1.06297861104,68.6230985915,0.61384338875,0.986587183308,0.0700564971751,0.161616161616,
1.16541024476,0.991091984867,1.06297861104,68.6230985915,0.61384338875,0.986587183308,0.0700564971751,0.161616161616,
1.49047030431,0.780790886462,1.06403485609,69.0523943662,0.615273068911,1.00149031297,0.0847457627119,1.4595959596,
1.85852575001,1.03853281108,1.06143906765,63.5602284535,0.611865771265,1.00154798762,0.0859728506787,1.41552511416,
1.7364673056,0.949204483194,1.06143906765,63.5602284535,0.611865771265,1.00154798762,0.0859728506787,1.41552511416,
1.40149668717,0.772882702235,1.06257917406,63.7601246114,0.610306630932,1.0,0.0927601809955,1.90410958904,
1.00599926,0.991769652387,1.06257917406,63.7601246114,0.610306630932,1.0,0.0927601809955,1.90410958904,
0.877548940315,1.8820768269,1.06020719074,58.5929288112,0.606614712805,1.0,0.0933786078098,1.84615384615,
0.670598585878,0.963122345026,1.06020719074,58.5929288112,0.606614712805,1.0,0.0933786078098,1.84615384615,
0.470990258481,0.961107561156,1.06106032907,58.7783086487,0.604398285828,1.00327868852,0.100169779287,1.90598290598,
0.422471558146,0.891645185623,1.05890652557,53.8513809742,0.600565968841,1.0034965035,0.101416430595,1.87966804979,
0.353538235268,0.983397288207,1.05890652557,53.8513809742,0.600565968841,1.0034965035,0.101416430595,1.87966804979,
0.301509629151,0.887757230705,1.06090534979,54.0219202114,0.598430907173,1.04545454545,0.107648725212,1.80082987552,
0.144575286982,1.04769627035,1.06090534979,54.0219202114,0.598430907173,1.04545454545,0.107648725212,1.80082987552,
0.19944170989,1.65179619754,1.05716177444,45.2776548671,0.59067051568,1.05263157895,0.108905275099,1.79098360656,
0.0848835664076,1.07564293287,1.05716177444,45.2776548671,0.59067051568,1.05263157895,0.108905275099,1.79098360656,
0.0520215181161,1.1044801653,1.06775546237,45.5641592919,0.586991410374,1.18218623482,0.111741349972,1.65983606557,
0.104556098912,0.196248377656,1.06775546237,45.5641592919,0.586991410374,1.18218623482,0.111741349972,1.65983606557,
0.0239967598163,1.1763161972,1.07460283383,41.8504736136,0.581512080432,1.27533039648,0.11010215664,1.61728395062,
0.0167411659849,1.22254113077,1.07460283383,41.8504736136,0.581512080432,1.27533039648,0.11010215664,1.61728395062,
0.0742835006989,0.445043883405,1.07460283383,41.8504736136,0.581512080432,1.27533039648,0.11010215664,1.61728395062,
0.0198670615451,0.905355583806,1.08587376556,41.977672531,0.57997653894,1.35242290749,0.106696935301,1.58436213992,
0.0664020972864,0.647783166135,1.0837433267,38.4908299659,0.576191337191,1.38647342995,0.106696935301,1.5867768595,
0.00188604127023,1.36253103434,1.0837433267,38.4908299659,0.576191337191,1.38647342995,0.106696935301,1.5867768595,
0.05868850257,1.0562790407,1.09693290066,38.6052222568,0.574729789457,1.46859903382,0.101589103292,1.56198347107,
0.00434674154501,1.46409838731,1.09693290066,38.6052222568,0.574729789457,1.46859903382,0.101589103292,1.56198347107,
0.0153232668822,0.900979423216,1.09477023846,35.4758087607,0.570989788454,1.51733333333,0.101589103292,1.56666666667,
0.0047073243003,1.56172565596,1.09477023846,35.4758087607,0.570989788454,1.51733333333,0.101589103292,1.56666666667,
0.0490194856799,1.71247650466,1.12711083819,35.6773547097,0.568269047691,1.70666666667,0.0896708286039,1.5125,
0.00740021407942,1.69249545547,1.12711083819,35.6773547097,0.568269047691,1.70666666667,0.0896708286039,1.5125,
0.0666907007363,1.43202564706,1.12237658883,30.339041096,0.560925008852,1.89225589226,0.0896708286039,1.51680672269,
0.00814772933788,1.78617216429,1.14090058134,30.42074364,0.559653296229,2.0101010101,0.0828603859251,1.5,
0.00869320849397,1.89077971026,1.14090058134,30.42074364,0.559653296229,2.0101010101,0.0828603859251,1.5,
0.0627236001595,1.41662681067,1.14090058134,30.42074364,0.559653296229,2.0101010101,0.0828603859251,1.5,
0.00921578329109,2.01034229021,1.13874066169,28.1728367021,0.556037077763,2.16279069767,0.0828603859251,1.50210970464,
0.00967586117521,2.14638333785,1.15892112157,28.2452873039,0.55481806919,2.2984496124,0.0760499432463,1.48523206751,
0.0101170589671,2.30310303446,1.15892112157,28.2452873039,0.55481806919,2.2984496124,0.0760499432463,1.48523206751,
0.0301130943786,3.24776100508,1.17830125443,26.2990693738,0.550065277716,2.69406392694,0.0686719636776,1.46835443038,
0.0106761505938,2.56092135736,1.17830125443,26.2990693738,0.550065277716,2.69406392694,0.0686719636776,1.46835443038,
0.018408171281,0.856623625446,1.17830125443,26.2990693738,0.550065277716,2.69406392694,0.0686719636776,1.46835443038,
0.0243310195482,3.68950107295,1.17830125443,26.2990693738,0.550065277716,2.69406392694,0.0686719636776,1.46835443038,
0.0186016678488,0.84703372743,1.22375899962,24.6078625049,0.544279410235,3.45555555556,0.0527509926262,1.43459915612,
0.0112397952054,3.27220943613,1.22375899962,24.6078625049,0.544279410235,3.45555555556,0.0527509926262,1.43459915612,
0.0189463010384,4.13029101552,1.22375899962,24.6078625049,0.544279410235,3.45555555556,0.0527509926262,1.43459915612,
0.0115221846682,3.77449873676,1.24943160288,24.6574476491,0.543224489998,3.65555555556,0.045377197958,1.42194092827,
0.0157289892451,4.56966673309,1.24573028465,21.5914072012,0.536164149892,5.59615384615,0.045377197958,1.42016806723,
0.0191995181985,0.800473724365,1.24573028465,21.5914072012,0.536164149892,5.59615384615,0.045377197958,1.42016806723,
0.0136292569367,4.78934603147,1.24573028465,21.5914072012,0.536164149892,5.59615384615,0.045377197958,1.42016806723,
0.0191571945701,0.774119085021,1.27242183854,21.6315881022,0.535148566104,5.95192307692,0.0374361883154,1.40756302521,
0.0117884370847,5.00698438828,1.27242183854,21.6315881022,0.535148566104,5.95192307692,0.0374361883154,1.40756302521,
0.0117844692355,6.0593025344,1.27128252788,20.3363397834,0.531637350962,8.80303030303,0.0374361883154,1.40756302521,
0.0117159196989,7.44887839107,1.29879182156,20.3709412921,0.530653602487,9.34848484848,0.0294951786727,1.39915966387,
0.00691864768863,5.65506831109,1.29879182156,20.3709412921,0.530653602487,9.34848484848,0.0294951786727,1.39915966387,
0.0184438569756,0.601747318067,1.29879182156,20.3709412921,0.530653602487,9.34848484848,0.0294951786727,1.39915966387,
0.00403305610346,5.86754977724,1.29818215544,19.2046511628,0.527145668422,20.6785714286,0.0294951786727,1.39748953975,
0.0118491999683,14.1790239474,1.35605639028,19.260620155,0.525261200073,23.3214285714,0.0141803743619,1.37656903766,
0.0119966215248,24.6100106591,1.35605639028,19.260620155,0.525261200073,23.3214285714,0.0141803743619,1.37656903766,
0.0171893273852,2.4223045205,1.35608941657,18.2121434873,0.521751264438,68.4444444444,0.0141803743619,1.3734439834,
0.0027521968052,6.50166701926,1.38623504313,18.2336077625,0.520845471771,72.5555555556,0.0068065796937,1.36929460581,
0.0120261094052,52.6870421463,1.38623504313,18.2336077625,0.520845471771,72.5555555556,0.0068065796937,1.36929460581,
0.0160634223879,1.73439218293,1.38623504313,18.2336077625,0.520845471771,72.5555555556,0.0068065796937,1.36929460581,
0.00739128796686,6.90834550377,1.3888318237,16.4343017057,0.513833722409,6.88095238095,0.00737797956867,1.36475409836,
0.0122493943627,12.75736285,1.41974040527,16.4509594883,0.512951600248,7.33333333333,0.0,1.35655737705,
0.0123097224027,9.26511153302,1.41974040527,16.4509594883,0.512951600248,7.33333333333,0.0,1.35655737705,
0.0115063923225,7.52939922951,1.45111588384,16.4645522388,0.512084098895,7.78571428571,0.00737797956867,1.35245901639,
0.0123318026169,7.49223801241,1.45412671555,15.6969040642,0.508562426458,5.09917355372,0.00681431005111,1.34959349593,
0.0128580655454,1.19795152301,1.45412671555,15.6969040642,0.508562426458,5.09917355372,0.00681431005111,1.34959349593,
0.0157877153172,7.91022343969,1.45412671555,15.6969040642,0.508562426458,5.09917355372,0.00681431005111,1.34959349593,
0.0121709501846,1.16399836258,1.51814250799,15.7139763027,0.506870362627,5.73553719008,0.0210107893242,1.34146341463,
0.012443985182,4.43765632866,1.5226626209,15.0219833903,0.503347109843,4.1582278481,0.0204545454545,1.33870967742,
0.00422972785652,1.23433728298,1.5226626209,15.0219833903,0.503347109843,4.1582278481,0.0204545454545,1.33870967742,
0.0122551337476,3.9282258435,1.5226626209,15.0219833903,0.503347109843,4.1582278481,0.0204545454545,1.33870967742,
0.0105010222447,1.10972454809,1.52837423313,14.395845558,0.499796744033,3.17948717949,0.0198976691302,1.336,
0.0121149373648,3.10532729405,1.56115797546,14.3996009858,0.498974041309,3.37435897436,0.0267197271177,1.336,
0.0244027319489,8.60543696924,1.56115797546,14.3996009858,0.498974041309,3.37435897436,0.0267197271177,1.336,
0.00879824804767,1.089045244,1.56115797546,14.3996009858,0.498974041309,3.37435897436,0.0267197271177,1.336,
0.0117153256931,2.62610320311,1.57726062518,13.3237637812,0.491841020306,2.17100371747,0.0250569476082,1.33070866142,
0.00809297340578,1.21616079368,1.61088650035,13.3248553651,0.491027048896,2.31598513011,0.0313211845103,1.33070866142,
0.0114914375868,2.44014502396,1.61088650035,13.3248553651,0.491027048896,2.31598513011,0.0313211845103,1.33070866142,
0.0113152022056,2.27879096493,1.62161348585,12.8647649233,0.487430691024,1.91503267974,0.0302166476625,1.32684824903,
0.0306405507344,9.2952638635,1.65562913907,12.8631801373,0.486618682913,2.04575163399,0.0370581527936,1.32684824903,
0.0108662409835,2.20777346442,1.65562913907,12.8631801373,0.486618682913,2.04575163399,0.0370581527936,1.32684824903,
0.0108988648213,2.08138171248,1.65562913907,12.8631801373,0.486618682913,2.04575163399,0.0370581527936,1.32684824903,
0.0199967137827,1.20137698738,1.66864510847,12.4482935328,0.483006044106,1.72514619883,0.0359589041096,1.32432432432,
0.0108165214378,1.97025555528,1.73659435121,12.4383519524,0.481395560626,1.95614035088,0.0479452054795,1.32818532819,
0.000562973773104,1.05227488273,1.73659435121,12.4383519524,0.481395560626,1.95614035088,0.0479452054795,1.32818532819,
0.0359468407189,9.94467494181,1.73659435121,12.4383519524,0.481395560626,1.95614035088,0.0479452054795,1.32818532819,
0.000642354484848,1.0492599895,1.75292887029,12.0647668393,0.4777619462,1.66754617414,0.0468571428571,1.32442748092,
0.010864269377,1.64919248199,1.78661087866,12.0565962534,0.476958679583,1.77308707124,0.0525714285714,1.32824427481,
0.0109568546347,1.57948333124,1.78661087866,12.0565962534,0.476958679583,1.77308707124,0.0525714285714,1.32824427481,
0.00432165548619,1.04291461704,1.82764692934,11.4228289723,0.469643698231,1.32522123894,0.0493119266055,1.32330827068,
0.0113463743254,1.41146351163,1.82764692934,11.4228289723,0.469643698231,1.32522123894,0.0493119266055,1.32330827068,
0.00590196085822,1.03936029559,1.88749150238,11.1457328386,0.465154355409,1.23770491803,0.0534175761057,1.32462686567,
0.0115656689738,1.26960707922,1.88749150238,11.1457328386,0.465154355409,1.23770491803,0.0534175761057,1.32462686567,
0.00786685860846,1.03676737955,1.88749150238,11.1457328386,0.465154355409,1.23770491803,0.0534175761057,1.32462686567,
0.0115155243504,1.14795238753,1.91592609916,10.9071480538,0.461464541508,1.08396946565,0.0523289246694,1.32222222222,
0.0429201381456,10.7150924269,1.95147333957,10.8956893416,0.460645594967,1.16221374046,0.0575043128235,1.32592592593,
0.0107995833081,1.03455750301,1.95147333957,10.8956893416,0.460645594967,1.16221374046,0.0575043128235,1.32592592593,
0.0113216438505,1.080177574,1.98439390273,10.6863218083,0.456948858029,1.02321428571,0.0553314121037,1.32352941176,
0.0444808222824,1.19141204356,1.98439390273,10.6863218083,0.456948858029,1.02321428571,0.0553314121037,1.32352941176,
0.0111635334745,1.04981589294,1.98439390273,10.6863218083,0.456948858029,1.02321428571,0.0553314121037,1.32352941176,
0.0111690637113,1.02155654848,2.0535930317,10.6584472438,0.455286779392,1.16964285714,0.064553314121,1.33823529412,
0.0151946817686,1.03088668214,2.13679676283,10.3186746465,0.447889507434,0.919431279621,0.0613071139387,1.33576642336,
0.0114034254384,0.936645559314,2.13679676283,10.3186746465,0.447889507434,0.919431279621,0.0613071139387,1.33576642336,
0.0112872140448,0.914069726156,2.22191967325,10.1690237422,0.443330271962,0.878923766816,0.0643105446118,1.34057971014,
0.0182676455419,1.02889755681,2.22191967325,10.1690237422,0.443330271962,0.878923766816,0.0643105446118,1.34057971014,
0.0111683119933,0.841985471043,2.22191967325,10.1690237422,0.443330271962,0.878923766816,0.0643105446118,1.34057971014,
0.0113030019144,0.823940430537,2.27830793334,10.0562531817,0.439626847883,0.78045325779,0.0621370499419,1.33935018051,
0.0212327123831,1.02733759579,2.31391539667,10.0390293568,0.438766878076,0.839943342776,0.0662020905923,1.34657039711,
0.0112583826832,0.761836368501,2.37892376682,9.94891862323,0.435064541543,0.750673854447,0.064572425829,1.34532374101,
0.0229219357773,1.02665175043,2.37892376682,9.94891862323,0.435064541543,0.750673854447,0.064572425829,1.34532374101,
0.0171250710699,0.705223380009,2.37892376682,9.94891862323,0.435064541543,0.750673854447,0.064572425829,1.34532374101,
0.0344131101532,0.692256627614,2.57221206581,9.81220344628,0.4267673957,0.64742014742,0.0642523364486,1.35231316726,
0.0668429396398,1.02565530577,2.57221206581,9.81220344628,0.4267673957,0.64742014742,0.0642523364486,1.35231316726,
0.0947870564796,12.3885489651,2.57221206581,9.81220344628,0.4267673957,0.64742014742,0.0642523364486,1.35231316726,
0.0895204220966,1.02531682357,2.66637308437,9.78258343019,0.423051838421,0.581367924528,0.0626097132826,1.35106382979,
0.0936439798462,0.636855320025,2.66637308437,9.78258343019,0.423051838421,0.581367924528,0.0626097132826,1.35106382979,
0.157315030867,1.20663009625,2.73929892549,9.74223808733,0.421243252494,0.681603773585,0.0696313633704,1.36879432624,
0.117255021931,0.630047674113,2.73929892549,9.74223808733,0.421243252494,0.681603773585,0.0696313633704,1.36879432624,
0.151491584446,0.624244740914,2.85079662605,9.72887820244,0.417538614848,0.622298065984,0.0679953106682,1.36749116608,
0.205339624796,1.0243558697,2.85079662605,9.72887820244,0.417538614848,0.622298065984,0.0679953106682,1.36749116608,
0.240047258073,0.591943879831,3.01261513817,9.71062453344,0.412899633727,0.616061606161,0.0692488262911,1.37323943662,
0.318348922572,13.5225700179,3.01261513817,9.71062453344,0.412899633727,0.616061606161,0.0692488262911,1.37323943662,
0.330031368225,1.02442349984,3.01261513817,9.71062453344,0.412899633727,0.616061606161,0.0692488262911,1.37323943662,
0.374401498399,13.8080236944,3.01261513817,9.71062453344,0.412899633727,0.616061606161,0.0692488262911,1.37323943662,
0.50223989899,0.610988973007,3.04425310372,9.68781620633,0.411947138834,0.663366336634,0.0721830985915,1.3838028169,
1.98199330224,1.02441591467,3.36593279258,9.73232281167,0.404630680778,0.608510638298,0.0732708089097,1.4144486692,
3913.78289474,0.579250601852,3.36593279258,9.73232281167,0.404630680778,0.608510638298,0.0732708089097,1.4144486692,
16.3920443965,16.2042292516,3.39721900348,9.708503373,0.40366023364,0.654255319149,0.0750293083236,1.42205323194,
4.61973620164,1.02459881516,3.60226415094,9.73532604162,0.400371742119,0.672043010753,0.0755711775044,1.444,
2.98328012463,0.622680782194,3.60226415094,9.73532604162,0.400371742119,0.672043010753,0.0755711775044,1.444,
2.47421913364,0.672862352184,3.60226415094,9.73532604162,0.400371742119,0.672043010753,0.0755711775044,1.444,
2.22179075514,0.734920807083,3.90338563171,9.70091973248,0.395234710337,0.826473859844,0.080163838502,1.47736625514,
2.07583465186,0.802185370266,3.90338563171,9.70091973248,0.395234710337,0.826473859844,0.080163838502,1.47736625514,
1.98763570968,0.873079413554,4.22478736331,9.66900643437,0.391139683651,0.970760233918,0.0824561403509,1.48962655602,
1.93437335367,0.947797960457,4.22478736331,9.66900643437,0.391139683651,0.970760233918,0.0824561403509,1.48962655602,
1.88141287836,18.2128305052,4.22478736331,9.66900643437,0.391139683651,0.970760233918,0.0824561403509,1.48962655602,
1.90217549786,1.05509416531,4.23815309842,9.64301830034,0.390098523735,1.02222222222,0.0830409356725,1.4979253112,
1.88209505168,1.14521653245,5.07648183556,9.55744363398,0.384182862731,1.29006622517,0.0841121495327,1.52401746725,
1.89476827323,1.0345058716,5.07648183556,9.55744363398,0.384182862731,1.29006622517,0.0841121495327,1.52401746725,
1.8312151105,19.7111867324,5.08374760994,9.53149867377,0.383123497535,1.34834437086,0.0852803738318,1.53711790393,
1.85778270946,1.35514746218,5.67147856518,9.45007402532,0.380317707016,1.52924393723,0.0863477246208,1.55156950673,
1.87612933704,1.03796138432,5.67147856518,9.45007402532,0.380317707016,1.52924393723,0.0863477246208,1.55156950673,
1.81507438084,22.9178401638,5.67147856518,9.45007402532,0.380317707016,1.52924393723,0.0863477246208,1.55156950673,
1.84335332881,3.53922682412,5.65791776028,9.39874979437,0.378153576463,3.47931526391,0.0869311551925,1.56502242152,
1.83528365226,1.34810847567,6.41607324517,9.29376323072,0.375431745831,3.69040247678,0.0885264997088,1.57798165138,
1.83906567213,3.61033566549,6.41607324517,9.29376323072,0.375431745831,3.69040247678,0.0885264997088,1.57798165138,
1.83646694171,3.68754268864,6.38962360123,9.26860446179,0.374331526689,3.62229102167,0.0885264997088,1.5871559633,
1.83491578844,3.77234686767,7.37928958459,9.13981347485,0.371690496442,3.87118644068,0.0895869691681,1.59813084112,
1.83389220244,3.86617262932,7.37928958459,9.13981347485,0.371690496442,3.87118644068,0.0895869691681,1.59813084112,
1.8044354424,22.4298898604,7.33413606262,9.11545264513,0.370565388995,3.79661016949,0.0895869691681,1.60747663551,
1.83315243109,3.93106033789,7.33413606262,9.11545264513,0.370565388995,3.79661016949,0.0895869691681,1.60747663551,
1.80453778864,22.0516631418,10.4840764331,8.77782971098,0.364342753633,4.36192468619,0.0927536231884,1.63768115942,
1.85922346939,1.05702890925,10.4840764331,8.77782971098,0.364342753633,4.36192468619,0.0927536231884,1.63768115942,
1.83209233582,4.16925721499,10.4840764331,8.77782971098,0.364342753633,4.36192468619,0.0927536231884,1.63768115942,
1.80520431634,21.852912142,10.4840764331,8.77782971098,0.364342753633,4.36192468619,0.0927536231884,1.63768115942,
1.00017408193,0.867688124992,1.55647058823,8.41552581262,0.411828154301,1.02132701422,0.0949074074074,0.127450980392,
1.00480629738,1.02336144451,1.55647058823,8.41552581262,0.411828154301,1.02132701422,0.0949074074074,0.127450980392,
0.99984498584,0.153791868035,1.55647058823,8.41552581262,0.411828154301,1.02132701422,0.0949074074074,0.127450980392,
1.00491068112,1.02498771118,1.55647058823,8.41552581262,0.411828154301,1.02132701422,0.0949074074074,0.127450980392,
1.00008248249,0.839815000815,1.76282051282,8.28732098672,0.413211694485,1.02179836512,0.0981524249423,0.361386138614,
1.00548844958,1.02884669532,1.76282051282,8.28732098672,0.413211694485,1.02179836512,0.0981524249423,0.361386138614,
1.00057982674,0.813574820454,2.12,8.09434654918,0.410722169944,1.02572347267,0.0962536023055,0.358208955224,
1.00615551877,1.03404554628,2.12,8.09434654918,0.410722169944,1.02572347267,0.0962536023055,0.358208955224,
0.8559415407,0.923889896306,2.13176470588,8.1223935389,0.410766767606,1.0,0.105475504323,1.3184079602,
0.6617919033,0.921341817244,2.13176470588,8.1223935389,0.410766767606,1.0,0.105475504323,1.3184079602,
0.503645443696,0.628317654049,5.49532710277,7.72643629724,0.405788793046,1.0,0.101033295063,1.30917874396,
0.346079764764,1.16632344162,5.56074766353,7.75354684647,0.404740002044,1.02816901408,0.107921928817,1.70531400966,
0.304765347126,0.931404028594,5.56074766353,7.75354684647,0.404740002044,1.02816901408,0.107921928817,1.70531400966,
0.17161135788,1.02375790256,5.56074766353,7.75354684647,0.404740002044,1.02816901408,0.107921928817,1.70531400966,
0.34635868546,1.1077507295,31.3333333282,7.5835221421,0.400676044342,1.15428571429,0.111619919863,1.86320754717,
0.577703418192,1.33864686869,31.3333333282,7.5835221421,0.400676044342,1.15428571429,0.111619919863,1.86320754717,
0.734900291684,1.5789526993,31.3333333282,7.5835221421,0.400676044342,1.15428571429,0.111619919863,1.86320754717,
0.992235019791,1.26829726289,31.3333333282,7.5835221421,0.400676044342,1.15428571429,0.111619919863,1.86320754717,
0.840448973955,2.04706655305,2.78991596639,7.4434525807,0.394212845093,1.30555555556,0.118789263278,1.98598130841,
0.762413959343,1.23064269359,2.78991596639,7.4434525807,0.394212845093,1.30555555556,0.118789263278,1.98598130841,
0.40380779797,1.44571978573,2.78991596639,7.4434525807,0.394212845093,1.30555555556,0.118789263278,1.98598130841,
0.381519566058,1.19885662287,1.20000000002,7.25561097258,0.391631015097,1.37606837607,0.114968696642,1.98139534884,
0.0481945859489,1.23638727049,1.06341463415,7.28127050795,0.389757097903,1.54700854701,0.116107000569,1.93023255814,
0.18397988443,1.63011817982,1.06341463415,7.28127050795,0.389757097903,1.54700854701,0.116107000569,1.93023255814,
0.44551281442,1.53990091723,1.06341463415,7.28127050795,0.389757097903,1.54700854701,0.116107000569,1.93023255814,
0.602815765401,1.64398865248,0.258928571428,6.92103446114,0.384616739467,1.84210526316,0.108535895986,1.93023255814,
0.933743539948,1.64913435383,0.116071428576,6.9454522629,0.382855431873,2.31578947368,0.109101187111,1.86511627907,
1.00082165396,2.27403664496,0.116071428576,6.9454522629,0.382855431873,2.31578947368,0.109101187111,1.86511627907,
1.30318607999,2.2570306667,0.0284974093229,6.77416779264,0.380320937408,2.6393442623,0.105352112676,1.8691588785,
1.61153049243,1.69646103862,0.0284974093229,6.77416779264,0.380320937408,2.6393442623,0.105352112676,1.8691588785,
1.63242918861,2.82644153241,0.217616580303,6.7978135364,0.378685923497,3.27868852459,0.103661971831,1.81308411215,
1.8586166296,3.02514450386,0.217616580303,6.7978135364,0.378685923497,3.27868852459,0.103661971831,1.81308411215,
2.01538991425,1.75563556372,0.292740046837,6.63188266408,0.37616973111,3.83673469388,0.0993265993266,1.81690140845,
2.1189106756,3.55652725085,0.292740046837,6.63188266408,0.37616973111,3.83673469388,0.0993265993266,1.81690140845,
2.35649607149,4.20135659308,0.817330210767,6.67684539551,0.373103094276,5.4693877551,0.0920314253648,1.76056338028,
2.53120200902,1.75676244247,0.817330210767,6.67684539551,0.373103094276,5.4693877551,0.0920314253648,1.76056338028,
2.63060895578,4.98683599896,0.831168831163,6.51644988523,0.370619662798,6.76315789474,0.0883668903803,1.7641509434,
2.89900509525,5.90611703807,1.16017316017,6.53751986345,0.369170133567,7.84210526316,0.0838926174497,1.74056603774,
3.06314868384,1.73338539845,1.16017316017,6.53751986345,0.369170133567,7.84210526316,0.0838926174497,1.74056603774,
3.19885963397,7.00770300176,1.16017316017,6.53751986345,0.369170133567,7.84210526316,0.0838926174497,1.74056603774,
3.3944882709,5.10627874952,1.14424951267,6.23273281752,0.364247253179,13.380952381,0.0760688506385,1.74407582938,
3.62920336489,8.90208403308,1.48538011696,6.25221663748,0.362837843734,15.3333333333,0.071071626874,1.72985781991,
3.90691541268,1.71672452327,1.48538011696,6.25221663748,0.362837843734,15.3333333333,0.071071626874,1.72985781991,
4.07288950227,10.6215794157,1.48538011696,6.25221663748,0.362837843734,15.3333333333,0.071071626874,1.72985781991,
4.29704258537,6.13587772814,1.87134502923,6.27079685999,0.361458978767,17.2857142857,0.0655191560244,1.71090047393,
4.51730293396,2.59509315043,1.8402255639,6.12552579147,0.359027632588,25.4285714286,0.0613938053097,1.71428571429,
4.98587458371,15.0806210251,1.8402255639,6.12552579147,0.359027632588,25.4285714286,0.0613938053097,1.71428571429,
5.22806339779,6.84372576646,1.8402255639,6.12552579147,0.359027632588,25.4285714286,0.0613938053097,1.71428571429,
5.37749226711,2.98777008801,2.70676691729,6.15923179102,0.356388075824,31.2857142857,0.0497787610619,1.67619047619,
5.79556312976,7.19817482427,2.663003663,6.0186109604,0.353970103568,54.0,0.0463065049614,1.67619047619,
5.89596093903,22.9091554075,2.663003663,6.0186109604,0.353970103568,54.0,0.0463065049614,1.67619047619,
6.25748733983,3.61564148471,2.663003663,6.0186109604,0.353970103568,54.0,0.0463065049614,1.67619047619,
6.81368015427,7.89600762111,3.13736263735,6.03353228433,0.35270485317,59.125,0.0402425578831,1.6619047619,
6.84967239154,35.0112149533,3.09139784945,5.89767466611,0.350297737886,156.0,0.0362438220758,1.65876777251,
7.27071907693,8.57437356511,3.09139784945,5.89767466611,0.350297737886,156.0,0.0362438220758,1.65876777251,
7.27159654118,4.76118494748,3.09139784945,5.89767466611,0.350297737886,156.0,0.0362438220758,1.65876777251,
7.97889772915,8.91217820699,3.58781362006,5.91124354814,0.349065120397,169.666666667,0.0302031850632,1.64454976303,
8.80028558261,9.25968571372,3.52447552449,5.6524790002,0.34425761586,125.5,0.0240174672489,1.64150943396,
8.96270054949,86.5718504845,4.03671328673,5.6643618111,0.343059664055,136.0,0.0180131004367,1.62735849057,
9.96646795827,134.5445723,4.03671328673,5.6643618111,0.343059664055,136.0,0.0180131004367,1.62735849057,
11.0728541179,10.3002909574,4.03671328673,5.6643618111,0.343059664055,136.0,0.0180131004367,1.62735849057,
11.0157955689,244.819614299,5.09705372616,5.56130913478,0.338352551124,89.1428571429,0.00217627856366,1.59154929577,
12.0179974495,756.791549296,5.09705372616,5.56130913478,0.338352551124,89.1428571429,0.00217627856366,1.59154929577,
13.2448852503,11.3221058703,5.66897746966,5.5693529737,0.337247402253,95.1428571429,0.0038084874864,1.58215962441,
13.0661155188,1159.58198381,5.66897746966,5.5693529737,0.337247402253,95.1428571429,0.0038084874864,1.58215962441,
14.1353136549,1.57365101723,5.65284974095,5.45034060618,0.334844436784,73.7777777778,0.00651112316875,1.57674418605,
14.3687290564,334.640102099,5.65284974095,5.45034060618,0.334844436784,73.7777777778,0.00651112316875,1.57674418605,
15.3150521748,9.70396325479,5.65284974095,5.45034060618,0.334844436784,73.7777777778,0.00651112316875,1.57674418605,
17.5188659966,12.3214339221,6.23834196893,5.45705400336,0.333771438421,78.4444444444,0.0130222463375,1.56279069767,
17.2164791205,157.55833018,6.23834196893,5.3415426383,0.331361837577,64.0,0.0151597184624,1.56018518519,
18.8438460092,131.752973749,6.83419689122,5.34682697437,0.330312284928,67.8181818182,0.021115322144,1.55092592593,
21.6520645059,13.3043616426,6.83419689122,5.34682697437,0.330312284928,67.8181818182,0.021115322144,1.55092592593,
20.863443274,116.656298333,6.83419689122,5.34682697437,0.330312284928,67.8181818182,0.021115322144,1.55092592593,
24.0796530281,105.74943087,8.07625649911,5.13323661551,0.323453149844,55.1333333333,0.0371767241379,1.52054794521,
29.8377783443,14.3111119976,8.07625649911,5.13323661551,0.323453149844,55.1333333333,0.0371767241379,1.52054794521,
27.7210409394,99.5187546632,8.69324090119,5.13464058406,0.322480274634,58.0,0.0431034482759,1.51141552511,
36.6479115125,14.980427926,8.72,5.02939147233,0.32005321743,54.3125,0.0451612903226,1.50678733032,
32.0594095556,97.1914128996,8.72,5.02939147233,0.32005321743,54.3125,0.0451612903226,1.50678733032,
36.7227015769,92.8548738161,9.33391304348,5.02952946046,0.319103517313,57.0625,0.0505376344086,1.49773755656,
50.4745063592,15.9560530331,9.33391304348,5.02952946046,0.319103517313,57.0625,0.0505376344086,1.49773755656,
60.3756228813,16.2785804002,10.0087565674,4.92696603808,0.315735086895,56.1764705882,0.0584763948498,1.48878923767,
50.5687342492,90.2896956754,10.0087565674,4.92696603808,0.315735086895,56.1764705882,0.0584763948498,1.48878923767,
58.8931037312,1.56351823661,10.0087565674,4.92696603808,0.315735086895,56.1764705882,0.0584763948498,1.48878923767,
72.2180936995,85.9474443119,10.0723104057,4.82864893711,0.313290087203,56.1764705882,0.0599892876272,1.48444444444,
123.091706104,17.2128327115,11.2821869489,4.82300097838,0.311470169546,61.3529411765,0.0701660417783,1.47111111111,
87.1623160233,87.9425287356,11.2821869489,4.82300097838,0.311470169546,61.3529411765,0.0701660417783,1.47111111111,
109.929968564,87.2864716463,11.8641975309,4.81850929466,0.310583652281,64.0,0.0755222281735,1.46666666667,
407.671395218,18.1805189425,12.0196779964,4.63118705346,0.305669847012,60.3888888889,0.0784837159637,1.46052631579,
165.607077326,89.3877854784,12.0196779964,4.63118705346,0.305669847012,60.3888888889,0.0784837159637,1.46052631579,
283.485340235,1.06951973378,12.5921288014,4.62572092623,0.304799391955,62.8888888889,0.0832888414309,1.45614035088,
384.728755306,18.8114476299,12.5921288014,4.62572092623,0.304799391955,62.8888888889,0.0832888414309,1.45614035088,
655.98553719,89.8579966746,12.6967509026,4.53636325131,0.302327552595,62.8888888889,0.0847547974414,1.45217391304,
127209.4,90.4189243116,13.2509025271,4.52996738532,0.301462984624,65.3888888889,0.089552238806,1.45217391304,
644.921052632,91.9618209167,13.2509025271,4.52996738532,0.301462984624,65.3888888889,0.089552238806,1.45217391304,
288.264559819,92.6548738357,13.34,4.44350400267,0.298991138089,65.3888888889,0.0910058541778,1.44827586207,
197.291486737,94.3142420271,14.3781818182,4.4281604403,0.29729489647,70.4444444444,0.100053219798,1.43965517241,
154.855692531,95.3977267797,14.4761904761,4.34437602628,0.294808303674,70.4444444444,0.10101010101,1.4358974359,
131.042892157,97.4404124788,14.9523809523,4.33550903121,0.293968141384,73.0,0.105263157895,1.4358974359,
72.9680631897,21.1400219472,14.9523809523,4.33550903121,0.293968141384,73.0,0.105263157895,1.4358974359,
113.030672737,0.833245467326,14.9523809523,4.33550903121,0.293968141384,73.0,0.105263157895,1.4358974359,
98.5630264972,101.125070815,15.1862197393,4.17552661968,0.288950757209,73.0,0.106687898089,1.42857142857,
61.5227396838,21.6741950714,15.6312849162,4.1661689165,0.288122263764,75.6111111111,0.11093418259,1.43277310924,
88.9574879227,104.426894483,15.6312849162,4.1661689165,0.288122263764,75.6111111111,0.11093418259,1.43277310924,
84.6175544477,106.870227004,16.1519699812,4.07987446057,0.284766293946,82.8235294118,0.115649867374,1.42916666667,
58.4898222902,22.6057859044,16.1519699812,4.07987446057,0.284766293946,82.8235294118,0.115649867374,1.42916666667,
81.6091804584,0.829012689349,16.1519699812,4.07987446057,0.284766293946,82.8235294118,0.115649867374,1.42916666667,
79.6771128933,111.034287221,16.1519699812,4.07987446057,0.284766293946,82.8235294118,0.115649867374,1.42916666667,
56.5347718761,1.35462775548,16.9962121211,3.98453628175,0.280564177967,88.4117647059,0.123011664899,1.42975206612,
78.0530321334,112.992473923,16.9962121211,3.98453628175,0.280564177967,88.4117647059,0.123011664899,1.42975206612,
76.28852962,116.053464994,16.9962121211,3.98453628175,0.280564177967,88.4117647059,0.123011664899,1.42975206612,
74.0398306055,118.265548318,17.3714285714,3.90150504858,0.277180865741,91.1764705882,0.127186009539,1.43442622951,
71.5867064809,121.556267774,17.3714285714,3.90150504858,0.277180865741,91.1764705882,0.127186009539,1.43442622951,
70.0857142857,124.583071386,17.3714285714,3.90150504858,0.277180865741,91.1764705882,0.127186009539,1.43442622951,
69.5818725709,0.953938376127,17.7976878613,3.75318518519,0.271230127335,99.9375,0.130296610169,1.4314516129,
68.883797576,129.913934235,17.7976878613,3.75318518519,0.271230127335,99.9375,0.130296610169,1.4314516129,
67.2388260915,134.20705412,17.8953488373,3.68773057677,0.268662732713,106.666666667,0.130757014293,1.428,
66.3713934929,137.571902336,18.0833333334,3.67626109509,0.267806682181,109.866666667,0.133933298041,1.436,
66.466045273,142.090397691,18.0833333334,3.67626109509,0.267806682181,109.866666667,0.133933298041,1.436,
69.1012771838,1.17116655028,18.1832358674,3.61257431094,0.265235620767,109.866666667,0.133933298041,1.43426294821,
70.6192965262,148.826754165,18.1832358674,3.61257431094,0.265235620767,109.866666667,0.133933298041,1.43426294821,
71.7156125608,152.626371383,18.4716242662,3.52777876515,0.26091167195,116.4,0.138697723663,1.44268774704,
71.9309236057,157.72422935,18.4716242662,3.52777876515,0.26091167195,116.4,0.138697723663,1.44268774704,
72.5212920532,161.826978701,18.5009784736,3.51626204102,0.260017713619,120.266666667,0.140815246162,1.45059288538,
75.7154196335,167.289926553,18.6043307086,3.39822763777,0.254865753831,128.785714286,0.140815246162,1.44705882353,
80.3139310082,1.48329137184,18.6043307086,3.39822763777,0.254865753831,128.785714286,0.140815246162,1.44705882353,
82.053804279,171.989910128,18.6739130435,3.3414200779,0.252284936285,128.785714286,0.140360169492,1.4453125,
85.91381138,1.56261601695,18.6482213439,3.33034921069,0.25138412432,125.285714286,0.142478813559,1.453125,
86.0472775564,172.024272931,18.6482213439,3.33034921069,0.25138412432,125.285714286,0.142478813559,1.453125,
87.2002422285,169.644031771,18.6831683169,3.27513156119,0.248805497176,134.846153846,0.142478813559,1.4513618677,
88.8261823167,168.452829125,18.6019801981,3.26433679665,0.247890122159,131.076923077,0.14406779661,1.45914396887,
88.3861467139,165.518485223,18.636904762,3.21064552662,0.245313780108,131.076923077,0.14406779661,1.45736434109,
89.4185562791,1.74630029244,18.636904762,3.21064552662,0.245313780108,131.076923077,0.14406779661,1.45736434109,
88.7755716829,162.700044853,18.636904762,3.21064552662,0.245313780108,131.076923077,0.14406779661,1.45736434109,
95.4372230978,1.75548302944,18.4171656686,3.08717832077,0.23829007808,123.384615385,0.145811240721,1.46538461538,
98.2739684466,161.186047823,18.4171656686,3.08717832077,0.23829007808,123.384615385,0.145811240721,1.46538461538,
106.258725793,1.80775248977,18.4171656686,3.0375874687,0.235719170833,133.583333333,0.145811240721,1.46360153257,
108.599798725,157.823743831,18.4171656686,3.0375874687,0.235719170833,133.583333333,0.145811240721,1.46360153257,
96.1772516191,20.6972389598,18.1756487026,3.02802208384,0.234766572764,129.416666667,0.146871686108,1.47126436782,
112.830139373,152.301491537,18.1756487026,3.02802208384,0.234766572764,129.416666667,0.146871686108,1.47126436782,
115.813279981,1.83775945998,18.21,2.97986108909,0.232198280765,129.416666667,0.146419098143,1.46946564885,
113.078373189,147.816904513,18.21,2.97986108909,0.232198280765,129.416666667,0.146419098143,1.46946564885,
118.355420115,1.82288268003,18.244488978,2.93283815971,0.229630680666,129.416666667,0.145966029724,1.46768060837,
118.037172012,144.82106592,17.9498997996,2.92390623041,0.228661774841,125.166666667,0.147027600849,1.4752851711,
104.665214367,19.0579593541,17.9498997996,2.92390623041,0.228661774841,125.166666667,0.147027600849,1.4752851711,
121.29718417,139.582977559,17.6052104209,2.91538172245,0.227676653018,121.0,0.147558386412,1.47908745247,
106.756256913,18.3232718513,17.6385542169,2.82511251952,0.222551916804,121.0,0.146652497343,1.47547169811,
127.37928072,2.02977875162,17.6385542169,2.82511251952,0.222551916804,121.0,0.146652497343,1.47547169811,
124.665693431,133.739836074,17.6385542169,2.82511251952,0.222551916804,121.0,0.146652497343,1.47547169811,
123.73514882,2.08324516709,16.8212851406,2.76653449163,0.21804499162,113.75,0.145135566188,1.45864661654,
118.212114633,130.126604027,16.8212851406,2.76653449163,0.21804499162,113.75,0.145135566188,1.45864661654,
107.02169668,127.745986729,16.8212851406,2.76653449163,0.21804499162,113.75,0.145135566188,1.45864661654,
0.449767233307,6.77120571895,0.0441767068219,2.67495660502,0.260190154576,0.333333333333,0.0223404255319,0.12734082397,
0.486785494776,0.270377628304,0.0441767068219,2.67495660502,0.260190154576,0.333333333333,0.0223404255319,0.12734082397,
0.524800979792,0.265635684604,0.0441767068219,2.63406333234,0.257551139942,0.333333333333,0.0228845130389,0.12734082397,
0.553889789303,0.276749672346,0.0381526104424,2.64548683042,0.259376491874,0.333333333333,0.0239489089941,0.123595505618,
0.58340929131,1.18674821077,0.0381526104424,2.64548683042,0.259376491874,0.333333333333,0.0239489089941,0.123595505618,
2.47196371348,5.35985679648,0.0381526104424,2.64548683042,0.259376491874,0.333333333333,0.0239489089941,0.123595505618,
9.8546189868,0.150574712644,0.0362173038217,2.56622564488,0.254108839298,0.333333333333,0.0250399573788,0.126865671642,
24.6518343853,0.457734418784,0.0160965794685,2.58860484641,0.255291354059,1.16666666667,0.0378263185935,1.30970149254,
39.0845346001,0.847786743017,0.0160965794685,2.58860484641,0.255291354059,1.16666666667,0.0378263185935,1.30970149254,
65.7278253039,2.9754871476,0.0160965794685,2.55006300836,0.252669053333,1.16666666667,0.0383795309168,1.30970149254,
65.2569002505,2.06565217738,0.0160965794685,2.55006300836,0.252669053333,1.16666666667,0.0383795309168,1.30970149254,
47.7882423453,0.833991589722,0.00402414487299,2.56126131286,0.25152887521,1.0,0.043710021322,1.69776119403,
1.4529974341,0.0345656286752,0.00402414487299,2.56126131286,0.25152887521,1.0,0.043710021322,1.69776119403,
20.4925797979,1.90049501026,0.00604838709065,2.52341956873,0.248909947327,1.0,0.0448239060832,1.69516728625,
38.3136417556,1.48741418764,0.00604838709065,2.52341956873,0.248909947327,1.0,0.0448239060832,1.69516728625,
61.9742104673,4.48633483353,0.0201612903178,2.53452721657,0.247274868318,1.25,0.0501600853789,1.73605947955,
68.0843727073,1.44264609489,0.0222222222193,2.49736443672,0.244670292588,1.25,0.0507207688201,1.73605947955,
90.5452965997,0.1464039805,0.0222222222193,2.49736443672,0.244670292588,1.25,0.0507207688201,1.73605947955,
109.231851294,1.50642596389,0.0606060606036,2.50843941008,0.243121997697,3.33333333333,0.0555258942872,1.65799256506,
134.111722106,0.707959365558,0.0606060606036,2.43627625978,0.237941995066,3.33333333333,0.0566541956173,1.65799256506,
129.982317764,3.45986425521,0.0606060606036,2.43627625978,0.237941995066,3.33333333333,0.0566541956173,1.65799256506,
135.54380123,4.10567048668,0.0606060606036,2.43627625978,0.237941995066,3.33333333333,0.0566541956173,1.65799256506,
153.719048227,1.60069050886,0.262626262623,2.45783331045,0.235297140869,8.75,0.0571886691609,1.54275092937,
141.182330346,5.26416773811,0.265182186234,2.42277373057,0.232728793432,8.75,0.0577540106952,1.54074074074,
142.195503915,6.59860857552,0.265182186234,2.42277373057,0.232728793432,8.75,0.0577540106952,1.54074074074,
165.937662483,1.54790055806,0.265182186234,2.42277373057,0.232728793432,8.75,0.0577540106952,1.54074074074,
143.737717309,8.15469395788,0.433198380569,2.43326628249,0.231568897428,11.5833333333,0.0545454545455,1.5,
147.704272192,9.68917727718,0.433198380569,2.39862228561,0.229008775625,11.5833333333,0.0551096843232,1.5,
150.122241302,2.38598245052,0.433198380569,2.39862228561,0.229008775625,11.5833333333,0.0551096843232,1.5,
152.874508777,11.1599513973,0.433198380569,2.36484974424,0.22645927544,11.5833333333,0.0556745182013,1.5,
154.297140953,2.25212881844,0.647773279354,2.37492007672,0.225378839966,14.5,0.051391862955,1.47037037037,
195.354079505,0.787413528055,0.647773279354,2.37492007672,0.225378839966,14.5,0.051391862955,1.47037037037,
154.169432195,2.11833548379,0.647773279354,2.37492007672,0.225378839966,14.5,0.051391862955,1.47037037037,
189.864085526,1.00776046269,0.651115618666,2.30906668756,0.220306356007,14.5,0.0525187566988,1.47037037037,
149.889198783,15.3261380534,0.912778904667,2.31873155186,0.219281256725,17.4166666667,0.0471596998928,1.44814814815,
144.866585067,16.6786206897,0.912778904667,2.31873155186,0.219281256725,17.4166666667,0.0471596998928,1.44814814815,
168.166599258,1.45051686273,0.912778904667,2.31873155186,0.219281256725,17.4166666667,0.0471596998928,1.44814814815,
132.649272116,18.0530367432,0.912778904667,2.28670840232,0.216762847794,17.4166666667,0.0482832618026,1.44649446494,
121.298766239,1.72877719648,1.5659229209,2.30502379967,0.214865255316,23.3333333333,0.0359442060086,1.40221402214,
139.391929084,1.92260890653,1.5659229209,2.30502379967,0.214865255316,23.3333333333,0.0359442060086,1.40221402214,
117.212564204,20.823168159,1.5659229209,2.30502379967,0.214865255316,23.3333333333,0.0359442060086,1.40221402214,
134.152890224,1.40850781223,1.57637474544,2.27352157425,0.212356415891,23.3333333333,0.0365002683843,1.40221402214,
116.762438545,22.202026333,1.96537678209,2.28207953264,0.211475818644,26.25,0.0295222758991,1.38745387454,
114.561081002,1.51223764819,1.96537678209,2.28207953264,0.211475818644,26.25,0.0295222758991,1.38745387454,
115.885268293,23.4803412463,1.96537678209,2.25092634892,0.208974433751,26.25,0.0300751879699,1.38745387454,
113.733560839,1.45914695158,1.96537678209,2.25092634892,0.208974433751,26.25,0.0300751879699,1.38745387454,
126.535091649,2.83568365125,1.96537678209,2.25092634892,0.208974433751,26.25,0.0300751879699,1.38745387454,
113.954752612,1.37049959092,2.39511201631,2.25902238465,0.208126761933,29.25,0.0225563909774,1.37269372694,
115.139674545,26.1343646713,2.40204081631,2.19862501868,0.203167657366,29.25,0.0236559139785,1.37269372694,
114.881955178,27.4860018298,2.40204081631,2.19862501868,0.203167657366,29.25,0.0236559139785,1.37269372694,
123.418780919,3.53048672731,2.86734693876,2.20617247048,0.202358317037,32.25,0.0166666666667,1.35793357934,
114.342110321,30.2782997355,2.86734693876,2.17673626537,0.199895658223,32.25,0.0172135556751,1.35793357934,
112.886232272,1.13626361121,2.86734693876,2.17673626537,0.199895658223,32.25,0.0172135556751,1.35793357934,
122.578699934,4.00015385604,2.86734693876,2.17673626537,0.199895658223,32.25,0.0172135556751,1.35793357934,
110.889931827,1.07957419834,3.89795918365,2.19040920085,0.198361447646,38.3333333333,0.00161377084454,1.33579335793,
117.70095079,4.23659618784,3.90797546011,2.16138420151,0.195911992133,38.3333333333,0.00161377084454,1.33703703704,
106.992257365,1.02820914622,3.90797546011,2.16138420151,0.195911992133,38.3333333333,0.00161377084454,1.33703703704,
105.524933452,34.3788715812,3.90797546011,2.16138420151,0.195911992133,38.3333333333,0.00161377084454,1.33703703704,
103.034100663,0.979809141477,3.91803278688,2.13288255538,0.193477122976,38.3333333333,0.0021528525296,1.33703703704,
104.250350631,35.967187784,4.48155737704,2.13891716349,0.192757405013,41.3333333333,0.005382131324,1.32592592593,
109.951601635,4.95178216575,4.48155737704,2.13891716349,0.192757405013,41.3333333333,0.005382131324,1.32592592593,
102.823708682,0.909386367153,4.48155737704,2.13891716349,0.192757405013,41.3333333333,0.005382131324,1.32592592593,
112.964619997,5.19487541271,4.48155737704,2.08339483395,0.187933869725,41.3333333333,0.00431034482759,1.32713754647,
108.279628618,40.7824048538,5.07172131147,2.08884656589,0.187232395095,44.4166666667,0.0118534482759,1.31970260223,
109.738336547,0.853693564196,5.07172131147,2.08884656589,0.187232395095,44.4166666667,0.0118534482759,1.31970260223,
120.049066021,5.68401593663,5.07172131147,2.08884656589,0.187232395095,44.4166666667,0.0118534482759,1.31970260223,
113.585449685,44.295718939,5.70020533882,2.06673588824,0.184161801948,47.5,0.0199353448276,1.31226765799,
111.850377994,0.794331918295,5.70020533882,2.06673588824,0.184161801948,47.5,0.0199353448276,1.31226765799,
122.706950261,6.18164245386,5.70020533882,2.06673588824,0.184161801948,47.5,0.0199353448276,1.31226765799,
113.898506319,47.7737390814,5.70020533882,2.06673588824,0.184161801948,47.5,0.0199353448276,1.31226765799,
122.093822772,1.27118438584,6.97745901638,2.04835427048,0.180486463992,53.75,0.0345013477089,1.29850746269,
114.433134501,49.3991157934,6.97745901638,2.04835427048,0.180486463992,53.75,0.0345013477089,1.29850746269,
115.254700523,51.0423676893,6.97745901638,2.04835427048,0.180486463992,53.75,0.0345013477089,1.29850746269,
120.472351631,52.9364597658,7.66529774128,2.02551197903,0.177500904917,56.9166666667,0.0415094339623,1.2947761194,
125.999947681,0.639502906384,7.66529774128,2.02551197903,0.177500904917,56.9166666667,0.0415094339623,1.2947761194,
142.407476054,7.44795290813,7.66529774128,2.02551197903,0.177500904917,56.9166666667,0.0415094339623,1.2947761194,
131.875914026,56.3634934248,7.66529774128,2.02551197903,0.177500904917,56.9166666667,0.0415094339623,1.2947761194,
145.404347321,1.24877464367,8.36831275723,1.97704006019,0.172256357902,60.0833333333,0.0516129032258,1.33191489362,
134.830539193,58.0397976713,8.36831275723,1.97704006019,0.172256357902,60.0833333333,0.0516129032258,1.33191489362,
137.134331797,59.7272423185,8.36831275723,1.97704006019,0.172256357902,60.0833333333,0.0516129032258,1.33191489362,
135.709932393,1.3329268967,8.36831275723,1.97704006019,0.172256357902,60.0833333333,0.0516129032258,1.33191489362,
117.314054481,75.9122567632,9.0431211499,1.95406144734,0.16985100191,75.8,0.0626338329764,1.41052631579,
68.9180959048,98.1770216593,9.0431211499,1.95406144734,0.16985100191,75.8,0.0626338329764,1.41052631579,
55.5315544556,1.37027994141,9.0431211499,1.95406144734,0.16985100191,75.8,0.0626338329764,1.41052631579,
50.8232851829,96.6712919692,9.0431211499,1.95406144734,0.16985100191,75.8,0.0626338329764,1.41052631579,
49.0459988718,1.38208272644,10.4262295082,1.93200618737,0.16712900064,92.7777777778,0.0784837159637,1.46153846154,
48.3458274981,85.5117330196,10.4262295082,1.93200618737,0.16712900064,92.7777777778,0.0784837159637,1.46153846154,
54.0576734545,0.737698793108,10.4262295082,1.93200618737,0.16712900064,92.7777777778,0.0784837159637,1.46153846154,
61.5800653261,17.6972792402,10.4262295082,1.93200618737,0.16712900064,92.7777777778,0.0784837159637,1.46153846154,
70.9113619986,83.1770707939,11.0795918367,1.90814103419,0.165142088194,97.1111111111,0.0863539445629,1.49685534591,
73.9199195799,18.8829299963,11.0795918367,1.90814103419,0.165142088194,97.1111111111,0.0863539445629,1.49685534591,
89.2952179816,94.3674433054,11.0795918367,1.90814103419,0.165142088194,97.1111111111,0.0863539445629,1.49685534591,
87.1376119978,20.3688752223,11.775510204,1.90816326531,0.164537296733,101.555555556,0.092750533049,1.50314465409,
95.8079317976,1.0315131376,11.775510204,1.90816326531,0.164537296733,101.555555556,0.092750533049,1.50314465409,
87.3726390729,21.3632253111,11.6720647773,1.86040714583,0.161941579136,114.125,0.0937167199148,1.53691275168,
92.6460551033,112.952705997,12.3582995951,1.8599479588,0.161334364216,119.125,0.0995740149095,1.54362416107,
84.4913762033,1.43573662514,12.3582995951,1.8599479588,0.161334364216,119.125,0.0995740149095,1.54362416107,
91.1531587057,113.290763656,12.3582995951,1.8599479588,0.161334364216,119.125,0.0995740149095,1.54362416107,
87.9523225626,23.5361269241,12.3582995951,1.8599479588,0.161334364216,119.125,0.0995740149095,1.54362416107,
100.977599164,1.01381631865,13.6391129032,1.83421532055,0.15886357557,129.25,0.110756123536,1.56462585034,
116.316522763,116.145756334,13.6391129032,1.83421532055,0.15886357557,129.25,0.110756123536,1.56462585034,
112.389170737,24.9058729506,13.6391129032,1.83421532055,0.15886357557,129.25,0.110756123536,1.56462585034,
134.602133454,123.23744949,14.2842741935,1.83226338163,0.158234405434,134.25,0.115548455804,1.57823129252,
154.910728269,129.579389744,14.2228915663,1.80929332043,0.157022585028,134.25,0.115077250932,1.59027777778,
145.273782896,26.9371166111,14.2228915663,1.80929332043,0.157022585028,134.25,0.115077250932,1.59027777778,
171.800902435,1.21121319678,14.8473895583,1.80686242874,0.156390309627,139.5,0.119872136388,1.59722222222,
173.255399883,137.817682354,14.784,1.78445976227,0.155194712424,139.5,0.119402985075,1.60563380282,
149.087004673,28.5402018681,14.784,1.78445976227,0.155194712424,139.5,0.119402985075,1.60563380282,
173.199941623,142.589337176,15.386,1.78157877889,0.154548052124,144.625,0.124200426439,1.61971830986,
183.005550416,145.349895435,15.386,1.78157877889,0.154548052124,144.625,0.124200426439,1.61971830986,
164.049926375,31.0586596149,15.255952381,1.73775966729,0.152234762641,144.625,0.122797650828,1.64705882353,
207.524292206,153.165273501,16.3750000001,1.73082820475,0.150914016419,155.125,0.130806193273,1.67647058824,
224.997726412,157.224145584,16.3750000001,1.73082820475,0.150914016419,155.125,0.130806193273,1.67647058824,
186.734775442,33.5080820658,16.8928571429,1.72677434939,0.150234882709,160.375,0.134543513081,1.69117647059,
240.087343308,163.777628835,16.7869822485,1.70552070525,0.149118170743,160.375,0.13361838589,1.70149253731,
255.891937467,1.45736073471,16.7869822485,1.70552070525,0.149118170743,160.375,0.13361838589,1.70149253731,
202.794496124,35.1874945133,16.7869822485,1.70552070525,0.149118170743,160.375,0.13361838589,1.70149253731,
263.148049645,167.982120429,17.2702169625,1.70110247379,0.148428450942,165.625,0.137359700695,1.71641791045,
205.625832965,36.6971179675,17.1984282907,1.68015633401,0.147331760476,165.625,0.136436597111,1.72727272727,
270.610123119,173.270788755,17.6444007858,1.67544149882,0.146627719732,171.0,0.139646869984,1.74242424242,
269.44777475,175.223340188,17.6444007858,1.67544149882,0.146627719732,171.0,0.139646869984,1.74242424242,
233.676836582,1.58801647588,17.6444007858,1.67544149882,0.146627719732,171.0,0.139646869984,1.74242424242,
349.63368669,177.993096357,17.5714285715,1.65496295993,0.145550937029,171.0,0.138725227638,1.75384615385,
533.996094656,1.6266567528,18.3522504893,1.6446615091,0.144103022662,181.75,0.144081414033,1.78461538462,
373.668758925,40.5396786566,18.3522504893,1.6446615091,0.144103022662,181.75,0.144081414033,1.78461538462,
850.367668097,183.130441155,18.3522504893,1.6446615091,0.144103022662,181.75,0.144081414033,1.78461538462,
1606.89189189,185.715247786,18.4922480621,1.60009704419,0.141330166271,187.125,0.144390767579,1.83870967742,
534.128090064,43.5062595624,18.4922480621,1.60009704419,0.141330166271,187.125,0.144390767579,1.83870967742,
4719.15079365,189.255957123,18.4922480621,1.60009704419,0.141330166271,187.125,0.144390767579,1.83870967742,
34110.1671514,1.7166275587,18.7027027027,1.5750290966,0.139575582762,192.625,0.145620634068,1.86885245902,
578.614125091,45.790367151,18.7027027027,1.5750290966,0.139575582762,192.625,0.145620634068,1.86885245902,
6835.01149425,190.045791817,18.7027027027,1.5750290966,0.139575582762,192.625,0.145620634068,1.86885245902,
4246.63571429,190.585732253,18.944015444,1.56918970984,0.138806900232,198.0,0.14777001612,1.88524590164,
551.717159879,48.7436922069,18.829174664,1.55015336813,0.137826129102,198.0,0.146853146853,1.9,
6001.31313131,194.964124313,18.829174664,1.55015336813,0.137826129102,198.0,0.146853146853,1.9,
515.437368924,50.4556455897,19.178502879,1.53808309764,0.136249077257,209.0,0.150080688542,1.93333333333,
148446.75,198.231213873,19.178502879,1.53808309764,0.136249077257,209.0,0.150080688542,1.93333333333,
9424.01587302,199.782986586,19.208413002,1.51321694775,0.134483644938,214.5,0.150242326333,1.96610169492,
4567.16923077,201.139009793,19.208413002,1.51321694775,0.134483644938,214.5,0.150242326333,1.96610169492,
1964.42209402,1.84068242619,19.208413002,1.51321694775,0.134483644938,214.5,0.150242326333,1.96610169492,
1940.46921233,55.6423980337,19.0550284629,1.47688080903,0.132627217923,214.5,0.148867313916,2.00884955752,
895.028614458,204.451795459,19.1138519923,1.47076245591,0.131805317436,220.0,0.149946062567,2.02654867257,
639.338709677,205.156875834,19.1138519923,1.47076245591,0.131805317436,220.0,0.149946062567,2.02654867257,
1642.40815115,58.8772807885,19.129032258,1.4646246176,0.130972259929,225.5,0.150485436893,2.04424778761,
558.80075188,208.05718814,19.0529300568,1.4469830338,0.130072871726,225.5,0.149568034557,2.05357142857,
539.976385104,201.22121764,19.0529300568,1.4469830338,0.130072871726,225.5,0.149568034557,2.05357142857,
851.814308044,1.8817754033,18.943289225,1.43487260838,0.128363489073,213.375,0.150647948164,2.08035714286,
468.90615142,195.341881435,18.943289225,1.43487260838,0.128363489073,213.375,0.150647948164,2.08035714286,
445.056137725,190.409811225,18.868173258,1.41752141677,0.127479447782,189.555555556,0.14972972973,2.1,
624.829339108,60.1298644458,18.747645951,1.41160539357,0.126606860393,184.555555556,0.14972972973,2.11818181818,
456.220260936,182.314264441,18.747645951,1.41160539357,0.126606860393,184.555555556,0.14972972973,2.11818181818,
501.859069028,1.91378118877,18.6735459662,1.39467861911,0.125741593419,184.555555556,0.149269875608,2.12844036697,
490.722543353,174.607022404,18.6735459662,1.39467861911,0.125741593419,184.555555556,0.149269875608,2.12844036697,
526.720744681,169.128784295,18.5084427767,1.38893763113,0.124858545345,179.666666667,0.149269875608,2.14678899083,
659.898888889,164.689371389,18.4355140188,1.35573360417,0.123170794959,179.666666667,0.147425474255,2.19047619048,
838.543785311,158.929346584,18.2261682244,1.35018525833,0.122274252943,174.777777778,0.147425474255,2.2,
666.468013468,154.083674959,18.1545623836,1.33394348046,0.121455781255,174.777777778,0.146963123644,2.22330097087,
400.188069977,2.05963655204,18.1545623836,1.33394348046,0.121455781255,174.777777778,0.146963123644,2.22330097087,
505.611584327,149.505665801,18.1545623836,1.33394348046,0.121455781255,174.777777778,0.146963123644,2.22330097087,
0.626020849649,7.03347814301,0.111731843571,1.30079007826,0.169082232909,0.0,0.0227765726681,1.23300970874,
1.6005030392,1.40510435573,0.115027829312,1.28508356985,0.168247532517,0.1,0.0238870792617,1.25490196078,
0.675651844433,6.94410699657,0.115027829312,1.28508356985,0.168247532517,0.1,0.0238870792617,1.25490196078,
2.08977777778,0.00468544353777,0.115027829312,1.28508356985,0.168247532517,0.1,0.0238870792617,1.25490196078,
1.91044106448,1.41535325825,0.111317254181,1.2920956462,0.169904852099,0.1,0.0255157437568,1.25490196078,
0.930722281681,6.75379294234,0.112962962971,1.2765126391,0.169078803876,0.1,0.0266304347826,1.3,
2.77820267686,0.019540641465,0.112962962971,1.2765126391,0.169078803876,0.1,0.0266304347826,1.3,
9.0438268446,5.34919217961,0.112962962971,1.2765126391,0.169078803876,0.1,0.0266304347826,1.3,
62.6903633491,0.448350215625,0.1146025878,1.2460962353,0.167473299887,0.1,0.028307022319,1.37113402062,
480.297994269,2.29185207159,0.0979667282758,1.25989347585,0.168518046803,1.1,0.0424605334785,1.92783505155,
190.137509271,1.93924235172,0.0979667282758,1.25989347585,0.168518046803,1.1,0.0424605334785,1.92783505155,
1422.82323232,3.22173382173,0.0996309963064,1.24491675395,0.167742078293,1.09090909091,0.0430283224401,1.94736842105,
3145.12903226,2.48168905208,0.0830258302607,1.25188703095,0.166627929713,1.0,0.0495642701525,3.06315789474,
2070.37172775,4.14953919773,0.0830258302607,1.25188703095,0.166627929713,1.0,0.0495642701525,3.06315789474,
21.1191709845,0.542766280615,0.0830258302607,1.23702149033,0.165862327042,1.0,0.050136239782,3.08510638298,
227.725456801,4.87536818904,0.0830258302607,1.23702149033,0.165862327042,1.0,0.050136239782,3.08510638298,
304.259398496,0.91470341745,0.0830258302607,1.22243013972,0.165106313994,1.0,0.0512820512821,3.10752688172,
402.887984964,4.30946596697,0.0682656826562,1.22930923867,0.163507274891,1.18181818182,0.0578286961266,3.2688172043,
352.182741117,0.946045314582,0.0682656826562,1.22930923867,0.163507274891,1.18181818182,0.0578286961266,3.2688172043,
354.416422287,0.19435276861,0.0699815837947,1.20052422334,0.162038740635,1.18181818182,0.0595628415301,3.34444444444,
340.073679662,3.8070528088,0.0699815837947,1.20052422334,0.162038740635,1.18181818182,0.0595628415301,3.34444444444,
284.900924703,1.72762223529,0.0386740331531,1.19326702907,0.159787293508,3.16666666667,0.0661563696009,3.15730337079,
280.676453656,3.05177136186,0.0386740331531,1.19326702907,0.159787293508,3.16666666667,0.0661563696009,3.15730337079,
278.792811839,4.14193893948,0.0386740331531,1.19326702907,0.159787293508,3.16666666667,0.0661563696009,3.15730337079,
267.629456987,2.89604098162,0.139963167589,1.19278531358,0.156407806241,8.58333333333,0.0700602079912,2.81818181818,
268.935090288,5.15854090949,0.139963167589,1.19278531358,0.156407806241,8.58333333333,0.0700602079912,2.81818181818,
1784.39272387,1.99887493127,0.139963167589,1.19278531358,0.156407806241,8.58333333333,0.0700602079912,2.81818181818,
252.848425105,2.53151474124,0.142066420668,1.17897207552,0.155706965896,8.58333333333,0.0706462212486,2.83908045977,
229.727858293,7.68629170137,0.291512915133,1.18558213386,0.154520578134,11.5,0.0684556407448,2.72413793103,
211.096561814,9.0532938564,0.291512915133,1.18558213386,0.154520578134,11.5,0.0684556407448,2.72413793103,
194.320475882,2.33155377023,0.291512915133,1.15838901009,0.153152492131,11.5,0.0702139330773,2.76470588235,
183.201131364,10.3700457646,0.291512915133,1.15838901009,0.153152492131,11.5,0.0702139330773,2.76470588235,
1256.64145463,5.30461056172,0.487985212574,1.1513965818,0.151365601294,14.4166666667,0.0680944535969,2.65882352941,
175.624381744,2.08089566995,0.487985212574,1.1513965818,0.151365601294,14.4166666667,0.0680944535969,2.65882352941,
172.529377375,12.802454929,0.487985212574,1.1513965818,0.151365601294,14.4166666667,0.0680944535969,2.65882352941,
1171.06605233,6.85210873895,0.722735674686,1.15761302234,0.150309638956,17.3333333333,0.063152114223,2.58823529412,
166.020612853,1.90235149218,0.722735674686,1.15761302234,0.150309638956,17.3333333333,0.063152114223,2.58823529412,
159.274145817,15.271477953,0.722735674686,1.14442760943,0.149647848615,17.3333333333,0.0637362637363,2.60714285714,
150.287271805,16.5280456108,0.722735674686,1.14442760943,0.149647848615,17.3333333333,0.0637362637363,2.60714285714,
139.666039068,17.748603352,1.31296296295,1.14306031958,0.147013367515,23.25,0.0533553355336,2.48192771084,
128.969934319,1.63456594436,1.31296296295,1.14306031958,0.147013367515,23.25,0.0533553355336,2.48192771084,
413.215691698,10.3198582937,1.31296296295,1.14306031958,0.147013367515,23.25,0.0533553355336,2.48192771084,
125.675195602,20.2285631398,1.66481481481,1.14861541036,0.14608679729,26.1666666667,0.047304730473,2.42168674699,
115.113579996,1.52447483363,1.67472118959,1.12282818932,0.144812221515,24.2307692308,0.0490358126722,2.475,
110.60137777,21.4392268616,1.67472118959,1.12282818932,0.144812221515,24.2307692308,0.0490358126722,2.475,
107.856961336,22.6926151817,1.67472118959,1.11019999014,0.144188546378,24.2307692308,0.0496141124587,2.475,
103.798421987,1.40333975124,2.0594795539,1.11542569799,0.143296417224,27.0,0.042447629548,2.425,
104.200245485,23.8420513661,2.0594795539,1.11542569799,0.143296417224,27.0,0.042447629548,2.425,
250.241391628,14.9958207627,2.06517690876,1.10284724831,0.142678082667,27.0,0.0435982339956,2.44303797468,
97.8618192274,1.29028609513,2.06517690876,1.10284724831,0.142678082667,27.0,0.0435982339956,2.44303797468,
97.0618977625,26.2695769027,2.48417132217,1.10778051848,0.141815670325,29.6923076923,0.0364238410596,2.39240506329,
95.2890812891,27.4476225252,2.4906716418,1.09538966206,0.141202638441,29.6923076923,0.0375690607735,2.39240506329,
91.3256134774,1.18117916684,2.4906716418,1.09538966206,0.141202638441,29.6923076923,0.0375690607735,2.39240506329,
222.868250561,17.5696820664,2.4906716418,1.09538966206,0.141202638441,29.6923076923,0.0375690607735,2.39240506329,
93.0660820545,29.8519354839,3.42537313433,1.10436999626,0.139570047992,35.2307692308,0.0232044198895,2.30379746835,
93.2318431373,31.1562739638,3.43364485983,1.07994927932,0.138364320948,35.2307692308,0.0249031543996,2.33766233766,
93.2733406559,32.368071489,3.94392523367,1.08392988989,0.137587198272,38.0769230769,0.0171555063641,2.2987012987,
93.4021995287,33.6159321216,3.95318352058,1.07189135708,0.136993994114,38.0769230769,0.0182825484765,2.2987012987,
93.5888556587,34.8198042833,3.95318352058,1.07189135708,0.136993994114,38.0769230769,0.0182825484765,2.2987012987,
225.295625998,23.303954926,4.48689138574,1.07554576791,0.136242802601,40.8461538462,0.0105263157895,2.27272727273,
91.2538784535,0.861651375531,4.48689138574,1.07554576791,0.136242802601,40.8461538462,0.0105263157895,2.27272727273,
227.785706976,24.3878780746,4.49718574107,1.06365727886,0.135654747369,40.8461538462,0.0110864745011,2.28947368421,
94.0408163265,38.5559107985,5.05440900561,1.06697342324,0.134918523324,43.6923076923,0.00388026607539,2.25,
91.2620519909,0.800455978199,5.05440900561,1.06697342324,0.134918523324,43.6923076923,0.00388026607539,2.25,
93.7525236593,39.7832003192,5.06578947368,1.05523388815,0.134339721616,43.6923076923,0.00499445061043,2.25,
229.252237758,27.2351687483,5.06578947368,1.05523388815,0.134339721616,43.6923076923,0.00499445061043,2.25,
89.4428112299,0.724439369733,6.24060150375,1.06083458232,0.132926309501,49.3846153846,0.00998890122087,2.19736842105,
229.303095453,28.2018941488,6.24060150375,1.06083458232,0.132926309501,49.3846153846,0.00998890122087,2.19736842105,
91.6470225239,43.7382150847,6.24060150375,1.06083458232,0.132926309501,49.3846153846,0.00998890122087,2.19736842105,
231.01283884,30.4828987718,6.86440677967,1.0399500819,0.131058475042,52.2307692308,0.0111669458403,1.76271186441,
91.0159411404,46.5053897015,6.86440677967,1.0399500819,0.131058475042,52.2307692308,0.0111669458403,1.76271186441,
91.073630925,47.7250519751,6.86440677967,1.0399500819,0.131058475042,52.2307692308,0.0111669458403,1.76271186441,
98.4316487158,40.2183064121,7.5198487713,1.03057662773,0.129086428369,47.9333333333,0.00846023688663,1.46354166667,
456.915267176,34.9734250344,7.5198487713,1.03057662773,0.129086428369,47.9333333333,0.00846023688663,1.46354166667,
125.043723041,10.3790078111,8.156899811,1.03211244008,0.128424894045,50.4666666667,0.0157924421884,1.45833333333,
190.135646688,37.1794102115,8.156899811,1.03211244008,0.128424894045,50.4666666667,0.0157924421884,1.45833333333,
78.665611136,10.2047997026,8.20912547527,1.02104483599,0.12674573909,44.6470588235,0.00852272727273,1.39285714286,
130.116760017,42.3334540844,9.50190114066,1.02301971796,0.1254536744,49.1764705882,0.0221590909091,1.38839285714,
177.305383936,46.8735245071,9.50190114066,1.02301971796,0.1254536744,49.1764705882,0.0221590909091,1.38839285714,
3817.23566879,48.565721095,10.2160611855,1.01255255808,0.122984440789,51.4705882353,0.0250998288648,1.36595744681,
256.858372794,47.5862047124,10.2160611855,1.01255255808,0.122984440789,51.4705882353,0.0250998288648,1.36595744681,
302.989295032,1.26949021418,10.2160611855,1.01255255808,0.122984440789,51.4705882353,0.0250998288648,1.36595744681,
178.841741742,46.195021619,10.2160611855,1.01255255808,0.122984440789,51.4705882353,0.0250998288648,1.36595744681,
571.037372277,10.6844483862,11.027131783,0.991285204583,0.118588551391,50.8333333333,0.028048082427,1.3640167364,
161.426478568,46.9808029453,11.027131783,0.991285204583,0.118588551391,50.8333333333,0.028048082427,1.3640167364,
156.280084078,47.9686642135,11.6821705427,0.991027100887,0.117960181577,53.0,0.034344590727,1.3640167364,
1192.55452524,11.4093280954,11.6821705427,0.991027100887,0.117960181577,53.0,0.034344590727,1.3640167364,
137.362774566,50.6825786964,11.806262231,0.980532817834,0.116073907165,53.0,0.0337915234822,1.3640167364,
116.270286162,52.2512344755,13.1017612525,0.978992358113,0.11481568274,57.4444444444,0.0458190148912,1.36820083682,
786.476095947,12.2031348414,13.1017612525,0.978992358113,0.11481568274,57.4444444444,0.0458190148912,1.36820083682,
101.06161461,54.3532650985,13.7318982388,0.977693539131,0.114188373141,59.6666666667,0.0515463917526,1.37238493724,
444.339381411,12.7479953661,13.8481262327,0.967294633737,0.112315632626,59.6666666667,0.0520892959359,1.37238493724,
90.9564548392,55.9478802253,13.8481262327,0.967294633737,0.112315632626,59.6666666667,0.0520892959359,1.37238493724,
87.1550833702,56.4851075079,14.4635108481,0.965702181361,0.11168217908,61.9444444444,0.0572409845449,1.37656903766,
87.1274900398,57.2622207929,14.5864811132,0.955449613678,0.109812798678,61.9444444444,0.0583190394511,1.37656903766,
87.5461960552,58.4067880989,15.1868787275,0.953521737182,0.109176817218,64.2222222222,0.0634648370497,1.38075313808,
348.510971236,14.1286848546,15.1868787275,0.953521737182,0.109176817218,64.2222222222,0.0634648370497,1.38075313808,
84.5787915036,0.0183797507885,15.1868787275,0.953521737182,0.109176817218,64.2222222222,0.0634648370497,1.38075313808,
278.166883541,14.407942649,15.4817813765,0.933268258054,0.105458985984,60.8947368421,0.0661345496009,1.37916666667,
77.6368788718,61.8439044481,16.6336032389,0.928579879908,0.104166219033,65.2105263158,0.0752565564424,1.3875,
72.0069775982,62.7757390717,16.6336032389,0.928579879908,0.104166219033,65.2105263158,0.0752565564424,1.3875,
177.269956161,15.2360582068,17.1680161943,0.925814180496,0.103510882877,67.4210526316,0.0798175598632,1.39583333333,
66.4512733447,64.8076911803,17.3163265305,0.915868461707,0.101656680347,67.4210526316,0.0813887307911,1.39419087137,
62.9015937392,0.000471840510229,17.3163265305,0.915868461707,0.101656680347,67.4210526316,0.0813887307911,1.39419087137,
131.429630492,15.7787586939,17.3163265305,0.915868461707,0.101656680347,67.4210526316,0.0813887307911,1.39419087137,
60.3789549624,67.1546852489,17.8224489795,0.912852203339,0.100988145119,69.6315789474,0.0853727945361,1.40248962656,
122.786153188,16.3216959161,18.0164948454,0.902996325952,0.0991373618333,69.6315789474,0.0874503123225,1.40082644628,
59.3804645502,69.6679178366,18.4969072166,0.899732131095,0.0984592432911,71.8421052632,0.0908574673481,1.40909090909,
58.2576662684,71.2446349376,18.4969072166,0.899732131095,0.0984592432911,71.8421052632,0.0908574673481,1.40909090909,
55.5636882129,72.6408846384,18.6590436591,0.889994029328,0.0966040882061,71.8421052632,0.0924036281179,1.40740740741,
53.6969595719,0.0878433384599,19.5093555094,0.882887474696,0.0952073854223,76.3157894737,0.0986394557823,1.42798353909,
88.8271711636,17.3834484273,19.5093555094,0.882887474696,0.0952073854223,76.3157894737,0.0986394557823,1.42798353909,
50.5092656737,75.3796279574,19.5093555094,0.882887474696,0.0952073854223,76.3157894737,0.0986394557823,1.42798353909,
83.7304282432,1.2826684891,19.9004237289,0.863699261993,0.0915011327562,80.5,0.101694915254,1.42448979592,
48.1441084118,76.8689089864,20.2711864408,0.859879497232,0.0907838388716,82.8888888889,0.104519774011,1.43265306122,
75.4286632391,18.1752598409,20.2711864408,0.859879497232,0.0907838388716,82.8888888889,0.104519774011,1.43265306122,
47.3220979091,0.180362120508,20.2711864408,0.859879497232,0.0907838388716,82.8888888889,0.104519774011,1.43265306122,
70.780452951,18.4374448218,20.2711864408,0.859879497232,0.0907838388716,82.8888888889,0.104519774011,1.43265306122,
44.2917428397,81.4499907902,20.7820512821,0.846479277212,0.0881866038037,85.2777777778,0.108291032149,1.44308943089,
42.4000729927,83.4334759955,20.7820512821,0.846479277212,0.0881866038037,85.2777777778,0.108291032149,1.44308943089,
61.3227731577,19.2277184786,21.0662393163,0.842377742723,0.0874350839256,87.6666666667,0.110547095319,1.45528455285,
40.8869546832,86.6778359402,21.0662393163,0.842377742723,0.0874350839256,87.6666666667,0.110547095319,1.45528455285,
60.1294496683,1.31640852034,21.2564655172,0.833045587502,0.0855725301597,87.6666666667,0.111549295775,1.45161290323,
39.6393106278,89.0209616973,21.2564655172,0.833045587502,0.0855725301597,87.6666666667,0.111549295775,1.45161290323,
57.0013620136,1.31831172958,21.6853448275,0.824513091247,0.0840225211357,92.5,0.114929577465,1.47177419355,
38.7028399599,91.4652540735,21.6853448275,0.824513091247,0.0840225211357,92.5,0.114929577465,1.47177419355,
38.1660733122,94.202402776,21.8826086958,0.815318001135,0.0821613410347,97.8823529412,0.116422947132,1.46987951807,
54.1867478426,1.32814264963,21.8826086958,0.815318001135,0.0821613410347,97.8823529412,0.116422947132,1.46987951807,
37.7691403955,97.0874546242,22.0217391306,0.810959681997,0.0813594050836,100.470588235,0.117547806524,1.47791164659,
51.7825110313,20.7939662458,22.0217391306,0.810959681997,0.0813594050836,100.470588235,0.117547806524,1.47791164659,
38.4705834048,0.535655238906,22.0217391306,0.810959681997,0.0813594050836,100.470588235,0.117547806524,1.47791164659,
36.727370895,103.227043634,22.3774834436,0.792812671285,0.0776323386518,100.470588235,0.1200224341,1.47222222222,
50.3148296408,1.34101618145,22.4679911698,0.788441808497,0.0768226049485,103.058823529,0.121144139091,1.48015873016,
36.1363096355,106.556884963,22.4679911698,0.788441808497,0.0768226049485,103.058823529,0.121144139091,1.48015873016,
47.6569740855,21.5453805834,22.6244444444,0.779538239943,0.0749568597406,109.4375,0.122128851541,1.47826086957,
35.6477812751,111.223663466,22.6622222222,0.775175152779,0.0741274421253,112.125,0.12268907563,1.49011857708,
35.4150260656,114.994436107,22.6622222222,0.775175152779,0.0741274421253,112.125,0.12268907563,1.49011857708,
47.8536764573,1.36167936817,22.6622222222,0.775175152779,0.0741274421253,112.125,0.12268907563,1.49011857708,
35.1595103234,116.164308706,22.6622222222,0.775175152779,0.0741274421253,112.125,0.12268907563,1.49011857708,
45.9264406789,23.8566682483,22.7360178972,0.757660089611,0.070563759284,107.3125,0.124790151091,1.5,
34.8795552064,116.243722645,22.7360178972,0.757660089611,0.070563759284,107.3125,0.124790151091,1.5,
35.8750669414,0.967022221308,22.7360178972,0.757660089611,0.070563759284,107.3125,0.124790151091,1.5,
34.3097008267,120.137680286,22.7747747748,0.744683207798,0.0678350161629,111.6,0.125768585802,1.50588235294,
33.9264532831,120.957884387,22.7747747748,0.744683207798,0.0678350161629,111.6,0.125768585802,1.50588235294,
35.0159965619,1.159111891,22.7747747748,0.744683207798,0.0678350161629,111.6,0.125768585802,1.50588235294,
43.8510741216,22.5632980673,22.9365079366,0.727533211774,0.0640933917322,119.642857143,0.127232142857,1.5,
35.6647692099,1.23519483554,22.7573696147,0.723392879175,0.0632208979706,116.5,0.127232142857,1.50387596899,
35.0551606828,127.938200249,22.7573696147,0.723392879175,0.0632208979706,116.5,0.127232142857,1.50387596899,
45.5341391626,21.9409733177,22.7573696147,0.723392879175,0.0632208979706,116.5,0.127232142857,1.50387596899,
35.6178194607,127.916853112,22.6894977169,0.710914051841,0.0604689241918,113.357142857,0.127647714604,1.51162790698,
35.9975062344,130.020226728,22.6894977169,0.710914051841,0.0604689241918,113.357142857,0.127647714604,1.51162790698,
48.3529372869,1.39469494378,22.6894977169,0.710914051841,0.0604689241918,113.357142857,0.127647714604,1.51162790698,
36.3608890008,131.052257103,22.6894977169,0.710914051841,0.0604689241918,113.357142857,0.127647714604,1.51162790698,
