0.0,0.0,0.0,0.0,0.0,-0.0039063,0.0,0.0,0.00295400016926,0.0
0.0,0.0,0.0,0.0,0.0,-0.0039063,0.0,0.0,0.00295400016926,0.0
0.0,0.0,0.0,0.0,0.0,-0.0039063,0.0,0.0,0.00295400016926,0.0
0.0,0.0,0.0,0.0,0.0,-0.0039063,0.0,0.0,0.00295400016926,0.0
0.0,0.0,0.0,0.0,0.0,-0.0039063,0.0,0.0,0.00295400016926,0.0
0.0,0.0,0.0,0.0,0.0,-0.0039063,0.0,0.0,0.00295400016926,0.0
0.0,0.0,0.0,0.0,0.0,-0.0039063,0.0,0.0,0.00295400016926,0.0
0.0,0.0,0.0,0.0,0.0,-0.0039063,0.0,0.0,0.00295400016926,0.0
0.0,0.0,0.0,0.0,0.0,-0.0039063,0.0,0.0,0.00295400016926,0.0
0.0,0.0,0.0,0.0,0.0,-0.0039063,0.0,0.0,0.00295400016926,0.0
0.0,0.0,0.0,0.0,0.0,-0.0039063,0.0,0.0,0.00295400016926,0.0
0.0,0.0,0.0,0.0,0.0,-0.0039063,0.0,0.0,0.00295400016926,0.0
0.0,0.0,0.0,0.0,0.0,-0.0039063,0.0,0.0,0.00295400016926,0.0
0.0,0.0,0.0,0.0,0.0,-0.0039063,0.0,0.0,0.00295400016926,0.0
0.0,0.0,0.0,0.0,0.0,-0.0039063,0.0,0.0,0.00295400016926,0.0
0.0,0.0,0.0,0.0,0.0,-0.0039063,0.0,0.0,0.00295400016926,0.0
0.0,0.0,0.0,0.0,0.0,-0.0039063,0.0,0.0,0.00651623219353,0.0
-0.0139882,0.0,0.0419646,-17.5705374,-55.1296119,2.0000256,-0.0006498,-0.0264062,0.00775171796443,57.8781291937
-0.0419646,0.0,0.0279764,-17.5705374,-55.1296119,2.0000256,-0.0027797,-0.0433124,0.0118958431614,57.850722127
-0.0419646,0.0,0.0279764,-17.5705374,-55.1296119,2.0000256,-0.0046265,-0.051509,0.00874838200583,57.8598978943
-0.0279764,0.0,0.0559528,-17.5705374,-55.1296119,2.0000256,-0.0055841,-0.0570627,0.459091854665,57.8846217044
-0.9931622,0.0279764,5.944985,-17.5705374,-55.1335182,2.0000256,-0.0134349,-0.1176651,1.33853108636,57.9176779919
-3.7488376,-0.1538702,13.778377,-17.5705374,-55.1335182,2.0000256,-0.075943,-0.462346,0.406052907928,57.9028859348
-4.406283,-0.069941,13.3027782,-17.5705374,-55.1335182,2.0000256,-0.1826356,-0.9119848,0.192498721247,57.7863322643
-5.105693,-0.209823,15.5408902,-17.5705374,-55.1335182,2.0000256,-0.301397,-1.4007275,0.43284172913,57.5566402994
-5.3434924,-0.1258938,14.2819522,-17.5744437,-55.1335182,2.0000256,-0.4453296,-1.9495976,0.0667266080064,57.2108788528
-4.9238464,-0.1678584,13.778377,-17.5744437,-55.1335182,2.0000256,-0.6012607,-2.5315809,0.635523120388,56.7390378898
-4.3223538,-0.139882,11.2884774,-17.5744437,-55.1335182,2.0000256,-0.7559568,-3.1075032,0.30855659354,56.1433911629
-3.4410972,-0.1538702,8.8545306,-17.5744437,-55.1335182,2.0000256,-0.8954187,-3.6053716,1.34597438911,55.4436850858
-2.308053,-0.139882,5.735162,-17.5861626,-55.1374245,2.0000256,-0.9981536,-3.9688929,0.264808834922,54.6715638862
-1.1750088,-0.139882,2.937522,-17.5861626,-55.1374245,2.0000256,-1.0522713,-4.1554121,1.11260373611,53.843547069
-0.1818466,-0.1538702,0.3776814,-17.5861626,-55.1374245,2.0000256,-1.0588928,-4.1768004,0.518986723118,53.000134544
0.6434572,-0.1538702,-1.6226312,-17.5861626,-55.1374245,2.0000256,-1.0246738,-4.0529356,0.0433678552562,52.1740376198
1.258938,-0.1538702,-3.0913922,-17.5978815,-55.1413308,2.0000256,-0.9589965,-3.8248463,0.231352943595,51.3957931374
1.6366194,-0.1538702,-4.0286016,-17.5978815,-55.1413308,2.0000256,-0.8743401,-3.5308916,0.251888831457,50.6595620723
1.7904896,-0.1538702,-4.4342594,-17.5978815,-55.1413308,2.0000256,-0.78166,-3.2097213,0.042162937447,49.9867697957
1.7625132,-0.1538702,-4.4342594,-17.5978815,-55.1413308,2.0000256,-0.6897361,-2.8900292,0.126297944782,49.3753560241
1.5806666,-0.1538702,-4.056578,-17.6135067,-55.1452371,2.0000256,-0.6060468,-2.5963994,0.120706587784,48.8359959614
1.2869144,-0.1538702,-3.4410972,-17.6135067,-55.1452371,2.0000256,-0.5355834,-2.3449477,0.0224321334884,48.3379409373
0.9232212,-0.1538702,-2.657758,-17.6135067,-55.1452371,2.0000256,-0.4812757,-2.145632,0.16086392837,47.882062892
0.5175634,-0.1538702,-1.7904896,-17.6135067,-55.1452371,2.0000256,-0.4447482,-2.0037894,0.458751428495,47.4645588639
0.1119056,-0.1538702,-0.909233,-17.6291319,-55.1491434,2.0000256,-0.4265747,-1.9205884,0.25284177532,47.0753890407
-0.2377994,-0.1538702,-0.1119056,-17.6291319,-55.1491434,2.0000256,-0.4256209,-1.8919991,0.0861499990352,46.6901294724
-0.5175634,-0.1538702,0.5875044,-17.6291319,-55.1491434,2.0000256,-0.4381058,-1.9099142,0.167666963996,46.3073810985
-0.7273864,-0.1538702,1.1470324,-17.6291319,-55.1491434,2.0000256,-0.4609761,-1.9652194,0.0396854608208,45.9197014586
-0.8672684,-0.1538702,1.5526902,-17.6447571,-55.1530497,2.0000256,-0.4910455,-2.047592,0.0765503492731,45.5244492407
-0.9232212,-0.1538702,1.8044778,-17.6447571,-55.1530497,2.0000256,-0.5246584,-2.1463616,0.00714313650437,45.1059447803
-0.909233,-0.1538702,1.9023952,-17.6447571,-55.1530497,2.0000256,-0.5584043,-2.2510041,0.0137981491179,44.6701164858
-0.839292,-0.1538702,1.8604306,-17.6447571,-55.1530497,2.0000256,-0.5897334,-2.3529486,0.00611762502937,44.2132756609
-0.7273864,-0.1538702,1.7205486,-17.656476,-55.156956,2.0000256,-0.616626,-2.4449618,0.0487048768704,43.7427219347
-0.5875044,-0.1538702,1.5107256,-17.656476,-55.156956,2.0000256,-0.6375146,-2.5218529,0.0121020928008,43.2524747781
-0.4336342,-0.1538702,1.258938,-17.656476,-55.156956,2.0000256,-0.6517494,-2.5806674,0.113727342556,42.7498363574
-0.279764,-0.1538702,0.9511976,-17.656476,-55.156956,2.0000256,-0.6592449,-2.6200582,0.00815599998774,42.2348500253
-0.1538702,-0.1538702,0.6854218,-17.6681949,-55.1608623,2.0000256,-0.6602139,-2.639784,0.0758675092126,41.718488285
-0.0559528,-0.1538702,0.4336342,-17.6681949,-55.1608623,2.0000256,-0.6562562,-2.643641,0.0345102001837,41.1923489474
0.0139882,-0.1538702,0.2377994,-17.6681949,-55.1608623,2.0000256,-0.6488215,-2.6333487,0.048529854993,40.6698357149
0.069941,-0.1538702,0.069941,-17.6681949,-55.1608623,2.0000256,-0.6385387,-2.6134063,0.0238976637946,40.1485641127
0.0839292,-0.1538702,-0.0419646,-17.6877264,-55.1686749,2.0000256,-0.6268765,-2.5851989,0.0341022587293,39.6406516158
0.0979174,-0.1538702,-0.0979174,-17.6877264,-55.1686749,2.0000256,-0.614821,-2.5540408,0.0154267392005,39.1279643903
0.069941,-0.1538702,-0.1538702,-17.6877264,-55.1686749,2.0000256,-0.6033469,-2.5213361,0.00983141246617,38.6201908228
0.0139882,-0.1538702,-0.0979174,-17.6877264,-55.1686749,2.0000256,-0.5938203,-2.4912572,0.00685836725759,38.1161363476
-0.0139882,-0.1538702,-0.069941,-17.7072579,-55.1725812,2.0000256,-0.5867561,-2.4662323,0.025988855363,37.6304138321
-0.069941,-0.139882,0.0,-17.7072579,-55.1725812,2.0000256,-0.5819244,-2.4455831,0.0194206950185,37.139909551
-0.1258938,-0.1538702,0.069941,-17.7072579,-55.1725812,2.0000256,-0.579405,-2.431259,0.0504726983891,36.653074346
-0.1958348,-0.1538702,0.1538702,-17.7072579,-55.1725812,2.0000256,-0.5795874,-2.4232277,0.0295241686203,36.1650910032
-0.2238112,-0.1538702,0.2657758,-17.7306957,-55.1803938,2.0000256,-0.5819529,-2.4220345,0.0258869752524,35.6966068209
-0.2377994,-0.1538702,0.3077404,-17.7306957,-55.1803938,2.0000256,-0.5849074,-2.4243563,0.0297731751945,35.2098256887
-0.2657758,-0.1538702,0.4056578,-17.7306957,-55.1803938,2.0000256,-0.5886618,-2.4304781,0.0127735304485,34.7255604525
-0.2937522,-0.1538702,0.4336342,-17.7306957,-55.1803938,2.0000256,-0.5938583,-2.4410744,0.0152112725543,34.2412452431
-0.2657758,-0.1538702,0.4755988,-17.7580398,-55.1882064,2.0000256,-0.5991023,-2.4523737,0.0361341784841,33.7691162583
-0.2517876,-0.1538702,0.5035752,-17.7580398,-55.1882064,2.0000256,-0.6032614,-2.4645261,0.0121153076164,33.279881667
-0.2377994,-0.1538702,0.489587,-17.7580398,-55.1882064,2.0000256,-0.6066966,-2.4758425,0.0105119449104,32.786981449
-0.2377994,-0.1538702,0.4755988,-17.7580398,-55.1882064,2.0000256,-0.6098658,-2.4858479,0.0119329472068,32.2903153175
-0.2377994,-0.1538702,0.4616106,-17.7853839,-55.196019,2.0000256,-0.6125828,-2.4950135,0.01209881842,31.8132336027
-0.2517876,-0.1538702,0.4476224,-17.7853839,-55.196019,2.0000256,-0.6157748,-2.5035597,0.00688806100147,31.3116966267
-0.2377994,-0.1538702,0.4056578,-17.7853839,-55.196019,2.0000256,-0.6191245,-2.5111198,0.0151570709321,30.8150312027
-0.1818466,-0.1538702,0.3916696,-17.7853839,-55.196019,2.0000256,-0.620806,-2.5157349,0.00411545797694,30.3134943262
-0.1678584,-0.1538702,0.349705,-17.8166343,-55.2038316,2.0000256,-0.620806,-2.5174297,0.0102828334519,29.8327151372
-0.1678584,-0.1538702,0.3217286,-17.8166343,-55.2038316,2.0000256,-0.6204336,-2.5173936,0.00922091070123,29.3311774044
-0.1538702,-0.1538702,0.3077404,-17.8166343,-55.2038316,2.0000256,-0.6200251,-2.5163106,0.0107603249877,28.829589384
-0.1258938,-0.1538702,0.3077404,-17.8166343,-55.2038316,2.0000256,-0.6188794,-2.5140458,0.00558863448796,28.3280518277
-0.1258938,-0.1538702,0.279764,-17.851791,-55.2116442,2.0000256,-0.6169015,-2.5105213,0.0115666588382,27.8460559196
-0.139882,-0.1538702,0.279764,-17.851791,-55.2116442,2.0000256,-0.6154765,-2.5069398,0.0203241576662,27.348179547
-0.139882,-0.1538702,0.2937522,-17.851791,-55.2116442,2.0000256,-0.6144505,-2.5042266,0.00867111609195,26.8478552534
-0.1258938,-0.1538702,0.279764,-17.851791,-55.2116442,2.0000256,-0.6127367,-2.5007078,0.0159941122129,26.3499787175
-0.1538702,-0.1538702,0.2937522,-17.8947603,-55.2233631,2.0000256,-0.6112319,-2.4975481,0.0114162291725,25.8778863271
-0.1678584,-0.1538702,0.3077404,-17.8947603,-55.2233631,2.0000256,-0.6111502,-2.4963625,0.0166571552361,25.3812788637
-0.1538702,-0.1538702,0.3077404,-17.8947603,-55.2233631,2.0000256,-0.6108652,-2.4955246,0.0113761580879,24.8796895999
-0.1538702,-0.1538702,0.3217286,-17.8947603,-55.2233631,2.0000256,-0.6100691,-2.4941091,0.021708376246,24.3830826708
-0.2238112,-0.1538702,0.3077404,-17.9494485,-55.235082,2.0000256,-0.6107607,-2.4944397,0.0286306236928,23.914746976
-0.2657758,-0.1538702,0.349705,-17.9494485,-55.235082,2.0000256,-0.6144448,-2.498424,0.0133986211709,23.4181486066
-0.2238112,-0.1538702,0.3357168,-17.9494485,-55.235082,2.0000256,-0.6176254,-2.5026059,0.0129563671112,22.9202690926
-0.209823,-0.1538702,0.349705,-17.9494485,-55.235082,2.0000256,-0.6191948,-2.5047548,0.0298822970342,22.4224423808
-0.279764,-0.1538702,0.279764,-18.0119493,-55.2507072,2.0000256,-0.6221512,-2.5075364,0.0164041447275,21.9591791971
-0.2937522,-0.1538702,0.3077404,-18.0119493,-55.2507072,2.0000256,-0.6273268,-2.5110115,0.0332268861141,21.4613558239
-0.2238112,-0.1538702,0.279764,-18.0119493,-55.2507072,2.0000256,-0.6309862,-2.5139679,0.00712935537619,20.9635329986
-0.2238112,-0.1538702,0.2937522,-18.0119493,-55.2507072,2.0000256,-0.6328482,-2.5140116,0.0200500472199,20.4644719137
-0.2377994,-0.1538702,0.3077404,-18.0822627,-55.2663324,2.0000256,-0.6351016,-2.5157824,0.0160169208389,20.0038609916
-0.1958348,-0.1538702,0.3077404,-18.0822627,-55.2663324,2.0000256,-0.6370605,-2.5172796,0.0173268260983,19.504741093
-0.1538702,-0.1538702,0.3077404,-18.0822627,-55.2663324,2.0000256,-0.6371023,-2.5167552,0.0178038275896,19.009377522
-0.1818466,-0.1538702,0.3217286,-18.0822627,-55.2663324,2.0000256,-0.6367736,-2.515961,0.0214854001303,18.510314058
-0.209823,-0.1538702,0.3357168,-18.1721076,-55.2858639,2.0000256,-0.6375925,-2.5168521,0.0143678327412,18.0586677347
-0.2238112,-0.1538702,0.3357168,-18.1721076,-55.2858639,2.0000256,-0.639502,-2.5190846,0.0112647323856,17.5596079981
-0.1958348,-0.1538702,0.349705,-18.1721076,-55.2858639,2.0000256,-0.6407446,-2.5209694,0.010000761595,17.0642440067
-0.1818466,-0.1538702,0.349705,-18.1721076,-55.2858639,2.0000256,-0.64087,-2.5218339,0.00435558138484,16.5651859588
-0.2517876,-0.1538702,0.2657758,-18.2892966,-55.3053954,2.0000256,-0.6420898,-2.5223374,0.0266946709483,16.1216602479
-0.3077404,-0.1538702,0.2937522,-18.2892966,-55.3053954,2.0000256,-0.6470032,-2.5247428,0.0126753753491,15.6226260246
-0.2377994,-0.1538702,0.2937522,-18.2892966,-55.3053954,2.0000256,-0.6512421,-2.5281514,0.0101657674201,15.1259885596
-0.2238112,-0.1538702,0.279764,-18.2892966,-55.3053954,2.0000256,-0.6532314,-2.5281742,0.0217314241199,14.6256660895
-0.3357168,-0.1538702,0.2377994,-18.4416423,-55.3249269,2.0000256,-0.6572404,-2.5299507,0.0266757645709,14.1984999269
-0.3636932,-0.1538702,0.2517876,-18.4416423,-55.3249269,2.0000256,-0.6649601,-2.5337526,0.0164769262983,13.6982852095
-0.2937522,-0.1538702,0.279764,-18.4416423,-55.3249269,2.0000256,-0.671118,-2.5379459,0.0136261629478,13.2003523902
-0.2657758,-0.1538702,0.2517876,-18.4416423,-55.3249269,2.0000256,-0.6749446,-2.5388617,0.0241578352391,12.7060938921
-0.4056578,-0.1538702,0.2517876,-18.6525825,-55.3483647,2.0000256,-0.6806617,-2.5419264,0.0714395213943,12.3021003631
-0.5035752,-0.1538702,0.2517876,-18.6525825,-55.3483647,2.0000256,-0.6926887,-2.550503,0.0112828423121,11.8028717136
-0.3916696,-0.1538702,0.279764,-18.6525825,-55.3483647,2.0000256,-0.7038911,-2.5596819,0.0316849567555,11.3059106329
-0.3357168,-0.1538702,0.2657758,-18.6525825,-55.3483647,2.0000256,-0.7106532,-2.5642267,0.0150107390598,10.8089523301
-0.5315516,-0.1538702,0.1958348,-18.9611802,-55.3678962,2.0000256,-0.7194255,-2.5697899,0.0906186952722,10.4422902977
-0.6714336,-0.1538702,0.2238112,-18.9611802,-55.3678962,2.0000256,-0.7377719,-2.5828771,0.0217803484095,9.94257256755
-0.5175634,-0.1538702,0.2238112,-18.9611802,-55.3678962,2.0000256,-0.7546002,-2.5964602,0.0558366436978,9.44498589349
-0.4336342,-0.1538702,0.2377994,-18.9611802,-55.3678962,2.0000256,-0.7650084,-2.6031026,0.0138252539159,8.94591655346
-0.769351,-0.1538702,-0.0559528,-19.4689992,-55.3561773,2.0000256,-0.7791311,-2.6085708,0.25068746832,8.64230804289
-1.1330442,-0.1538702,0.0139882,-19.4689992,-55.3561773,2.0000256,-0.8127858,-2.6259444,0.0601039412012,8.14418584154
-0.8812566,-0.1538702,0.0139882,-19.4689992,-55.3561773,2.0000256,-0.8468034,-2.6489192,0.10496993104,7.64445444228
-0.7273864,-0.1538702,0.0559528,-19.4689992,-55.3561773,2.0000256,-0.8696813,-2.6592875,0.100136093953,7.14314673929
-1.468761,-0.139882,-0.8532802,-20.4963561,-55.1686749,2.0000256,-0.8997583,-2.6630856,0.196766757215,6.99383716365
-2.447935,-0.1538702,-0.559528,-20.4963561,-55.1686749,2.0000256,-0.9772365,-2.6925318,0.098835913645,6.50027452137
-1.9443598,-0.1538702,-0.6014926,-20.4963561,-55.1686749,2.0000256,-1.0616877,-2.7436152,0.0570139191079,6.00577713762
-1.5526902,-0.1538702,-0.419646,-20.4963561,-55.1686749,2.0000256,-1.1207967,-2.7657654,1.78429434366,5.5045117456
-3.4131208,-0.1119056,-7.69351,-23.4456126,-52.8248949,2.0000256,-1.1956909,-2.6775978,0.783845340654,6.06596572088
-7.1479702,-0.2517876,-5.7211738,-23.4456126,-52.8248949,2.0000256,-1.420706,-2.5734531,0.634539695096,5.66409054883
-6.2527254,-0.1119056,-6.3786192,-23.4456126,-52.8248949,2.0000256,-1.7042962,-2.6202482,0.217796808459,5.22182314183
-4.7979526,-0.1538702,-5.0917048,-23.4456126,-52.8248949,2.0000256,-1.9132962,-2.5630164,0.764553811871,4.73327033494
-2.5318642,-0.1258938,-7.273864,-23.2307661,-47.5670151,2.0000256,-2.0586652,-2.4897923,1.73106444754,5.89048021319
0.9232212,-0.139882,-13.6105186,-23.2307661,-47.5670151,2.0000256,-2.0617546,-2.0249573,0.0318566847993,5.60249221274
1.8044778,-0.1538702,-15.1212442,-23.2307661,-47.5670151,2.0000256,-1.9702221,-1.3157671,0.135245478139,5.23841384154
2.2660884,-0.1538702,-14.0861174,-23.2307661,-47.5670151,2.0000256,-1.8598606,-0.5755917,0.956987629599,4.77906710401
6.29469,-0.1678584,-13.3867074,-18.3361722,-45.4263627,2.0000256,-1.6703869,0.1621992,0.834863314764,6.56987635871
12.8551558,-0.1678584,-10.5890674,-18.3361722,-45.4263627,2.0000256,-1.2210369,1.1136964,2.65957519979,6.29298746813
16.4920878,-0.1258938,-7.2318994,-18.3361722,-45.4263627,2.0000256,-0.5451005,2.1149204,0.672401104774,5.89484355836
17.7370376,-0.1818466,-4.3783066,-18.3361722,-45.4263627,2.0000256,0.2210137,3.0848058,0.187698594677,5.38255539267
18.744188,0.6154808,11.8619936,-14.3947155,-48.6607791,2.0000256,1.0165304,3.6845921,1.62594019316,7.3640893754
19.793303,-0.7133982,10.8128786,-14.3947155,-48.6607791,2.0000256,1.889132,3.951487,0.0175293520359,7.01496112202
16.226312,0.0279764,13.8762944,-14.3947155,-48.6607791,2.0000256,2.6719491,4.2079699,0.864973612227,6.49403548123
11.2045482,-0.1958348,12.7432502,-14.3947155,-48.6607791,2.0000256,3.2219098,4.1148186,2.474813097,5.81615144914
4.8818818,-0.1119056,15.0792796,-14.5822179,-52.5319224,2.0000256,3.5203067,3.8453378,2.94694114379,7.03985166726
-1.818466,-0.1538702,19.5275272,-14.5822179,-52.5319224,2.0000256,3.5020268,3.0125906,0.36274385013,6.47447866673
-4.5881296,-0.1119056,16.5900052,-14.5822179,-52.5319224,2.0000256,3.2785507,2.0019407,0.577158845419,5.82568300151
-6.8122534,-0.1958348,14.6036808,-14.5822179,-52.5319224,2.0000256,2.9657898,1.0337957,0.16225810791,5.10614974597
-12.4774744,-0.1818466,13.078967,-19.2619653,-55.3678962,2.0000256,2.5061684,0.0302784,2.81810037937,7.66032999539
-18.7162116,-0.1538702,9.5959052,-19.2619653,-55.3678962,2.0000256,1.7453704,-1.1954781,0.0246860857618,7.31345639902
-19.233775,-0.0979174,5.4973626,-19.2619653,-55.3678962,2.0000256,0.8599742,-2.3388981,0.820706018188,6.8555876613
-20.1849726,-0.2238112,2.3360294,-19.2619653,-55.3678962,2.0000256,-0.0065094,-3.3235123,0.915560069115,6.2939173068
-22.5070138,0.5875044,-10.8548432,-23.1917031,-53.2350564,2.0000256,-0.9628193,-4.0553752,1.53573025313,8.22794383323
-22.7448132,-0.629469,-10.7569258,-23.1917031,-53.2350564,2.0000256,-1.9823688,-4.5130567,0.162839238865,7.74429368926
-20.4367602,0.0139882,-13.1908726,-23.1917031,-53.2350564,2.0000256,-2.9229391,-4.9383147,2.1153302378,7.07217464119
-14.267964,-0.209823,-12.239675,-23.1917031,-53.2350564,2.0000256,-3.6301761,-5.0441162,0.3680044776,6.23214143001
-7.7494628,-0.1538702,-13.5965304,-24.023745,-49.5436029,2.0000256,-4.0199478,-4.8979036,2.6576515255,7.28581081264
-1.958348,-0.1119056,-17.2614388,-24.023745,-49.5436029,2.0000256,-4.1306912,-4.305628,0.717204259028,6.5366465303
2.587817,-0.1538702,-17.205486,-24.023745,-49.5436029,2.0000256,-4.0133738,-3.4442383,1.08355046705,5.74139596842
6.084867,-0.1818466,-15.4289846,-24.023745,-49.5436029,2.0000256,-3.726166,-2.4595956,0.493240121133,4.91972703365
13.8063534,-0.0839292,-16.4780996,-19.765878,-45.4146438,2.0000256,-3.2287004,-1.3552605,3.50552010623,7.85895817295
18.8421054,-0.2657758,-15.0652914,-19.765878,-45.4146438,2.0000256,-2.3819331,0.1877751,1.58460152608,7.54958545682
18.114719,0.0279764,-10.0575158,-19.765878,-45.4146438,2.0000256,-1.5148833,1.5013268,0.789945909532,7.11281132376
20.2549136,-0.3357168,-7.3577932,-19.765878,-45.4146438,2.0000256,-0.6578294,2.674592,2.00282884772,6.55704541264
22.4930256,0.419646,3.5250264,-16.0627056,-46.3912188,2.0000256,0.3113625,3.6526189,1.48156052382,8.17698511455
23.0665418,-0.5455398,4.7419998,-16.0627056,-46.3912188,2.0000256,1.3241423,4.3897809,0.317995565063,7.65540524813
24.2415506,0.0279764,8.2810144,-16.0627056,-46.3912188,2.0000256,2.3516471,5.0928341,1.25137278679,6.97228592015
20.0590788,-0.2238112,8.462861,-16.0627056,-46.3912188,2.0000256,3.3113884,5.6129629,2.37372874834,6.10967548541
12.8831322,0.0,14.0021882,-14.0939304,-50.3092377,2.0000256,3.9441663,5.7363128,0.863708278732,7.55554764715
7.8613684,-0.1678584,16.0444654,-14.0939304,-50.3092377,2.0000256,4.3028141,5.3547339,1.32021381502,6.77693515856
2.168171,-0.1538702,17.625132,-14.0939304,-50.3092377,2.0000256,4.4177166,4.7136378,0.419322103825,5.93814521314
-3.147345,-0.1678584,16.925722,-14.0939304,-50.3092377,2.0000256,4.2761514,3.780012,1.3840613267,5.07116732595
-12.0158638,0.0,18.9679992,-17.539287,-55.1217993,2.0000256,3.8535667,2.6258684,0.406898405264,8.06421268478
-17.4013208,-0.4056578,19.7093738,-17.539287,-55.1217993,2.0000256,3.0393977,0.8974745,2.78294543537,7.77870573097
-16.576017,0.139882,13.7364124,-17.539287,-55.1217993,2.0000256,2.2148927,-0.5807312,0.245218971472,7.34207036718
-19.0099638,-0.4056578,11.3164538,-17.539287,-55.1217993,2.0000256,1.3997015,-1.8923202,2.6144591415,6.79045174968
-21.332005,0.279764,1.748525,-21.1994901,-54.9030465,2.0000256,0.4724217,-3.0352709,0.609530228415,8.38666689902
-22.2132616,-0.4476224,-0.5875044,-21.1994901,-54.9030465,2.0000256,-0.4973459,-3.9480936,0.820900215489,7.88143920494
-23.989763,-0.0139882,-4.9098582,-21.1994901,-54.9030465,2.0000256,-1.5019861,-4.7862976,0.311889892253,7.23493372553
-24.7731022,-0.209823,-6.5464776,-21.1994901,-54.9030465,2.0000256,-2.5695581,-5.5361269,3.10374122063,6.43037019354
-20.6046186,0.5035752,-17.5831674,-23.9885883,-51.3873765,2.0000256,-3.5431029,-5.9591619,1.58554420617,8.04772224847
-14.547728,-0.4476224,-16.78584,-23.9885883,-51.3873765,2.0000256,-4.2652264,-5.8142052,2.12390772476,7.20960553155
-8.2110734,-0.0979174,-18.1007308,-23.9885883,-51.3873765,2.0000256,-4.6595163,-5.4505376,0.886404763048,6.24773822273
-1.9163834,-0.1538702,-16.3102412,-23.9885883,-51.3873765,2.0000256,-4.7519969,-4.747796,2.27935585921,5.21703000513
9.3860822,0.0,-18.5623414,-21.9182493,-46.2466857,2.0000256,-4.482974,-3.785028,1.70277067446,7.65381745535
16.4501232,-0.5455398,-22.4790374,-21.9182493,-46.2466857,2.0000256,-3.7018821,-2.0295496,2.22970828138,7.2497665661
14.5617162,0.1958348,-16.1144064,-21.9182493,-46.2466857,2.0000256,-2.9169161,-0.4698396,0.407550865782,6.7383154158
16.995663,-0.419646,-14.2259994,-21.9182493,-46.2466857,2.0000256,-2.1820664,0.8494881,0.227075789316,6.14383628967
19.4715744,0.1818466,-5.6512328,-17.4924114,-45.6333966,2.0000256,-1.3299335,2.0511659,1.03532664681,8.38897729116
20.1569962,-0.3776814,-2.7137108,-17.4924114,-45.6333966,2.0000256,-0.4410698,3.0202704,0.0147010274825,7.98999838648
21.9894504,-0.0559528,1.8324542,-17.4924114,-45.6333966,2.0000256,0.4793263,3.8917016,0.694732501867,7.4786070142
23.849881,-0.1958348,4.2524128,-17.4924114,-45.6333966,2.0000256,1.4840121,4.6803441,5.27231639797,6.84327905657
25.17876,0.8253038,18.18466,-14.3829966,-48.6920295,2.0000256,2.5774716,5.2414692,1.51772857611,8.63026241739
22.1433206,-0.7413746,15.8486306,-14.3829966,-48.6920295,2.0000256,3.6638764,5.4428217,0.407124484276,7.90105932611
14.5197516,-0.0559528,16.5200642,-14.3829966,-48.6920295,2.0000256,4.4092255,5.4865958,1.64896705944,6.95975616934
7.4277342,-0.1678584,14.1700466,-14.3829966,-48.6920295,2.0000256,4.7686371,5.1051271,0.168322583068,5.87771733212
-1.1050678,-0.0839292,15.2891026,-14.687688,-52.7389563,2.0000256,4.788494,4.5260508,4.12504562724,7.03575381873
-9.4560232,-0.279764,19.2197868,-14.687688,-52.7389563,2.0000256,4.3955892,3.3211297,0.719543200139,6.27997349439
-12.0578284,-0.0139882,15.5828548,-14.687688,-52.7389563,2.0000256,3.7865404,1.9679991,0.796754316155,5.52150496015
-13.9042708,-0.2377994,13.0509906,-14.687688,-52.7389563,2.0000256,3.1327523,0.7370651,0.441399669327,4.76208251675
-16.6039934,-0.1538702,9.6658462,-20.078382,-55.2702387,2.0000256,2.4059225,-0.4190355,1.02162324924,8.22275593282
-18.4504358,-0.1538702,5.6372446,-20.078382,-55.2702387,2.0000256,1.5912918,-1.5073593,0.235678098626,7.98312497823
-19.6254446,-0.1538702,1.8744188,-20.078382,-55.2702387,2.0000256,0.738112,-2.4598084,1.22505682887,7.65167296376
-21.471887,-0.1678584,-1.1750088,-20.078382,-55.2702387,2.0000256,-0.1686953,-3.3304986,1.15655382532,7.21806976523
-23.360294,0.5175634,-13.009026,-23.4065496,-52.8952083,2.0000256,-1.1760449,-4.000241,1.47729254507,9.11291901824
-24.1576214,-0.6154808,-12.58938,-23.4065496,-52.8952083,2.0000256,-2.253438,-4.4352061,0.278808956043,8.63449333118
-24.689173,0.0279764,-14.198023,-23.4065496,-52.8952083,2.0000256,-3.3309356,-4.9418601,1.6139101046,7.92622249654
-18.254601,-0.2517876,-12.3655688,-23.4065496,-52.8952083,2.0000256,-4.2459737,-5.23811,0.743793463042,6.97630184273
-9.0643536,-0.1678584,-12.7152738,-24.0706206,-49.9264203,2.0000256,-4.7274299,-5.1990289,3.27088848896,7.40608725992
-2.5458524,-0.1119056,-14.9533858,-24.0706206,-49.9264203,2.0000256,-4.8404324,-4.6830288,1.13538819924,6.39813066603
2.8116282,-0.1538702,-14.1001056,-24.0706206,-49.9264203,2.0000256,-4.6973909,-3.9240909,0.0981575026905,5.36708419495
7.623569,-0.1958348,-12.5334272,-24.0706206,-49.9264203,2.0000256,-4.3356556,-3.0033281,0.857054082634,4.36349796525
13.5126012,-0.0419646,-13.708436,-19.4494677,-45.3833934,2.0000256,-3.7707856,-1.9625176,3.14983119729,7.84825445067
17.0516158,-0.349705,-13.848318,-19.4494677,-45.3833934,2.0000256,-2.9816206,-0.572983,1.90771141359,7.70550226812
17.6111438,0.0839292,-8.9664362,-19.4494677,-45.3833934,2.0000256,-2.1615236,0.6409099,0.93474314606,7.46863414196
20.0590788,-0.3636932,-7.1060056,-19.4494677,-45.3833934,2.0000256,-1.3050663,1.7863458,2.04997240781,7.14613892676
22.4790374,0.4476224,3.8047904,-15.8634843,-46.5513771,2.0000256,-0.3342841,2.7646121,0.365541965231,9.11837359988
23.8778574,-0.5735162,4.5601532,-15.8634843,-46.5513771,2.0000256,0.7097754,3.5401693,0.437874949794,8.81694571925
26.087993,0.0419646,8.043215,-15.8634843,-46.5513771,2.0000256,1.8142245,4.3451955,0.0535485146382,8.32400908717
27.836518,-0.2517876,8.4208964,-15.8634843,-46.5513771,2.0000256,3.006579,5.1146955,0.850061409522,7.60810567385
27.1231198,0.3636932,15.0513032,-14.1720564,-49.4850084,2.0000256,4.2165218,5.8014315,0.90192847929,8.46913046726
18.0028134,-0.3636932,14.267964,-14.1720564,-49.4850084,2.0000256,5.1692559,6.0234465,3.07835877106,7.39973864097
7.8893448,-0.139882,14.4637988,-14.1720564,-49.4850084,2.0000256,5.5771308,5.7877287,0.644038518301,6.17051369286
1.119056,-0.1678584,12.7012856,-14.1720564,-49.4850084,2.0000256,5.5879798,5.1631227,1.85120823648,4.88495739512
-8.9384598,-0.0279764,15.0233268,-16.8088089,-54.8171079,2.0000256,5.2478323,4.2749031,0.702157951916,7.49868593729
-14.0441528,-0.489587,19.1918104,-16.8088089,-54.8171079,2.0000256,4.5205256,2.7412516,2.39045554158,7.21650098822
-13.4426602,0.1538702,13.4706366,-16.8088089,-54.8171079,2.0000256,3.7983622,1.3790029,0.330606773658,6.91287305834
-16.6039934,-0.4056578,12.2676514,-16.8088089,-54.8171079,2.0000256,3.0662941,0.1553611,2.59983178768,6.60199139261
-19.4575862,0.279764,2.5598406,-21.3908988,-54.8092953,2.0000256,2.2029607,-0.9667409,0.784124924682,9.61003946779
-21.2061112,-0.4616106,0.6574454,-21.3908988,-54.8092953,2.0000256,1.2735719,-1.8806713,0.904200473087,9.59524849514
-24.1716096,-0.0139882,-3.6229438,-21.3908988,-54.8092953,2.0000256,0.2613089,-2.798092,0.411093914248,9.44401649261
-26.9692496,-0.2238112,-5.5113508,-21.3908988,-54.8092953,2.0000256,-0.8900322,-3.6975976,3.42083733982,9.11446692112
-29.3332554,0.6854218,-16.576017,-23.6487402,-52.4264523,2.0000256,-2.1671609,-4.4951473,1.2380229066,10.5363049222
-30.704099,-0.6854218,-15.3730318,-23.6487402,-52.4264523,2.0000256,-3.5245779,-5.0890113,1.01888770481,9.8421970779
-32.7044116,0.0419646,-15.7227368,-23.6487402,-52.4264523,2.0000256,-4.9147851,-5.8450707,0.279574801027,8.81490502901
-26.6754974,-0.3217286,-12.379557,-23.6487402,-52.4264523,2.0000256,-6.2213961,-6.4996036,4.40500027978,7.44374241503
-10.700973,-0.1818466,-11.7780644,-24.0667143,-49.8639195,2.0000256,-6.8545502,-6.6514459,1.70212310272,7.14982564593
1.049115,-0.139882,-13.4846248,-24.0667143,-49.8639195,2.0000256,-6.7576996,-5.9950605,3.06396068806,5.67214264262
6.4625484,-0.1258938,-11.610206,-24.0667143,-49.8639195,2.0000256,-6.3107455,-5.0480682,0.64120322428,4.31742294369
8.2810144,-0.209823,-10.3093034,-24.0667143,-49.8639195,2.0000256,-5.7533615,-4.0624109,0.157814277883,3.20452100895
9.9735866,-0.139882,-10.2393624,-18.047106,-45.4810509,2.0000256,-5.1727082,-3.1413555,0.63119464326,9.22576599756
12.659321,-0.1958348,-8.3649436,-18.047106,-45.4810509,2.0000256,-4.5280496,-2.1441899,0.0253869777918,9.71038375201
15.526902,-0.069941,-5.0217638,-18.047106,-45.4810509,2.0000256,-3.7934944,-1.2234366,0.447053506305,10.1648696494
18.88407,-0.2517876,-3.077404,-18.047106,-45.4810509,2.0000256,-2.9539737,-0.2730889,3.86467863582,10.5471503365
22.7028486,0.2657758,5.1476576,-15.4923858,-46.8990378,2.0000256,-1.9667831,0.6092065,1.36677700588,12.7893198602
26.3537688,-0.489587,5.6512328,-15.4923858,-46.8990378,2.0000256,-0.8176612,1.4558655,1.7664671312,13.0092962831
30.3124294,0.0,8.0711914,-15.4923858,-46.8990378,2.0000256,0.4964738,2.4627876,1.07240007576,12.9702178386
33.9773378,-0.2238112,8.2110734,-15.4923858,-46.8990378,2.0000256,1.9683962,3.554615,0.209206055037,12.6089131676
37.2505766,0.349705,13.218849,-14.5665927,-48.2467113,2.0000256,3.5824386,4.723533,0.768807777423,12.7741182458
39.4187476,-0.4616106,11.3444302,-14.5665927,-48.2467113,2.0000256,5.3193806,5.8976019,0.023010304104,11.66569194
39.6285706,-0.069941,9.6238816,-14.5665927,-48.2467113,2.0000256,7.0834242,7.2339669,1.38001707115,10.1195466634
29.4591492,-0.3357168,6.0708788,-14.5665927,-48.2467113,2.0000256,8.5956019,8.3712765,9.77722625528,8.14607892325
8.5747666,-0.1538702,5.3295042,-14.0978367,-50.0982975,2.0000256,9.0670888,8.6243527,4.99340584115,6.78755904845
-2.5318642,-0.139882,6.4905248,-14.0978367,-50.0982975,2.0000256,8.6600556,7.9538313,0.202650467667,4.6939944683
-1.6226312,-0.139882,5.4134334,-14.0978367,-50.0982975,2.0000256,8.1360679,7.2107907,0.118293451438,2.87611136244
-4.3083656,-0.1818466,4.9937874,-14.0978367,-50.0982975,2.0000256,7.6511404,6.5372008,0.263737106411,1.80299337847
-8.3369672,-0.0979174,6.7003478,-20.9143302,-55.0280481,2.0000256,7.0405963,5.7537187,1.96619746854,10.7652369391
-10.8968078,-0.2657758,7.69351,-20.9143302,-55.0280481,2.0000256,6.3492186,4.7595722,0.961328064914,11.9718058001
-15.1352324,0.0,4.89587,-20.9143302,-55.0280481,2.0000256,5.5669981,3.7835118,1.63316048406,13.0945567865
-20.4087838,-0.3217286,4.546165,-20.9143302,-55.0280481,2.0000256,4.6099168,2.6598366,0.758526082519,14.0830019482
-25.5564414,0.2238112,-1.2729262,-22.5471636,-53.9811597,2.0000256,3.4534115,1.4751467,2.37247129458,16.1602932265
-31.053804,-0.4755988,-1.6366194,-22.5471636,-53.9811597,2.0000256,2.0774125,0.203414,0.441803772858,16.7458351823
-36.858907,0.0,-3.8747314,-22.5471636,-53.9811597,2.0000256,0.4835804,-1.2777937,1.97161596697,16.9902685237
-40.3000042,-0.2238112,-4.3783066,-22.5471636,-53.9811597,2.0000256,-1.3381168,-2.9172296,0.540253669299,16.8243248103
-39.6985116,0.1678584,-7.7914274,-23.2346724,-53.1686493,2.0000256,-3.2525169,-4.5837557,0.0429505635898,16.8199603518
-39.516665,-0.349705,-6.8821944,-23.2346724,-53.1686493,2.0000256,-5.1280012,-6.1085912,0.334712905913,15.750572171
-40.1041694,-0.0979174,-6.154808,-23.2346724,-53.1686493,2.0000256,-6.9345402,-7.6384218,0.412841150591,14.2273613144
-39.9083346,-0.1538702,-4.6580706,-23.2346724,-53.1686493,2.0000256,-8.6273509,-9.0734538,0.237063628115,12.2710941641
-36.1455088,0.279764,-7.203923,-23.7268662,-52.2428562,2.0000256,-10.1297189,-10.3180982,7.05712012673,10.4136089593
-16.0304772,-0.4056578,-4.3083656,-23.7268662,-52.2428562,2.0000256,-10.8598376,-10.7618356,5.66263027308,7.75699712901
1.9723362,-0.1678584,-3.776814,-23.7268662,-52.2428562,2.0000256,-10.4293812,-10.1879558,0.373260532956,5.07682110808
2.0143008,-0.139882,-2.3640058,-23.7268662,-52.2428562,2.0000256,-9.6964562,-9.3361022,0.575875811196,2.56662935414
3.1333568,-0.0559528,-5.6931974,-19.0197747,-45.3716745,2.0000256,-9.0882795,-8.637913,0.151248954057,8.54343889375
8.952448,-0.349705,-13.6664714,-19.0197747,-45.3716745,2.0000256,-8.3617518,-7.5010081,0.662034296148,9.77303643752
12.2816396,0.069941,-10.9947252,-19.0197747,-45.3716745,2.0000256,-7.5014983,-6.1529087,1.7207247708,11.0613973624
16.8417928,-0.3217286,-11.470324,-19.0197747,-45.3716745,2.0000256,-6.5584827,-4.8019802,1.94790496187,12.2968344776
22.940648,0.2238112,-4.4482476,-16.093956,-46.367781,2.0000256,-5.4244069,-3.378466,0.666216847512,15.7216292725
28.7877156,-0.4755988,-3.7208612,-16.093956,-46.367781,2.0000256,-4.0670583,-1.9433675,1.32872352266,16.7158614893
34.9705,-0.0419646,-0.769351,-16.093956,-46.367781,2.0000256,-2.4948653,-0.3060596,0.272327145484,17.3881453571
40.1041694,-0.1818466,0.979174,-16.093956,-46.367781,2.0000256,-0.6967452,1.4296474,1.49773904001,17.6750548551
40.006252,0.1678584,5.9869496,-15.1681629,-47.2740426,2.0000256,1.2349411,3.2076313,0.612822439409,18.3181734983
39.306842,-0.3357168,6.4485602,-15.1681629,-47.2740426,2.0000256,3.1519879,4.8019479,0.354038402666,17.7236764822
40.076193,-0.1258938,6.7283242,-15.1681629,-47.2740426,2.0000256,5.0276603,6.379098,0.12837386902,16.6711378826
39.9782756,-0.1258938,6.014926,-15.1681629,-47.2740426,2.0000256,6.8373077,7.8592265,0.668291143608,15.1679521414
39.7824408,0.2377994,9.0363772,-14.6329998,-48.1099908,2.0000256,8.5185398,9.189388,0.117253011107,13.7571218
39.5726178,-0.3776814,6.7982652,-14.6329998,-48.1099908,2.0000256,10.0496301,10.319907,2.27464707512,11.4253518905
27.486813,-0.2517876,4.5741414,-14.6329998,-48.1099908,2.0000256,11.2160268,11.2399402,4.03086395984,8.74602687024
3.217286,-0.139882,3.1753214,-14.6329998,-48.1099908,2.0000256,11.1828224,11.0192172,4.83908897545,5.91426333444
-3.7908022,-0.1678584,5.5113508,-14.3126832,-51.8326947,2.0000256,10.3844918,10.0759109,1.00370695068,5.3854037459
-1.7625132,-0.1538702,10.4631736,-14.3126832,-51.8326947,2.0000256,9.6836008,9.0344981,1.06631875925,4.09094809135
-7.2318994,-0.0979174,10.910796,-14.3126832,-51.8326947,2.0000256,8.9808649,7.9236308,0.50122932937,3.98990254539
-11.5262768,-0.2238112,11.4143712,-14.3126832,-51.8326947,2.0000256,8.1098042,6.6147797,1.83522927735,4.90323437894
-14.4218342,0.0,6.224749,-21.6174642,-54.6842937,2.0000256,7.1856404,5.3702056,1.09135036298,14.010667458
-19.8072912,-0.3217286,5.0917048,-21.6174642,-54.6842937,2.0000256,6.15011,4.1718338,0.120260416148,15.3785717666
-25.6263824,-0.0839292,2.3919822,-21.6174642,-54.6842937,2.0000256,4.907681,2.8167975,1.01297275914,16.5289475128
-31.4174972,-0.1958348,0.6854218,-21.6174642,-54.6842937,2.0000256,3.4446449,1.3440695,3.45898671466,17.4006588409
-37.698199,0.1119056,-4.2104482,-22.7698227,-53.7545943,2.0000256,1.7672356,-0.244568,0.74418118857,18.881522406
-40.4538744,-0.3217286,-5.2315868,-22.7698227,-53.7545943,2.0000256,-0.1229718,-1.9119662,0.44328410292,19.0235402283
-39.4327358,-0.1119056,-6.2527254,-22.7698227,-53.7545943,2.0000256,-2.058878,-3.6213449,0.311346932269,18.7022225801
-39.7124998,-0.139882,-6.224749,-22.7698227,-53.7545943,2.0000256,-3.9618572,-5.2343917,0.0619214272885,17.9123738965
-40.146134,0.0559528,-8.0711914,-23.3088921,-53.0592729,2.0000256,-5.8264697,-6.788548,0.180206752844,17.1579188366
-39.7544644,-0.279764,-6.6164186,-23.3088921,-53.0592729,2.0000256,-7.5949251,-8.2055015,0.797041462914,15.4683590845
-39.86637,-0.139882,-5.2595632,-23.3088921,-53.0592729,2.0000256,-9.2145744,-9.5738112,0.348635048966,13.3526025177
-36.3553318,-0.1958348,-3.3291916,-23.3088921,-53.0592729,2.0000256,-10.6452079,-10.804521,0.0986747233654,10.8522181498
-15.876607,0.0279764,-5.175634,-23.8401489,-51.9420711,2.0000256,-11.3033546,-11.2908146,6.2452809992,8.6409174918
2.1401946,-0.139882,-3.8747314,-23.8401489,-51.9420711,2.0000256,-10.8069758,-10.5885689,0.506075639247,5.8672547978
1.9163834,-0.1538702,-3.4550854,-23.8401489,-51.9420711,2.0000256,-10.030461,-9.6918791,0.450160668332,3.28271702503
3.0494276,-0.1678584,-2.587817,-23.8401489,-51.9420711,2.0000256,-9.3898817,-8.947214,0.11095401243,1.00020351912
8.4069082,-0.0839292,-5.5673036,-17.7541335,-45.5513643,2.0000256,-8.6488988,-8.1085198,3.27783037575,10.2752182768
11.470324,-0.419646,-12.0578284,-17.7541335,-45.5513643,2.0000256,-7.7996995,-6.8815511,0.470510578567,11.7805025499
15.5688666,0.1258938,-9.0783418,-17.7541335,-45.5513643,2.0000256,-6.8848324,-5.5693047,1.68716229305,13.1944093789
21.6677218,-0.3916696,-9.7637636,-17.7541335,-45.5513643,2.0000256,-5.7933869,-4.131303,0.614011140598,14.4430914132
27.3749074,0.2377994,-3.9027078,-15.9611418,-46.4693448,2.0000256,-4.4810379,-2.5720585,1.55094055858,16.8609927016
33.4737626,-0.4755988,-3.2032978,-15.9611418,-46.4693448,2.0000256,-2.9520623,-0.9659961,0.361551881726,17.6402128575
39.376783,-0.0139882,-0.489587,-15.9611418,-46.4693448,2.0000256,-1.2055443,0.8359924,1.37010182932,18.0377301356
40.286016,-0.1818466,1.0351268,-15.9611418,-46.4693448,2.0000256,0.7167123,2.7024346,0.662091014646,18.0013069739
39.3907712,0.1258938,5.4134334,-15.1681629,-47.2701363,2.0000256,2.6438614,4.4757141,0.731631693653,18.1854917411
39.936311,-0.3217286,5.59528,-15.1681629,-47.2701363,2.0000256,4.540544,6.0728807,0.202149955571,17.2461198475
40.0482166,-0.1258938,5.665221,-15.1681629,-47.2701363,2.0000256,6.377445,7.6394345,0.198504201322,15.8511805994
39.796429,-0.139882,4.8678936,-15.1681629,-47.2701363,2.0000256,8.0956188,9.0670261,0.20164675331,14.0158005895
39.9502992,0.279764,8.3369672,-14.6017494,-48.1724916,2.0000256,9.6646141,10.3183072,0.863419956701,12.3267633834
32.3267302,-0.5455398,5.4693862,-14.6017494,-48.1724916,2.0000256,10.9860204,11.2664072,4.47526754467,9.72974802214
9.0643536,-0.1818466,4.2244364,-14.6017494,-48.1724916,2.0000256,11.2910749,11.358257,0.814590893766,6.91063774784
-3.776814,-0.1119056,3.0913922,-14.6017494,-48.1724916,2.0000256,10.5972842,10.4804057,0.412641424531,4.15922455566
-1.5666784,-0.069941,6.4765366,-16.5822435,-54.6921063,2.0000256,9.8527369,9.5895299,3.63488586989,6.87113617447
-5.7071856,-0.209823,15.6947604,-16.5822435,-54.6921063,2.0000256,9.1797892,8.4377803,0.984727045561,7.29639539774
-11.3024656,0.0139882,13.7923652,-16.5822435,-54.6921063,2.0000256,8.3234478,6.9649155,1.41685120956,8.1742993366
-14.547728,-0.2657758,13.708436,-16.5822435,-54.6921063,2.0000256,7.3677231,5.4859669,1.5010831636,9.2336149017
-19.8072912,0.1818466,5.3434924,-21.8596548,-54.531948,2.0000256,6.3082793,4.0633324,0.549635741853,14.9580087342
-25.9620992,-0.4616106,4.2384246,-21.8596548,-54.531948,2.0000256,5.0451593,2.70237,1.22579036804,16.1200108843
-31.9070842,-0.0559528,0.839292,-21.8596548,-54.531948,2.0000256,3.5500569,1.1263162,0.122516557974,16.9975820793
-38.1458214,-0.1678584,-1.3428672,-21.8596548,-54.531948,2.0000256,1.8385293,-0.5118562,1.01218408276,17.5277409096
-40.56578,0.209823,-7.064041,-22.9768566,-53.51631,2.0000256,-0.0750329,-2.2543671,1.37854458283,18.6031036114
-39.2648774,-0.3357168,-7.8613684,-22.9768566,-53.51631,2.0000256,-2.0274121,-3.8504336,0.341037348801,18.2902251779
-39.7124998,-0.1258938,-8.3369672,-22.9768566,-53.51631,2.0000256,-3.9332394,-5.4170653,0.163580912936,17.515380943
-40.1181576,-0.1258938,-7.7074982,-22.9768566,-53.51631,2.0000256,-5.801346,-6.9052042,0.565412761454,16.2763919804
-39.7684526,0.1678584,-10.1274568,-23.5120197,-52.7077059,2.0000256,-7.569277,-8.2831773,0.104056130343,15.1158799777
-39.726488,-0.3636932,-7.9313094,-23.5120197,-52.7077059,2.0000256,-9.1934825,-9.4796795,0.630730454137,13.0100704033
-37.6142698,-0.1258938,-5.8610558,-23.5120197,-52.7077059,2.0000256,-10.6445771,-10.6545901,0.0291818679169,10.5211257656
-18.2685892,-0.2657758,-3.3991326,-23.5120197,-52.7077059,2.0000256,-11.4238526,-11.231907,8.02702467452,7.72670682196
2.4339468,-0.1538702,-4.4342594,-24.0901521,-50.469396,2.0000256,-10.9601766,-10.6477292,1.15030455967,6.04359275527
2.3500176,-0.1818466,-6.7563006,-24.0901521,-50.469396,2.0000256,-10.1385938,-9.5999647,0.832002124754,3.75132750188
2.8535928,-0.139882,-6.7283242,-24.0901521,-50.469396,2.0000256,-9.4863884,-8.7204452,0.477590073788,2.33658788365
8.8405424,-0.1818466,-6.8402298,-24.0901521,-50.469396,2.0000256,-8.7313835,-7.7268383,0.939046039234,2.84167148967
11.680147,-0.1538702,-8.0012504,-16.8986538,-45.8755872,2.0000256,-7.8597281,-6.6216235,0.118775089177,12.9017182728
15.4149964,-0.1958348,-7.2318994,-16.8986538,-45.8755872,2.0000256,-6.9431624,-5.4200217,2.13688575721,14.3960728355
21.3180168,-0.0839292,-5.3994452,-16.8986538,-45.8755872,2.0000256,-5.8631758,-4.1530371,0.869922651863,15.724115715
27.0391906,-0.2657758,-4.3223538,-16.8986538,-45.8755872,2.0000256,-4.5668533,-2.6976542,2.10600317201,16.8116142481
33.0261402,0.139882,0.2377994,-15.6720756,-46.7232543,2.0000256,-3.0470566,-1.1444574,0.77030439177,18.5832889637
39.027078,-0.4056578,1.2309616,-15.6720756,-46.7232543,2.0000256,-1.3076731,0.5197317,1.23751137881,19.0340162516
40.355957,-0.0279764,3.0494276,-15.6720756,-46.7232543,2.0000256,0.6108918,2.3381381,0.123370260389,19.0475566114
39.3627948,-0.209823,3.5949674,-15.6720756,-46.7232543,2.0000256,2.543872,4.0989612,0.895275216695,18.5926970708
39.9642874,0.0979174,6.2667136,-15.0587865,-47.4185757,2.0000256,4.4435452,5.7629014,0.256517508983,18.2168129971
40.0482166,-0.3077404,5.4693862,-15.0587865,-47.4185757,2.0000256,6.2950211,7.3078123,0.0121256763176,16.8470879952
39.7824408,-0.1119056,4.7979526,-15.0587865,-47.4185757,2.0000256,8.0265519,8.7915565,0.0957340607128,15.0394416895
39.936311,-0.1538702,3.4830618,-15.0587865,-47.4185757,2.0000256,9.604291,10.1444154,1.28616203692,12.8152885742
32.8582818,0.1818466,5.4973626,-14.5470612,-48.2896806,2.0000256,10.9358965,11.2530236,5.17809413217,10.7181319649
10.0295394,-0.3077404,3.1753214,-14.5470612,-48.2896806,2.0000256,11.2833609,11.3586465,8.34890800617,7.90399433078
-3.427109,-0.1678584,2.6997226,-14.5470612,-48.2896806,2.0000256,10.6222198,10.5712029,0.0594182467994,5.14403500107
-1.4267964,-0.1538702,1.5247138,-14.5470612,-48.2896806,2.0000256,9.8781057,9.7253799,0.101405016965,2.58005422562
-4.5321768,-0.069941,5.1336694,-19.0861818,-55.3678962,2.0000256,9.2319537,8.9890995,2.40247863035,8.44738074973
-9.9875748,-0.349705,13.918259,-19.0861818,-55.3678962,2.0000256,8.4320518,7.7616634,0.0649805183716,9.7054269852
-13.0230142,0.0419646,12.099793,-19.0861818,-55.3678962,2.0000256,7.5317197,6.3071944,1.33928386177,11.0103928345
-18.1426954,-0.279764,12.2816396,-19.0861818,-55.3678962,2.0000256,6.5362071,4.8434192,3.74068308646,12.2415819866
-24.2415506,0.1958348,5.5812918,-22.0354383,-54.4108527,2.0000256,5.3323956,3.2839277,1.98500540829,15.6530978158
-30.0466536,-0.4336342,4.476224,-22.0354383,-54.4108527,2.0000256,3.9109182,1.7271437,0.607564026677,16.6053766775
-36.3833082,-0.069941,1.4547728,-22.0354383,-54.4108527,2.0000256,2.2834922,-0.0101593,1.704823255,17.2196904096
-40.495839,-0.139882,-0.6574454,-22.0354383,-54.4108527,2.0000256,0.4307414,-1.8341536,0.112030401815,17.4331009199
-39.726488,0.1818466,-6.2107608,-23.0042007,-53.4850596,2.0000256,-1.5112277,-3.6328665,1.08750297494,18.035159083
-39.446724,-0.349705,-6.8682062,-23.0042007,-53.4850596,2.0000256,-3.4249343,-5.2183614,0.152133639644,17.3696198028
-40.1181576,-0.1258938,-7.3158286,-23.0042007,-53.4850596,2.0000256,-5.2958054,-6.7797377,0.284128795395,16.2480453059
-39.8803582,-0.1258938,-6.6863596,-23.0042007,-53.4850596,2.0000256,-7.0874712,-8.2231012,0.35948893093,14.6732244519
-39.8104172,0.3357168,-10.6590084,-23.5901457,-52.5514539,2.0000256,-8.7464315,-9.4926394,0.299676533293,13.2625034835
-38.9991016,-0.4336342,-8.1551206,-23.5901457,-52.5514539,2.0000256,-10.2539371,-10.540706,0.54782183458,10.8800756765
-23.7379754,-0.2517876,-5.7771266,-23.5901457,-52.5514539,2.0000256,-11.2876644,-11.2892243,9.72079223509,8.16607413569
-0.279764,-0.1119056,-4.406283,-23.5901457,-52.5514539,2.0000256,-11.0612433,-10.8375126,2.47391695787,5.34778176763
3.2732388,-0.139882,-7.133982,-23.4846756,-47.9849892,2.0000256,-10.2407188,-9.8403869,3.23487687491,5.69005393979
2.3220412,-0.1538702,-13.4146838,-23.4846756,-47.9849892,2.0000256,-9.5647102,-8.7473891,0.723581498616,4.94564269244
8.5048256,-0.0979174,-13.778377,-23.4846756,-47.9849892,2.0000256,-8.8250269,-7.4959997,1.55529238433,5.19414381621
12.3515806,-0.1958348,-13.218849,-23.4846756,-47.9849892,2.0000256,-7.9196997,-6.0800912,0.492752944852,6.11030483393
15.7786896,0.0979174,-5.455398,-16.4767734,-46.1099652,2.0000256,-6.9597,-4.8040683,2.52101282158,14.3916887268
21.5698044,-0.419646,-4.406283,-16.4767734,-46.1099652,2.0000256,-5.8586196,-3.6071215,1.40444325281,15.6999309417
