0.0,0,0.0,0.0,0.0,0.0,0,1.2,
0.0,0,0.0,0.0,0.0,0.0,0,11.5,
0.0,0,0.0,0.0,0.0,0.0,0,None,
0.0,0,0.0,0.0,0.0,0.0,0,1.0,
0.0,0,0.0,0.0,0.0,0.0,0,1.0,
0.0,0,0.0,0.0,0.0,0.0,0,1.33333333333,
0.0,0,0.0,0.0,0.0,0.0,0,2.125,
0.0,0,0.0,0.0,0.0,0.0,0,0.166666666667,
0.0,0,0.0,0.0,0.0,0.0,0,33.0,
0.0,0,0.0,0.0,0.0,0.0,0,22.0,
0.0,0,0.0,0.0,0.0,0.0,0,1.9375,
0.0,0,0.0,0.0,0.0,0.0,0,1.66666666667,
0.0,0,0.0,0.0,0.0,0.0,0,1.0,
3.39260869565,0.0,0.0,0.0,0.0,0.0,0.0,1.0,
1.20138350643,0.00102771765336,0.0945945946052,0.0,1.08083570217e-05,0.00278164116829,0.0,0.130434782609,
0.287231017158,0.00454167217899,0.560000000056,0.000530785550773,4.85308629327e-05,0.00616246498599,0.0,0.025,
0.0434449962272,0.00698165029349,1.96874999997,0.00191717790696,7.50513297486e-05,0.00795454545455,0.000701754385965,0.0339622641509,
0.0598950126507,0.008100122149,0.533333333348,0.00394776798935,2.1252968774e-05,0.0077967080566,0.0,0.0366748166259,
0.115775041767,0.00626577752109,0.295238095235,0.00572424090387,9.97050828601e-05,0.00588408355399,0.000681198910082,0.00627615062761,
0.172221757392,0.00484704797208,0.198300283289,0.00665807559263,0.0002124297298,0.00328947368421,0.00137741046832,0.00581395348837,
0.215853857576,0.00116752526656,0.133271202236,0.0064054257696,0.00030654786234,0.000303674460978,0.00139567341242,0.0304182509506,
0.17867777166,0.0051417097085,0.0944176430044,0.0054440285862,0.000343092983244,0.00215053763441,0.0014064697609,0.0283553875236,
0.146430776437,0.00127056430884,0.066067653277,0.00371000154927,0.000333713534325,0.00372093023256,0.00141043723554,0.0604838709677,
0.121879218093,0.000435957102531,0.0482550624728,0.00200057160039,0.000305339000163,0.00468164794007,0.000704225352113,0.0954356846473,
0.107558139535,0.00230725637674,0.0338680926921,0.0,0.000262835114771,0.00533249686324,0.0,0.0439330543933,
0.0,0.0030679705811,0.0241960183761,0.0017350353162,0.000231181578681,0.0056657223796,0.000698812019567,0.0453514739229,
0.211956954962,0.00364688124239,0.0164325470447,0.00324939074227,0.0001952594808,0.00536446828653,0.000695894224078,0.0174672489083,
0.473134859447,0.00326886697281,0.0115348399245,0.00460627330475,0.000183832194202,0.00474083438685,0.0,0.0,
15.6497149715,0.00481582604407,0.0052432885906,0.00652173913894,0.000247062059192,0.00917431192661,0.0,0.035343035343,
0.794170645034,0.0103888539506,0.00381752242817,0.0140651126163,0.00129188832548,0.0157430730479,0.001386001386,0.0227743271222,
0.402648815684,0.0151426071653,0.0143456962902,0.0134946486755,0.000625031365625,0.0217594031707,0.00277585010409,0.00622406639004,
0.26251788269,0.0237074093644,0.0285292670928,0.017049469962,0.000722354152182,0.0277354465102,0.00278551532033,0.0285132382892,
0.0757965036938,0.0462970269558,0.0470918446908,0.0197582325978,0.000705294170163,0.0319715808171,0.00209497206704,0.0536480686695,
0.0250981489446,0.973601417007,0.0656634746923,0.0201421801007,0.000724586455535,0.03125,0.00139958012596,0.0122699386503,
0.0539487305459,19.9077451879,0.0856667171187,0.0184314603438,0.000777829244632,10.3,0.00140154169587,0.0390946502058,
0.0509081438791,2.08865021849,0.104355856549,0.0154873543666,0.000817604893517,0.813559322034,0.00140252454418,0.0226804123711,
0.0442162475219,1.05927460378,0.125660316952,0.0113720977438,0.000808756825223,0.4,0.00140449438202,0.0164609053498,
0.0886976409799,0.771323027733,0.147158322057,0.00728834515593,0.000817689201842,0.264984227129,0.00070323488045,0.111587982833,
0.126882173318,0.557530028472,0.172692237107,0.00282237831945,0.000905417414195,0.174757281553,0.000703729767769,0.0444444444444,
0.182872315073,0.446923697554,0.199474535166,0.000792393026262,0.00104602944656,0.117647058824,0.00211267605634,0.0953389830508,
0.206149549599,0.346149603708,0.234346224678,0.00380341118242,0.0012075112126,0.0753064798599,0.00424028268551,0.0537190082645,
0.193819203104,0.312364082291,0.274374001065,0.00589161756856,0.00126918524003,0.0473933649289,0.0101229211858,0.0227272727273,
0.183847476854,0.256885485248,0.330764290301,0.00741038602962,0.00111615687444,0.0290275761974,0.0160183066362,0.066974595843,
0.234059308359,0.230202853009,0.401964636544,0.00830064244679,0.000776223552383,0.0149659863946,0.0205086136177,0.00607902735562,
0.220242200558,0.201253260059,0.514489069649,0.00863236289923,0.000282650063298,0.0025641025641,0.0179856115108,0.0837438423645,
0.178007501601,0.182741617035,0.688782489741,0.00847933512902,0.00012314292524,0.00615006150062,0.00662251655629,0.19512195122,
0.154643058956,0.16109373162,1.09814612868,0.00805684552345,0.00041299340799,0.0107398568019,0.0028328611898,2.2,
0.221755532221,0.148200518112,2.52250000001,0.0074785132261,0.00055242031635,0.0129107981221,0.00642791551882,0.509803921569,
0.208380365058,0.13657659994,5.59668508288,0.00673794409156,0.000589010184304,0.0150637311703,0.0106100795756,0.336842105263,
0.131599081867,0.129670364451,1.37940379404,0.00594807937834,0.00055795342683,0.0149597238205,0.00937766410912,0.192660550459,
0.394866801141,0.125017580531,0.749266862167,0.00521729477426,0.000498860602384,0.013698630137,0.00657894736842,0.313725490196,
0.625911956612,0.0673381680791,0.522182559918,0.00471253534711,0.000447421930865,0.00793650793651,0.00319488817891,0.557692307692,
0.556070552212,0.0710699526496,0.389714285714,0.00459833795055,0.000427726255197,0.00112233445567,0.00388802488336,0.666666666667,
0.602575120957,0.0762290920281,0.31242312423,0.00487534625977,0.000479771628705,0.00776053215078,0.0114416475973,0.585365853659,
0.53354620297,0.0840019805388,0.254693049215,0.0057672045696,0.000643500643501,0.0185185185185,0.0187687687688,3.66666666667,
0.327899764535,0.0895017343975,0.215750436299,0.00711229649014,0.000902682084157,0.025613660619,0.0223546944858,1.3,
0.560469016427,0.0943351830096,0.18204205342,0.00920296726182,0.00140048757716,0.0394600207684,0.0410447761194,0.0851063829787,
0.286203639384,0.109799219183,0.155555555555,0.0118934081353,0.00245241712625,0.0575396825397,0.0506230529595,2.8,
0.113448874552,0.114962295652,0.133968351513,0.0159845822486,0.00376879406575,0.0724770642202,0.0205086136177,1.07228915663,
0.0401762974551,0.110694919989,0.117705664674,0.0202519993071,0.00468188044183,0.0686192468619,0.000827129859388,0.308823529412,
0.128579116878,0.0831506454874,0.102857142857,0.0244936410749,0.00517792576964,0.0523520485584,0.00728744939271,0.115254237288,
0.196520942298,0.0419796999796,0.0923562855337,0.0275407057673,0.00526599342966,0.0343859649123,0.00707547169811,0.108823529412,
0.287124705734,0.0191254352369,0.0853540252187,0.0296886768795,0.0051039975194,0.0123939986954,0.0030487804878,0.0494505494505,
0.409001939809,0.00235603497654,0.0841607565012,0.0307280793316,0.00481853472179,0.0110361741263,0.000745712155108,0.025069637883,
0.511305233789,0.0254315628404,0.0906545327262,0.0310983528113,0.00447324535813,0.0402761795167,0.004402054292,0.0615384615385,
0.603604629269,0.0480383178424,0.105749006777,0.0316324339858,0.00424413567906,0.0697167755991,0.00582241630277,0.100323624595,
0.674024676768,0.0787542409828,0.13334124911,0.0336824655244,0.00424291973251,0.0997416020672,0.00508351488744,0.0481099656357,
0.73789465439,0.100254109287,0.169797511589,0.0381027668008,0.00455808501398,0.125371655104,0.00145772594752,0.11673151751,
0.780903623767,0.124858519985,0.221671747968,0.0469217970099,0.00522099084312,0.148183556405,0.004402054292,0.366197183099,
0.82090884222,0.139874792378,0.281341495875,0.0589106753793,0.00603734970581,0.164568764569,0.010332103321,0.460093896714,
0.867868628295,0.154661067667,0.359350741003,0.0763736263721,0.00699438647952,0.177493138152,0.0170749814402,0.223484848485,
0.939490138458,0.17151650737,0.444861215303,0.0960782433645,0.0078139823711,0.185436454093,0.0208178438662,0.243346007605,
1.04297437094,0.178048949028,0.554568937681,0.121077590556,0.00852363964621,0.190925426774,0.0215293244246,0.237037037037,
1.10588348026,0.181178579313,0.674143627195,0.147171010804,0.00897426939403,0.193548387097,0.0207100591716,0.232209737828,
1.23391193903,0.183243674248,0.829027355623,0.178803495407,0.00923156765125,0.195078299776,0.0176470588235,0.03367003367,
1.40744837758,0.184067148931,1.00145499896,0.211454265769,0.00930316998543,0.195885509839,0.0131482834186,0.00323624595469,
0.703908554572,0.184809310235,1.23094741719,0.251071338543,0.00924393366853,0.196604110813,0.00871459694989,0.0031847133758,
0.703908554572,0.185255442001,1.49753694581,0.292516094417,0.00913375355489,0.196604110813,0.00506146059291,0.0387096774194,
0.0,0.185662405962,1.87067938022,0.343808562787,0.00902703583652,0.196962929879,0.0021613832853,0.188449848024,
0.0,0.185708186416,2.331604426,0.398637137991,0.0089584492081,0.196875,0.000718907260963,0.145110410095,
0.040191740413,0.185642292281,3.0351758794,0.468418393136,0.00885671235897,0.197233377956,0.00574300071788,0.0157728706625,
0.0,0.188824350205,4.01822916666,0.54555453712,0.00855756465587,0.196787148594,0.00784593437946,0.174927113703,
2.18597063622,0.188909806971,5.85206258891,0.647524350649,0.00784613377565,0.196699375558,0.00774647887324,0.226537216828,
2.33954571928,0.188907267149,9.41297297297,0.764546684699,0.00680603731133,0.196699375558,0.00486111111111,0.418918918919,
0.0991304347826,0.188812085638,23.1959798996,0.926258992803,0.00536299158793,0.196699375558,0.000685871056241,0.442477876106,
1.48694620253,0.18897938228,104.526881721,1.1215697846,0.00393989414786,0.196699375558,0.00750853242321,0.557692307692,
1.48694620253,0.189260196392,16.4262820513,1.40893108297,0.0025506938551,0.196699375558,0.0143737166324,0.852631578947,
1.58267405063,0.189381833884,9.67207207209,1.78763326224,0.00158968932251,0.197145405888,0.0186851211073,1.35616438356,
1.64043478261,0.189558351635,6.91216216215,2.41919470494,0.000996436553089,0.197145405888,0.0232230823364,1.63414634146,
1.64043478261,0.189636254423,5.58770257388,3.4252441774,0.000891438867683,0.197591436218,0.0279169649248,5.75,
1.64043478261,0.189524074865,4.70515781371,5.79584352101,0.00118901558037,0.197591436218,0.0306569343066,0.916666666667,
1.64043478261,0.202966528237,4.15432503276,13.9346590926,0.00175133006418,0.197591436218,0.0296956198961,2.0,
1.64043478261,0.203269376706,3.72362093352,35.3055555454,0.00248842127174,0.198037466548,0.0233785822021,30.0,
2.56143923965,0.203334020364,3.4214231833,8.81208053705,0.00312220598044,0.198037466548,0.015993907083,2.94117647059,
0.0,0.203165431249,3.16352201258,5.0175276754,0.00361574648127,0.198037466548,0.00764525993884,1.10344827586,
0.0,0.203003468086,2.96993865031,3.66036505873,0.00381744468021,0.198037466548,0.00152788388083,0.129032258065,
0.0,0.202837934867,2.79489567809,2.87055335963,0.00373627936749,0.198037466548,0.00151860288535,0.260273972603,
1.48694620253,0.202820416198,2.6581211287,2.41572580648,0.00340810921139,0.198037466548,0.0,0.0266666666667,
1.58267405063,0.203020368967,2.53048586853,2.07756883813,0.00287016313361,0.198483496878,0.00372300819062,0.275862068966,
0.196588139724,0.203111612998,2.42823285439,1.84925936685,0.00230180244448,0.198483496878,0.00664697193501,0.785714285714,
0.196588139724,0.203168246266,2.33144671452,1.66033915467,0.00173682156894,0.19812583668,0.0102790014684,0.714285714286,
0.0,0.202134383413,2.25298701299,1.52466063347,0.00133263528628,0.19812583668,0.0102790014684,0.666666666667,
0.0,0.202143318162,2.17810058594,1.40673838038,0.00106607271187,0.19812583668,0.00957995578482,4.0,
0.0,0.202233410843,2.11207095139,1.30239410681,0.000965949104475,0.198483496878,0.00593912397921,1.28571428571,
0.0,0.202324273361,2.05771547476,1.24002716007,0.000903918247731,0.198483496878,0.00224382946896,0.0,
0.0,0.202348905309,2.00887635756,1.17942659103,0.000875256868864,0.198483496878,0.00150715900528,3.71428571429,
0.0,0.202195292998,1.96101829753,1.12339181286,0.000808649697708,0.198483496878,0.00455235204856,0.190476190476,
0.0,0.201936061135,1.9209222561,1.07899067471,0.000680310944919,0.198037466548,0.00762195121951,0.0344827586207,
0.0,0.201621268826,1.88106088225,1.03688946016,0.000471116737017,0.198037466548,0.00839694656489,0.366666666667,
2.56143923965,0.201366866727,1.84725265095,1.0023083465,0.000242778528857,0.197591436218,0.00686498855835,0.981132075472,
0.0,0.20112022606,1.81340960713,0.968692660545,9.5243084162e-06,0.197591436218,0.00304414003044,0.939393939394,
1.64043478261,0.199257978144,1.78431213498,0.940047961631,0.000133381604771,0.197233377956,0.00227790432802,1.35714285714,
1.64043478261,0.199529176419,1.75511478994,0.91205380237,0.000185833750268,0.197679607318,0.00607441154138,0.75,
2.56143923965,0.199720851947,1.73018269666,0.888317849379,0.000138213706987,0.197679607318,0.00836501901141,5.0,
1.64043478261,0.199745390623,1.70499927124,0.864913273001,2.86026190465e-05,0.197679607318,0.00839054157132,3.0,
0.0,0.199841244766,1.68338159475,0.845284383765,8.5828724013e-05,0.19812583668,0.00765110941086,0.857142857143,
0.0,0.199892881559,1.66147221653,0.825898657423,0.000205096896359,0.19812583668,0.00614439324117,0.48,
0.0,0.199765420617,1.64254895453,0.809555574086,0.000295817051467,0.197679607318,0.00385208012327,0.138888888889,
2.56143923965,0.199511489989,1.62323785002,0.793299671402,0.000367531240155,0.197679607318,0.00231303006939,0.25,
0.0,0.199351071377,1.60642494834,0.779264990327,0.000401098245195,0.197321428571,0.00154083204931,0.12,
0.0,0.199258358745,1.58914775838,0.765192752217,0.000434695378854,0.197321428571,0.00153727901614,0.351851851852,
1.64043478261,0.200522171285,1.57404444444,0.752975975758,0.00046350938726,0.197321428571,0.00229885057471,0.483870967742,
0.0,0.200677580842,1.55850818538,0.740609101675,0.00050667278498,0.197321428571,0.00305810397554,0.541666666667,
0.0,0.200731877211,1.54489738544,0.729797297296,0.000564177591631,0.197321428571,0.00458365164248,0.806451612903,
0.0,0.200761640602,1.53086149296,0.718639633745,0.000650406504065,0.197321428571,0.00687022900763,0.625,
0.0,0.200837239067,1.51853238487,0.70893152077,0.000779702851895,0.197321428571,0.00991609458429,0.645161290323,
0.0,0.200991806566,1.5057896933,0.698866436664,0.000966474807064,0.19812583668,0.0129573170732,0.933333333333,
0.0,0.201118946979,1.49456937433,0.689961042855,0.0011820104706,0.197679607318,0.0144817073171,5.5,
0.0,0.201010361472,1.48299726164,0.681029463141,0.00142639013206,0.197679607318,0.0114591291062,1.42857142857,
0.0,0.200883603052,1.47273790382,0.673399909212,0.00162779118312,0.197679607318,0.00917431192661,0.260869565217,
0.0,0.20100131538,1.46216126113,0.665544084359,0.00179582219924,0.197679607318,0.00687022900763,0.617647058824,
0.0,0.200886364181,1.45276857769,0.658712631294,0.00192553634809,0.197679607318,0.00609291698401,0.192307692308,
0.0,1.0,1.00351389586,1.00241406455,0.113691785121,0.598839803659,1.0,17.5,
0.0,1.0,1.00344472778,1.00235800697,0.113547391673,0.598839803659,1.0,20.0,
0.0,1.0,1.00337290289,1.00230023002,0.11339020416,0.598839803659,1.0,3.57142857143,
0.0,1.0,1.00330940817,1.00224938875,0.113220208992,0.598839803659,1.0,1.0,
0.0,1.0,1.00324333432,1.00219696246,0.113003370587,0.598839803659,1.0,1.66666666667,
0.0,1.0,1.0031848451,1.00215083929,0.112760896255,0.598839803659,1.0,1.375,
0.0,1.0,1.00312398572,1.00210324174,0.112445907176,0.599018733274,1.0,1.27272727273,
2.56143923965,1.0,1.00306565275,1.00205788932,0.112066772579,0.598839803659,1.0,0.75,
2.56143923965,1.0,1.00301417052,1.0020179864,0.111627594288,0.598839803659,1.0,0.789473684211,
2.56143923965,1.0,1.0029648454,1.00197985711,0.11108975591,0.598839803659,1.0,0.3,
2.56143923965,1.0,1.00291346627,1.00194043702,0.110380180232,0.598660714286,1.0,None,
0.0,1.0,1.0028678908,1.00190555095,0.10962662072,0.598660714286,1.0,None,
0.0,1.0,1.00282040951,1.00186938676,0.108721521244,0.598660714286,1.0,1.0,
0.0,0.640518423518,1.00277807844,1.02404345395,0.107877794121,0.606696428571,0.00401606425703,1.0,
9.49514403292,0.639990476581,1.00262718784,1.04917454218,0.106556387638,0.604194556002,0.0193548387097,2.81818181818,
78.9708695652,0.633574100503,1.00174733531,1.07260332011,0.103460445149,0.593038821954,0.0784789644013,15.875,
46.4722633745,0.615063958052,0.99893210238,1.0988706988,0.0970987976999,0.57047279215,0.154781199352,14.5263157895,
144.264347826,0.591080223725,0.993988180151,1.12285543787,0.0878939283066,0.544806063308,0.189781021898,11.5675675676,
144.655652174,None,6.37662337651,86.4130434853,0.0300810810811,2.78420467186,None,13.3939393939,
132.562173913,None,10.0649350647,100.304347833,0.0432432432432,2.72191323693,None,23.4285714286,
110.220434783,None,14.8051948049,114.500000009,0.0579243243243,2.66407119021,None,27.1111111111,
85.7408695652,None,19.7142857138,126.891304358,0.0712378378378,2.62068965517,None,None,
63.9882608696,None,25.454545454,139.739130447,0.0851297297297,2.58620689655,None,234.0,
47.4982608696,None,31.0519480512,151.217391316,0.0974594594595,2.5617352614,None,146.666666667,
34.8830434783,None,37.3636363628,163.369565231,0.110427027027,2.54282536151,None,52.0,
24.2934782609,None,43.3636363626,174.413043493,0.122205405405,2.53058954394,None,45.3,
17.3630434783,None,49.9999999988,186.282608712,0.134902702703,2.52169076752,None,12.7352941176,
11.9969565217,None,56.1948051935,197.15217393,0.146659459459,2.51724137931,None,22.0476190476,
1.89826086957,None,62.9610389596,208.869565234,0.159481081081,2.51390433815,None,29.6666666667,
59.5630434783,None,69.1168831153,219.869565234,0.171464864865,2.53058954394,None,232.5,
116.624347826,None,75.3376623359,29.502840913,0.184756344766,0.106696304529,0.132075471698,239.5,
43.7615312206,0.108939993239,81.7368421043,10.3827655305,0.198364174005,0.0880800222284,0.157131345689,99.4,
5.140323232,0.076480107941,101.359374998,6.4388578521,0.209583619074,0.0577728160759,0.107501933488,7.18333333333,
3.37282097327,0.0314115122904,942.857142763,4.46585998281,0.217007409957,0.0163749294184,0.0362581580856,1.61375661376,
2.85659987633,0.996103198262,58.7027027035,3.4719438877,0.221419192297,0.998279816514,0.0165403170227,0.522796352584,
2.67716318894,0.954864421688,20.8093645486,2.82929485431,0.221020158053,0.966472303207,0.0292716133424,0.0584269662921,
2.58479999745,0.913588927965,9.89236111109,2.36900958464,0.218062397373,0.933827893175,0.0239890335846,0.0198807157058,
2.69524489609,0.879472787901,5.68166479189,2.07118576286,0.21447758429,0.90539319072,0.0131761442441,0.00384615384615,
2.95959650937,0.84593820721,3.2910798122,1.82874889089,0.210729330559,0.876260311641,0.00350631136045,0.028,
3.38630787639,0.818080569484,1.98623578695,1.65003229974,0.207889815339,0.851188638469,0.000704721634954,0.0219560878244,
3.85278448011,0.791317108764,1.06914393227,1.48663812194,0.205544634855,0.826587795766,0.0126849894292,0.094298245614,
4.42384565559,0.769006454082,0.493177387912,1.35298149417,0.2034005377,0.806572769953,0.0527055516514,0.093023255814,
4.94190677351,0.746928696142,0.05299313052,1.22058074378,0.199815080164,0.787554996857,0.118264520644,0.202197802198,
5.07164781198,0.728316463161,0.25212947189,1.10946285441,0.194724689335,0.77182477151,0.190243902439,0.406926406926,
5.23363502421,0.711106369783,0.474962816064,0.995283018869,0.185385726805,0.758609794629,0.236970118138,0.679487179487,
4.85217253786,0.699702578259,0.642588078883,0.899936197361,0.17490481817,0.749050632911,0.25866851595,0.892783505155,
0.182231983703,0.691748934001,0.78939002583,0.805147798111,0.161865900028,0.742098609355,0.250866250866,1.03887688985,
0.69224137931,0.68916163097,0.902803057881,0.722328426689,0.148931385642,0.738789589213,0.229542302358,1.15384615385,
0.845598404056,0.690451750045,1.00958466454,0.634653644417,0.134508576096,0.738902589396,0.198191933241,1.11825726141,
0.898632804611,0.694755612559,1.09901462174,0.554830959328,0.121267500651,0.74156626506,0.169456066946,1.15841584158,
0.906409960341,0.702361388772,1.19178500534,0.470083394062,0.107415119723,0.746499416569,0.13986013986,1.12627291242,
0.90456105443,0.711219544731,1.27918858002,0.395455941046,0.0953073637211,0.751342187058,0.113524877365,1.07085020243,
0.888681799177,12.1217689719,1.38213961922,0.32125217897,0.0830272497685,13.9,0.0904628330996,1.01394422311,
0.853891322514,3.86321749989,1.48953650597,0.260134432819,0.0724819795589,4.4371257485,0.0778947368421,0.983014861996,
0.808433437633,2.00944707456,1.62585477043,0.202277693172,0.0618470236625,2.36231884058,0.0723314606742,0.916326530612,
0.76409589116,1.35945685322,1.77802885451,0.156016597507,0.0526211504817,1.56486486486,0.0744382022472,0.88693957115,
0.713397246577,0.950076717883,1.98282770464,0.112915174707,0.042981687732,1.11255411255,0.0843288826423,0.825831702544,
0.646015104514,0.749571220365,2.22475015947,0.0785293055769,0.0341410419524,0.866171003717,0.0978184377199,0.876953125,
0.540482704768,0.599448290137,2.57156886816,0.0461366444999,0.024410082852,0.7,0.104136947218,0.954091816367,
0.0836342687463,0.525287433248,3.0,0.0195158675013,0.0151905398291,0.633082706767,0.114814814815,1.0866807611,
0.779714195805,0.497168981673,3.63553370787,0.00817469844912,0.00487836215515,0.641061452514,0.0800951625694,1.39726027397,
1.4504896564,0.508304906307,4.53439857967,0.0353501019675,0.00464089896966,0.680263157895,0.0103626943005,1.92673992674,
2.2100905542,0.523539415907,5.83084004603,0.0659606827012,0.0129795223472,0.739021329987,0.123720930233,3.28057553957,
3.23330489885,0.551848463205,8.06224737268,0.0971614495646,0.0197286858669,0.78857837181,0.185009487666,11.1764705882,
4.16885537575,0.589246616242,14.2134502923,0.133344515266,0.0260568839067,0.841854934602,0.199814126394,9.41176470588,
7.0952101903,0.630320489282,59.9745222927,0.16862766966,0.0313902772914,0.889541715629,0.188679245283,3.40963855422,
7.80341195787,0.675715571124,20.5570776255,0.208099237911,0.0368845598961,0.937062937063,0.16307161346,4.265625,
4.57815477288,0.708809878168,8.49652432969,0.24530920395,0.0418344420811,0.967630057803,0.136894824708,2.69411764706,
2.93177876277,0.736130724574,4.87104622871,0.285825113599,0.04719989132,0.988545246277,0.109223300971,3.73846153846,
1.0378976951,0.75171395038,3.31628113879,0.323057338943,0.0522809430884,0.995464852608,0.0861660079051,7.12820512821,
0.0641555450173,0.765254921524,2.33996569468,0.36292731497,0.0580478417597,0.987695749441,0.0675990675991,16.6666666667,
0.461756183031,0.728461335088,1.75664217072,0.3992475379,0.0636905976545,0.969162995595,0.0553420445811,27.8181818182,
0.775873547667,0.709568016269,1.31436699858,0.43794326241,0.070185965207,0.935275080906,0.047292143402,24.0,
0.915669210515,0.68448628811,1.01485454921,0.473111111112,0.0765220450656,0.894514767932,0.0456621004566,12.3214285714,
0.955707680109,0.647263063528,0.768464880522,0.510686980303,0.083677562141,0.842213114754,0.0503432494279,5.96666666667,
0.992526930504,0.609477088523,0.592502037491,0.544887990571,0.0903200565299,0.780198019802,0.0765027322404,11.1333333333,
0.995197152982,0.533105079885,0.447918210105,0.581188343349,0.096525281572,0.669452181987,0.142975206612,3.52173913043,
1.00515567334,0.442562722345,0.344799119428,0.613700362049,0.100606851498,0.535439795047,0.167649536647,0.679775280899,
1.00486946099,0.331113348572,0.257686864789,0.64778729898,0.103311018636,0.394879751746,0.152823920266,0.010989010989,
0.996377481741,0.248494766904,0.195939334638,0.678790798507,0.104639552417,0.288172043011,0.121065375303,0.212034383954,
0.987465856939,0.169951102692,0.146541617819,0.712772585672,0.105304285185,0.19627411843,0.0842433697348,0.153439153439,
0.987667542035,0.113805463082,0.115393386545,0.745103109447,0.105551253529,0.124452782989,0.0561883067578,0.193717277487,
0.996417377726,0.0549633952937,0.0968718466197,0.782420554431,0.105710016675,0.0563711098062,0.035661218425,0.190217391304,
0.995897607495,0.00915427459373,0.0935509109205,0.819905213271,0.105867638443,0.0,0.0271062271062,0.250688705234,
1.00398036938,0.0393390326034,0.105025409373,0.865003723009,0.10593394087,0.0531578947368,0.028384279476,0.169811320755,
1.00380639826,0.0751405745317,0.12884992502,0.911698054233,0.10565727996,0.09375,0.0349090909091,0.190812720848,
1.00445362246,0.109796204659,0.168716417911,0.968225222256,0.104614081525,0.128875968992,0.0474799123448,0.353159851301,
0.990173212675,0.13300178087,0.217964667828,1.02623856378,0.102655266676,0.153085256712,0.0573108008817,0.602888086643,
1.00654348681,0.15315524368,0.284327868852,1.0955882353,0.0992145408447,0.17227084293,0.0628233555063,0.755319148936,
0.978898868151,0.165228228738,0.358103424373,1.16546215291,0.0947918730137,0.183923705722,0.0586053412463,0.965156794425,
0.965483086712,0.184355789771,0.452564482656,1.24767337136,0.0888283189829,0.190904997749,0.0430267062315,1.073089701,
0.942406410417,0.199945075285,0.554727157361,1.32997163568,0.082524970245,0.194444444444,0.0222057735011,1.02287581699,
0.906814682765,0.203298828098,0.685061028022,1.42723942724,0.0752092927289,0.196604110813,0.00368188512518,1.07796610169,
0.826467481515,0.204972911184,0.828235732936,1.52582269587,0.0683268516882,0.197233377956,0.025641025641,0.977049180328,
0.575958702065,0.206001153768,1.015625,1.64461883408,0.060990160723,0.197591436218,0.0444282592862,0.974683544304,
0.432129514321,0.206530774302,1.22767552829,1.76783587028,0.054448942628,0.197949175212,0.0565217391304,0.947368421053,
0.432129514321,0.20699662032,1.51578137029,1.92002840908,0.0476498091388,0.198306595365,0.0620938628159,0.865454545455,
0.574097135741,0.20725005921,1.85860058309,2.08164508758,0.0416075262947,0.198306595365,0.0633549316055,0.719424460432,
1.76650062267,0.207327928242,2.353625171,2.28654100527,0.0351956434046,0.198306595365,0.0575125808771,0.710280373832,
0.442986425339,0.207239107425,2.9930781759,2.51050080776,0.0292709722985,0.198752228164,0.0508960573477,0.741830065359,
0.372898624554,0.207042915208,4.04318766067,2.80431768666,0.0228061200763,0.198395006687,0.047619047619,0.80487804878,
2.33954571928,0.207003079969,5.67869298843,3.13897413415,0.0169803284673,0.198840838163,0.049929676512,0.901639344262,
0.0,0.207025233469,9.36325237596,3.59756703076,0.011229870986,0.198840838163,0.0576789437109,0.902777777778,
0.0,0.207080102809,20.2928416486,4.14844192635,0.00684759837511,0.198395006687,0.0668044077135,0.951219512195,
0.0901898734177,0.207084606604,145.382352943,4.95481927712,0.00344413713928,0.198395006687,0.0727522306108,1.0404040404,
0.0901898734177,0.206963356984,18.6918918919,6.00522088345,0.00161542445277,0.198395006687,0.0718232044199,0.684210526316,
0.0901898734177,0.206876709882,10.1179201485,7.72801636004,0.000898357289528,0.197949175212,0.0643806857943,0.666666666667,
0.0,0.20681509,7.33677419355,10.3813732155,0.00110228438937,0.198395006687,0.0526690391459,1.64285714286,
1.64043478261,0.206656602558,5.78703703703,16.1410658303,0.00182289441454,0.198395006687,0.0342066957787,1.2972972973,
0.0,0.206536435604,4.9205905826,31.7439024394,0.0025803758621,0.198395006687,0.017087667162,3.0,
0.0,0.202693021603,4.28738708598,7905.00017672,0.00321887903367,0.198395006687,0.00227100681302,1.0,
0.0,0.198469640751,3.86585010207,35.4611973411,0.00352656775845,0.197949175212,0.00459066564652,1.08333333333,
2.56143923965,0.198243446245,3.51935401179,17.2959401703,0.00353241285134,0.197949175212,0.00615384615385,0.5,
2.86839967506,0.198204120939,3.26631311967,11.8358640635,0.00331163532158,0.198037466548,0.00307455803228,0.547619047619,
0.0901898734177,0.198181356658,3.04344211183,8.86142322074,0.00292049140236,0.198037466548,0.00153022188217,0.5,
0.0901898734177,0.198250282297,2.87240525614,7.21068504957,0.00249541319289,0.197591436218,0.00911854103343,0.779069767442,
1.58267405063,0.198487895929,2.71515785801,6.0106571935,0.00209336403601,0.198037466548,0.0188111361926,0.549450549451,
1.58267405063,0.198777417519,2.5910046918,5.21740458016,0.00187578852151,0.198037466548,0.0275707898659,0.391304347826,
0.0,0.199041654967,2.4742206235,4.5693488618,0.00190991488733,0.198037466548,0.0354505169867,0.125,
2.56143923965,0.199147928289,2.38057816447,4.10435806829,0.00218633895399,0.198037466548,0.0382634289919,6.42857142857,
0.0,0.199006467159,2.29150807193,3.70307239062,0.002695507646,0.197679607318,0.0353721444363,2.75,
0.0,0.198838865098,2.2192765114,3.40360291302,0.00325646055112,0.197679607318,0.0317812269032,None,
0.0,0.1987249339,2.14998247868,3.13546582765,0.00387866212332,0.197679607318,0.0274888558692,1.875,
1.2424691358,0.198866001335,2.09289678135,2.92802846514,0.00441978961992,0.198483496878,0.0238984316654,0.833333333333,
0.0,0.199164742368,2.03739203708,2.73742514971,0.00495612261885,0.198483496878,0.021021021021,0.588235294118,
0.0,0.199308260385,1.99114688129,2.58604260089,0.00539771916642,0.198840838163,0.0203466465712,0.590909090909,
0.0,0.199232516271,1.9455906343,2.44291519203,0.00580648842982,0.198483496878,0.0203927492447,0.866666666667,
0.0,0.199134753359,1.90721649485,2.32636397377,0.00613499850192,0.198395006687,0.0196820590462,None,
0.0,0.199027511598,1.86900564175,2.21411078718,0.00642135504861,0.198395006687,0.0174506828528,15.6666666667,
0.0,0.198863005369,1.83665676708,2.12207820983,0.00660361200449,0.198037466548,0.0136882129278,52.0,
0.0,0.199893271819,1.80433896093,2.03300052547,0.00669147812182,0.198037466548,0.00687022900763,1.89473684211,
0.0,0.199911173669,1.77669291339,1.95895634721,0.00664644800678,0.198037466548,0.00153022188217,0.722222222222,
0.0,0.200008766627,1.74884250474,1.88642235194,0.00648762968114,0.198395006687,0.00153139356815,0.04,
0.0,0.199975477792,1.72489532065,1.82548857693,0.00628091611784,0.198395006687,0.00383141762452,0.823529411765,
0.0,0.199758809732,1.70057499823,1.76502108222,0.00604081243444,0.197949175212,0.00536809815951,0.410256410256,
0.0,0.199505735204,1.67944922547,1.71357336037,0.00582870661859,0.197949175212,0.0069018404908,0.225,
0.0,0.199355081084,1.65804386959,1.66217423074,0.00561639586763,0.197949175212,0.00689655172414,0.588235294118,
0.0,0.199380824824,1.63933151963,1.61796960676,0.00545600351323,0.197949175212,0.00612557427259,0.903846153846,
0.0,0.199539584442,1.62031043801,1.57349833988,0.00533360072961,0.197949175212,0.00382555470543,0.366666666667,
0.0,1.0,1.00470890411,1.00335741917,0.11640947018,0.599197503344,1.0,3.75,
0.0,1.0,1.00457570715,1.00324217649,0.116177299611,0.599197503344,1.0,4.0,
0.0,1.0,1.00445963165,1.0031427205,0.115957680655,0.599197503344,1.0,7.0,
0.0,1.0,1.00434022885,1.00304192567,0.115695684595,0.599197503344,1.0,1.0,
0.0,1.0,1.00423612257,1.00295477903,0.115425074113,0.599197503344,1.0,0.8,
0.0,1.0,1.00412890772,1.00286586505,0.115086578016,0.599197503344,1.0,0.892857142857,
0.0,1.0,1.00403500498,1.0027885548,0.114735114391,0.599197503344,1.0,0.769230769231,
2.56143923965,1.0,1.00393781324,1.00270954821,0.114336733961,0.599197503344,1.0,1.2,
2.56143923965,1.0,1.00385211867,1.00264018826,0.113967700531,0.599018733274,1.0,1.66666666667,
2.56143923965,1.0,1.00376344086,1.00256882783,0.113594112348,0.599018733274,1.0,1.38181818182,
0.0,1.0,1.00368473944,1.00250599259,0.113292464903,0.599018733274,1.0,1.48387096774,
0.0,0,0.0,0.0,0.0,0.0,0,1.06060606061,
0.0,0,0.0,0.0,0.0,0.0,0,1.0,
3.39260869565,None,0.0,12.0869565218,7.56756756757e-05,3.00333704116,None,1.0,
48.7608695652,None,0.129870129912,26.2608695675,0.000210810810811,2.98776418242,None,None,
101.366521739,None,0.714285714329,39.9347826122,0.00236756756757,2.94771968854,None,59.5,
130.266956522,None,2.22077922075,55.5869565269,0.00821621621622,2.88431590656,None,86.3333333333,
134.938695652,None,4.79220779209,71.521739137,0.0181945945946,2.81979977753,None,45.2222222222,
128.023913043,None,8.02597402577,85.8695652243,0.0301621621622,2.75973303671,None,47.1,
117.48,None,11.9480519478,99.543478269,0.0434918918919,2.70522803115,None,14.2647058824,
99.0486956522,None,16.8441558438,113.586956531,0.0583027027027,2.65406006674,None,23.2857142857,
76.7773913043,None,21.8051948047,125.869565228,0.0716972972973,2.61624026696,None,33.2666666667,
56.75,None,27.5584415578,138.673913055,0.085627027027,2.5850945495,None,234.5,
36.86,None,33.1168831161,150.173913056,0.0979621621622,2.56507230256,None,None,
24.4965217391,None,39.3506493498,162.434782621,0.110908108108,2.55172413793,None,113.5,
19.097826087,0.1140915222,45.2207792197,11.3410138253,0.122741008633,0.11503195332,0.149397590361,66.8571428571,
0.505104166667,0.116002256529,53.7702702709,5.86570743415,0.135080067664,0.115716272601,0.141382049245,14.5,
0.840095256822,0.113458028066,98.155555553,3.70719089498,0.144012465157,0.110207515423,0.0802098950525,2.91056910569,
1.22340504965,0.105029744567,142.529411754,2.71230769229,0.150476170048,0.0974708724069,0.0169014084507,0.79296875,
1.61186223416,0.0868905696237,26.2040816324,2.0473053892,0.15119249295,0.0751445086705,0.0156889495225,0.204663212435,
2.00951723151,0.0601734084263,12.8822115385,1.6887780549,0.151014815359,0.0440787540406,0.0184049079755,0.0234042553191,
2.57155655477,0.0310181450294,7.44198895029,1.42088472993,0.147320781292,0.00538116591928,0.0110268780152,0.008,
3.27030697843,0.032270591373,5.01228733458,1.27742178667,0.145518210863,0.0412371134021,0.0020920502092,0.0628571428571,
4.00261797923,0.998833299691,3.41490088859,1.1535605805,0.141830523518,0.0880908532842,0.0042194092827,0.0185185185185,
4.98037086713,0.942509475766,2.43468950749,1.08557306146,0.140880866714,0.979869928771,0.00564174894217,0.107692307692,
5.93976399304,0.896661651349,1.68068669528,1.00936303021,0.138457600252,0.946974422957,0.00281690140845,0.00424628450106,
7.38387804596,0.854608666611,1.13837837838,0.960095137426,0.138459141089,0.913166144201,0.00140350877193,0.0490405117271,
8.72954423033,0.821773780197,0.69611739529,0.895481964778,0.136764974917,0.884833228446,0.00698324022346,0.104700854701,
10.7963723724,0.791426682692,0.348663101604,0.847125637455,0.137157368629,0.857413249211,0.0111343075852,0.0684647302905,
13.6082798196,0.769269144199,0.0615746180963,0.784561709553,0.135696078478,0.834018337022,0.0152671755725,0.124726477024,
4.07227209065,0.747197044967,0.176880811496,0.732864674861,0.136164378451,0.812322274882,0.0208044382802,0.109409190372,
0.514790825014,0.732208602126,0.369457186545,0.667057558875,0.134373371578,0.796928862426,0.0471567267684,0.0510638297872,
0.301687699466,0.715252664106,0.529463811714,0.605119169062,0.133127980469,0.783641975309,0.0979847116053,0.182730923695,
0.60068440616,0.707860161455,0.652397544384,0.529360287043,0.12791673434,0.775903614458,0.161087866109,0.321138211382,
0.750511418498,0.701530530748,0.757097288677,0.458612975387,0.12149799758,0.770693185142,0.230769230769,0.606060606061,
0.836588713095,0.703339064229,0.840375586854,0.38161081166,0.111196962338,0.770274088726,0.262605042017,0.852589641434,
0.887977236016,24.7622440759,0.925349677825,0.316499814614,0.10011057354,15.68,0.255960729313,1.02760084926,
0.932133716551,5.03642846973,1.00694556614,0.253361492434,0.0872031194612,4.12727272727,0.232280701754,1.15071283096,
0.950345005866,2.65779279085,1.10603754439,0.20399217749,0.0748825145733,2.23106060606,0.200140449438,1.12062256809,
0.946489949856,1.63307466873,1.21596073441,0.15877743962,0.0619603924342,1.35714285714,0.170765987351,1.17092337917,
0.923342238808,1.13655017947,1.36349079263,0.122199974967,0.0492830002137,0.913716814159,0.14135021097,1.13779527559,
0.872013404826,0.785474183114,1.54042553191,0.0946925842423,0.0379974198259,0.653409090909,0.117605633803,1.09362549801,
0.805260254272,0.607203739154,1.79048843188,0.0721950637855,0.0271171681823,0.494932432432,0.0961810466761,1.05128205128,
0.713530014657,0.476027220315,2.13871763255,0.0523575523531,0.0161897406715,0.38036809816,0.0575382374363,1.04077253219,
0.569902494663,0.394466194382,2.64918898529,0.0374069156584,0.00749089326585,0.314285714286,0.0,0.98401826484,
0.329861557824,0.327265500189,3.45409916544,0.0241631440675,0.000395961987649,0.26711409396,0.0897755610973,0.939393939394,
0.0937144689659,0.289718293196,4.76642335766,0.0128794326216,0.00343627560284,0.245838668374,0.178700361011,0.738916256158,
1.86424713274,0.268186728327,7.52079002079,0.00129826145583,0.00543119820099,0.254612546125,0.185009487666,1.05555555556,
5.19677871148,0.315348198895,15.9673202614,0.0132178412713,0.00712631532952,0.327731092437,0.131132075472,3.62962962963,
9.24423248066,0.380820493083,70.6019417456,0.0315128406421,0.00950237758234,0.427390791027,0.0931506849315,4.11111111111,
14.1248521945,0.476526211762,11.2667706709,0.0563293617463,0.013439757957,0.548538011696,0.0810572687225,2.54022988506,
12.6257216387,0.551272732059,5.61298076924,0.0842075892848,0.0177574713744,0.648083623693,0.0702794242168,3.5875,
9.56426332288,0.555906386862,3.70935960591,0.117751907762,0.0233239526575,0.735023041475,0.0680885972108,5.03174603175,
5.94931085545,0.604127665144,2.58286176233,0.151429206987,0.0287027232223,0.794754846066,0.0623003194888,7.26666666667,
3.50860375313,0.648193767227,1.94390402075,0.189243249252,0.0349340263894,0.843468468468,0.0603921568627,8.21052631579,
1.90425230811,0.668429609157,1.45604688333,0.224679148844,0.0407554353912,0.866002214839,0.0533230293663,33.4,
0.78159697614,0.682445917216,1.12925325417,0.263055447416,0.0471791303235,0.874049945711,0.0498466257669,62.4,
0.113977707638,0.672018213365,0.855447894008,0.297646927623,0.0532299782922,0.854122621564,0.0498084291188,7.80952380952,
0.700107982646,0.644317026824,0.66448763251,0.334285554252,0.059352625835,0.794742163802,0.0943245403677,25.2727272727,
0.872211399653,0.556958917751,0.505422647528,0.368578694545,0.0639917357688,0.67165575304,0.138103161398,1.4140625,
0.944150284204,0.464009818853,0.390491610244,0.397640050406,0.066643633924,0.534644995723,0.140833333333,0.38961038961,
0.979021041132,0.34787288219,0.292749658003,0.42317144529,0.0675961115172,0.398443579767,0.115541090317,0.0450160771704,
0.995818696497,0.268930464579,0.223401501424,0.450969795235,0.0685859853979,0.295389048991,0.0852407261247,0.109625668449,
0.996348464695,0.191556653639,0.167613636364,0.472840273461,0.0681427589368,0.202675585284,0.0550879877582,0.158974358974,
0.996483822518,0.134409977488,0.132622499102,0.499290505677,0.0686087902309,0.130025125628,0.0344053851907,0.202597402597,
0.99657365469,0.073012532652,0.111960484534,0.520955659037,0.0681192803337,0.0582352941176,0.0191176470588,0.151098901099,
0.996536882418,0.0248745594507,0.108298171589,0.549749311492,0.0689315196685,0.000555555555556,0.0109249817917,0.11581920904,
0.996348464695,0.0252116169333,0.120881725528,0.575602140945,0.0691009723764,0.0546792849632,0.00944081336238,0.0261437908497,
0.995888061039,0.0616173868265,0.14696253183,0.611076443056,0.0706698534233,0.0955734406439,0.0116448326055,0.021978021978,
0.983417509447,0.0965250887805,0.190086803371,0.645338809037,0.071592707961,0.130077369439,0.0190476190476,0.0383141762452,
0.9927465922,0.119237152551,0.243395978446,0.690738509212,0.0736342245989,0.154207804419,0.0287610619469,0.158088235294,
1.01064724164,0.139098699666,0.315306548033,0.735794426345,0.074574010327,0.172873563218,0.0422535211268,0.0464285714286,
1.01433174185,0.162957585538,0.395781088657,0.793292913979,0.0758443738696,0.184126984127,0.057249070632,0.100694444444,
0.967346243398,0.17333235092,0.49968304279,0.851250373621,0.075122788073,0.19191011236,0.0690936106984,0.339933993399,
0.942406410417,0.178389305582,0.613640238704,0.922747229776,0.0737552298964,0.195525727069,0.077037037037,0.49025974026,
0.851834485992,0.181525798893,0.761116279069,0.995694889064,0.0699367339916,0.197679607318,0.0729013254786,0.666666666667,
1.13029212532,0.182788378503,0.925360992475,1.08335273574,0.0652071563089,0.198395006687,0.0600292825769,0.872964169381,
0.574097135741,0.183425468467,1.14327750113,1.17374087366,0.0585542449031,0.198752228164,0.0407569141194,1.02523659306,
2.0407239819,0.183453434926,1.39504299444,1.28101997897,0.0515346380724,0.198306595365,0.0152063721941,1.05901639344,
2.0407239819,0.183203103347,1.7452173913,1.39484071045,0.0435378844984,0.197949175212,0.00937950937951,1.14181818182,
2.0407239819,0.182769540578,2.17392761394,1.52939398519,0.0359805006539,0.197949175212,0.0338372930166,1.1119133574,
2.0407239819,0.20464375042,2.82089552239,1.67858314201,0.0281502575871,0.197591436218,0.0545585068198,0.953125,
0.250679717238,0.204845307847,3.71293532339,1.85772792022,0.0213303018351,0.197233377956,0.0727013542409,0.933333333333,
0.250679717238,0.204999879439,5.32443257678,2.06898584905,0.0146972231828,0.197233377956,0.0874471086037,0.788888888889,
1.59468599034,0.205182733106,8.28921568626,2.32985204526,0.00968783638321,0.197679607318,0.0962343096234,0.744186046512,
1.5352173913,0.205542046467,18.1434343434,2.66099605525,0.00551833618384,0.197679607318,0.101379310345,0.704545454545,
3.0536149472,0.205627409491,1183.74999976,3.08691983125,0.00323762662533,0.197679607318,0.0981468771448,0.525423728814,
3.0536149472,0.205420573778,19.3011583012,3.67308330569,0.0020472822447,0.197679607318,0.0875258442453,0.472727272727,
0.0,0.205059399601,10.481,4.47655007946,0.00211043667977,0.197679607318,0.0703342618384,39.5,
0.0,0.20468040363,7.26768010575,5.72622043279,0.00274670442989,0.197679607318,0.0460992907801,5.66666666667,
0.0,0.204336600236,5.79767324228,7.69297082223,0.00357577023895,0.197321428571,0.0217233888487,1.73684210526,
0.0,0.2038336161,4.84244633455,11.7312687315,0.00430811567385,0.197321428571,0.00148148148148,1.0,
0.0,0.199761555024,4.25712324065,22.1143911443,0.00459015771554,0.196875,0.0181268882175,0.5,
0.0,0.199317894787,3.80212640284,233.500000201,0.00448020177501,0.196875,0.0291187739464,1.0,
0.0,0.199178383817,3.48468185389,31.2878787883,0.00393122024318,0.196875,0.0316358024691,1.07692307692,
0.0901898734177,0.199213267505,3.21315298507,14.2395005682,0.00305595626756,0.196875,0.0270061728395,0.673076923077,
0.0901898734177,0.199369489195,3.0097416349,9.61428571443,0.00207070803017,0.196875,0.0184331797235,0.56862745098,
0.0901898734177,0.199643093348,2.8265973826,7.11050027471,0.00100789198441,0.196875,0.00838414634146,0.543859649123,
0.0901898734177,0.199846419458,2.68417317246,5.79023746696,0.000147512978763,0.196875,0.0,0.78313253012,
1.58267405063,0.200126569637,2.5516508663,4.79906204912,0.000557185309357,0.197233377956,0.0104947526237,1.0,
1.64043478261,0.200544289328,2.44571341556,4.18274582564,0.000890959854397,0.197679607318,0.0200743494424,0.983050847458,
1.64043478261,0.198966914636,2.34561428369,3.65275548423,0.00090541293978,0.197679607318,0.0281065088757,1.12903225806,
1.64043478261,0.199320944425,2.25834658188,3.25972189492,0.000562250144136,0.198037466548,0.0339734121123,None,
1.64043478261,0.199595658684,2.1875,2.97196261682,1.90543334319e-05,0.198483496878,0.0347890451517,1.6,
1.64043478261,0.199778055642,2.12434926645,2.74724424675,0.000671450953127,0.198483496878,0.0341753343239,None,
0.0,0.199833305716,2.06354889237,2.52689120084,0.00139005917272,0.198483496878,0.0306198655713,4.0,
0.0,0.199890298591,2.01321257326,2.37275693313,0.00208458265513,0.198483496878,0.0277569392348,1.53333333333,
0.0,0.19995960991,1.96392379408,2.21415635376,0.00268381005858,0.198929527208,0.0248493975904,0.952380952381,
0.0,0.199870590237,1.92280837859,2.10237221123,0.00321656626793,0.198483496878,0.0211480362538,0.44,
2.56143923965,0.199571944652,1.8820313224,1.98270627063,0.00361155125405,0.198483496878,0.018154311649,2.23529411765,
0.0,0.199148706338,1.84751646787,1.89788293899,0.00394017407194,0.197679607318,0.0151400454201,None,
0.0,0.198848824162,1.81301229508,1.80403661113,0.00415010827404,0.197679607318,0.0113808801214,15.0,
0.0,0.198743616629,1.78365701119,1.73805013928,0.00432218355952,0.197233377956,0.0076103500761,3.75,
0.0,0.198517804488,1.75425675141,1.66300327592,0.00438038918806,0.197233377956,0.00382262996942,0.666666666667,
0.0,0.198378653179,1.7290821404,1.61041057197,0.00441032186777,0.197233377956,0.00230061349693,0.357142857143,
0.0,0.19835501028,1.7037310676,1.54841811712,0.00434540230707,0.197321428571,0.00230591852421,0.5,
0.0,0.198439940364,1.68201016537,1.50507005899,0.00433769168069,0.197321428571,0.00307929176289,0.8125,
0.0,0.198410044242,1.65999445907,1.45266037236,0.00425874879582,0.197321428571,0.00385208012327,0.025,
0.0,0.198349740014,1.64084459687,1.41651812241,0.00426074011871,0.197321428571,0.00308166409861,0.186046511628,
1.64043478261,0.198292213678,1.62134150316,1.37148447053,0.00418172357661,0.197321428571,0.00230946882217,0.378378378378,
0.0,0.198370759137,1.60437400951,1.34090909091,0.00417400938913,0.197321428571,0.000768639508071,0.0178571428571,
0.0,0.196478561476,1.58697525545,1.30180248409,0.00409932012441,0.197767857143,0.000766871165644,0.0588235294118,
0.0,1.0,1.00461547683,1.0033687294,0.115814024623,0.598660714286,1.0,3.2,
0.0,1.0,1.00448822569,1.0032524924,0.115539258105,0.598839803659,1.0,3.33333333333,
0.0,1.0,1.00437674075,1.00315219626,0.11530662994,0.598660714286,1.0,7.0,
0.0,1.0,1.00426238583,1.00305019561,0.115048480993,0.598839803659,1.0,1.0,
0.0,1.0,1.00416216216,1.00296219976,0.114777474197,0.598839803659,1.0,0.8,
0.0,1.0,1.00405904059,1.00287266596,0.114434243152,0.598839803659,1.0,0.896551724138,
0.0,1.0,1.00396845849,1.0027948235,0.114082261054,0.598839803659,1.0,0.769230769231,
0.0,1.0,1.00387479871,1.00271514579,0.113679046414,0.598839803659,1.0,1.2,
0.0,1.0,1.00379198267,1.00264550265,0.113309464583,0.599018733274,1.0,1.66666666667,
0.0,1.0,1.00370584272,1.00257385855,0.112939574403,0.599018733274,1.0,1.38181818182,
0.0,1.0,1.00362950742,1.00251077998,0.112637481233,0.599197503344,1.0,1.48387096774,
0.0,1.0,1.00355002305,1.0024458978,0.112364995514,0.599197503344,1.0,0.916666666667,
0.0,1.0,1.00347943967,1.00238861772,0.112147738616,0.599018733274,1.0,1.0,
0.0,0.636926583993,1.00340617535,1.03048718728,0.112001843336,0.605263157895,0.047256097561,1.0,
34.0359809912,0.636706359287,1.00321096937,1.06208842897,0.111562430982,0.603479036574,0.037319116527,1.66666666667,
120.746775289,0.630845702177,1.00212557922,1.09107168753,0.109437278499,0.592328278323,0.0136882129278,9.5,
119.499565217,None,1.40259740258,55.6956521787,0.00832432432432,2.91657397108,None,6.78787878788,
140.404782609,None,3.28571428567,70.6086956589,0.0173621621622,2.8553948832,None,17.619047619,
142.368695652,None,6.32467532452,86.4130434853,0.0300756756757,2.78642936596,None,25.4444444444,
132.562173913,None,9.97402597378,100.347826095,0.0432432432432,2.72525027809,None,None,
111.899130435,None,14.675324675,114.565217401,0.0579243243243,2.66740823137,None,254.0,
86.1908695652,None,19.545454545,127.02173914,0.0712378378378,2.62402669633,None,171.666666667,
65.7069565217,None,25.2597402591,139.891304358,0.0851297297297,2.5873192436,None,52.7777777778,
47.4982608696,None,30.8441558434,151.391304359,0.0974648648649,2.56284760845,None,42.7,
34.8830434783,None,37.142857142,163.565217405,0.110443243243,2.54393770857,None,12.5294117647,
24.2934782609,None,43.1298701289,174.630434797,0.122232432432,2.53170189099,None,21.0476190476,
17.3630434783,None,49.753246752,186.500000015,0.134935135135,2.52280311457,None,30.2,
13.7286956522,None,55.9480519467,197.369565233,0.146691891892,2.51724137931,None,243.0,
0.158260869565,None,62.7142857128,209.10869567,0.159513513514,2.51390433815,None,None,
54.33,None,68.8571428555,220.08695654,0.171497297297,2.52947719689,None,114.75,
116.624347826,None,75.0909090891,232.630434801,0.184751351351,2.57619577308,None,478.0,
176.757826087,None,80.077922076,245.065217412,0.197232432432,2.64627363737,None,54.7777777778,
226.334347826,None,84.1948051928,33.0710227315,0.210892186275,0.0622395109753,0.125786163522,80.8333333333,
61.9223930551,0.0407535016199,86.3896103875,12.3512658222,0.22350524381,0.0316754654071,0.152419354839,43.8181818182,
5.58453364163,0.99693673536,104.218749998,7.31657355665,0.235609529569,0.997488138431,0.104489164087,6.828125,
3.24587986544,0.95778605182,465.071428525,5.23294951283,0.243482424334,0.966704288939,0.0370909090909,1.73837209302,
2.72221466738,0.918451879831,55.7636363648,3.93319973274,0.247180395946,0.934346330275,0.0179186767746,0.609836065574,
2.49788184692,0.884507700723,18.9358108107,3.18186768303,0.246557179608,0.905303030303,0.0306330837304,0.178899082569,
2.43387986149,0.850561359038,8.50963222413,2.63472507413,0.243291144519,0.875444839858,0.0246744345442,0.0690376569038,
2.40739296239,0.82217932633,4.58163265305,2.27543473914,0.239459668082,0.850045167118,0.0145631067961,0.0450819672131,
2.50525027493,0.79545367985,2.40189125295,1.98119900675,0.235566405953,0.82559560171,0.00840925017519,0.0232558139535,
2.74320802123,0.773748326145,1.24428399519,1.76387992253,0.232396873229,0.805555555556,0.0274841437632,0.0314341846758,
3.02300329515,0.751760310275,0.460557392537,1.56617972556,0.228586707864,0.785803237858,0.0796335447498,0.17004048583,
3.28264475605,0.73287544164,0.012514665624,1.40717906562,0.223562424705,0.769567939887,0.146872803935,0.307692307692,
3.53204559746,0.714119122023,0.360655737705,1.25413801884,0.215490741861,0.754402515723,0.223233030091,0.550218340611,
3.62606606607,0.699979037061,0.589021615471,1.12763157896,0.205395979842,0.74369482976,0.26359832636,0.813747228381,
3.53880311518,0.69014810413,0.776867709109,1.00460415497,0.192331560074,0.734913112164,0.263377345379,1.01318681319,
16.8768768769,0.681770506366,0.915242955403,0.90271132377,0.179215116279,0.729917773561,0.244105409154,1.14767932489,
0.744316708445,0.680275978706,1.03985651654,0.801687763711,0.164560072703,0.728274559194,0.214137214137,1.12793176972,
0.906039637118,0.682712535981,1.13901098901,0.713073328885,0.150953525935,0.729536258948,0.184594031922,1.17975206612,
0.927402821681,0.688522251612,1.23562436203,0.62011525302,0.136390443959,0.733231707317,0.153792623521,1.14143426295,
0.930046644558,0.693782681668,1.32064777328,0.536113242947,0.123409680634,0.738123515439,0.128491620112,1.10147991543,
0.916050439106,0.703670781942,1.41483343809,0.44845319405,0.1100910915,0.744259471871,0.108467459762,1.05714285714,
0.889754882179,0.712238218464,1.50898297141,0.372991088428,0.0984647426884,0.748887652948,0.0953048353189,1.04296875,
0.857272021788,9.15169898834,1.62503972037,0.299163179914,0.0865069948761,7.06140350877,0.085553997195,0.992125984252,
0.813363993175,3.74724048409,1.75168891086,0.238850210239,0.0760053007943,3.31797235023,0.080701754386,0.9662027833,
0.762487358073,2.15025435802,1.91833158079,0.181902184678,0.0651204167979,1.9968847352,0.0793539325843,0.894093686354,
0.696634542974,1.48875248977,2.1108584423,0.13613466811,0.0553900102418,1.40975609756,0.0815179198876,0.927125506073,
0.623657639854,1.10161182762,2.37874947191,0.0928077113229,0.0450108211118,1.06060606061,0.0844475721323,0.972457627119,
0.508568940493,0.88835513646,2.70696672253,0.0574289678501,0.0355098973516,0.868794326241,0.0859760394644,0.998015873016,
0.41418822672,0.748298445265,3.19739819005,0.0227393538513,0.0253290736913,0.744816586922,0.0742857142857,1.00398406375,
0.252612675428,0.658427761435,3.84264305177,0.00645686696722,0.01651738555,0.669616519174,0.0370919881306,1.04255319149,
0.22360403605,0.593523725061,4.88531711555,0.0358538267078,0.00839021101922,0.625344352617,0.0127084988086,1.06735751295,
1.33920422857,0.565818421225,6.38949171901,0.0620119692213,0.00202253107597,0.634464751958,0.04659188956,1.34126984127,
2.59566919397,0.583788484729,9.28475711892,0.091496232505,0.00408237898946,0.692883895131,0.11214953271,2.2323943662,
4.08500926932,0.618162584242,15.7507204611,0.1210496614,0.00915689824963,0.762711864407,0.148571428571,19.5,
5.07634334577,0.673835344507,74.6573426577,0.15585803476,0.0143766858541,0.832938388626,0.156424581006,5.46666666667,
7.1867809888,0.598015352192,26.9064935067,0.190035347585,0.0191887818206,0.888758782201,0.148247978437,3.78125,
7.50138160266,0.646664840872,10.1491317671,0.228659389871,0.0245455704067,0.938372093023,0.133851468048,3.60563380282,
4.7700841622,0.679430058398,6.12072304713,0.265307262571,0.0296505738692,0.968822170901,0.117794486216,3.51948051948,
2.52046912425,0.707197845425,4.08741418765,0.305560203001,0.0353523657417,0.987414187643,0.100486223663,5.25,
0.812334989905,0.687272957096,3.00573888092,0.342766419695,0.0407961829255,0.992072480181,0.0847860538827,7.34146341463,
0.0607492997199,0.691736169142,2.24536500579,0.382816415168,0.0469066105856,0.979933110368,0.0724863600935,337.0,
0.510303220246,0.683995472528,1.75497176529,0.419354838712,0.0527631158029,0.956188389923,0.0648648648649,106.333333333,
0.772001293243,0.661658836378,1.3649189303,0.458300770346,0.0593428033408,0.915598290598,0.0599078341014,23.5833333333,
0.930926298454,0.632988005485,1.0947054437,0.493558144744,0.0655096885592,0.861139896373,0.0797498045348,11.3333333333,
0.98183252564,0.562062997472,0.875667556743,0.530622603202,0.0713094395316,0.750730282376,0.138499587799,2.25806451613,
0.99558730372,0.4744871491,0.720649012704,0.566575467397,0.0756151927965,0.612556053812,0.159395973154,0.43842364532,
0.996433932267,0.363721094794,0.58919988691,0.597342308364,0.0775782225265,0.462601626016,0.145695364238,0.0669014084507,
0.996405968867,0.280235134162,0.49494680851,0.627523153645,0.0787160561806,0.346556886228,0.115942028986,0.175757575758,
0.996318886222,0.199585496959,0.417654476671,0.659846860642,0.0791963379489,0.245674740484,0.0802180685358,0.0909090909091,
0.996388990694,0.141649213629,0.366642353513,0.690190856633,0.0792910868825,0.167315175097,0.0531107738998,0.172043010753,
1.00480173819,0.0805233442433,0.331674958541,0.724402673905,0.0793104873713,0.0916262135922,0.0311804008909,0.137931034483,
0.99657365469,0.0323577978077,0.318091218197,0.758279748323,0.0794600015814,0.0297653119634,0.0190615835777,0.12962962963,
0.99647260116,0.0192058113525,0.323017180513,0.798327272724,0.0799421710981,0.0291419320022,0.0116448326055,0.0322580645161,
0.99620270823,0.0576818207517,0.345339236568,0.839310239588,0.0807789108907,0.0750642673522,0.0116363636364,0.0130293159609,
1.00535431782,0.0957449849546,0.387976792988,0.889076440802,0.0820558717986,0.115100836203,0.0197080291971,0.0273037542662,
1.00671830027,0.127326051296,0.449097938145,0.945088416954,0.0834151086688,0.144555397052,0.0360029390154,0.0142857142857,
1.00827828938,0.15314928417,0.521303936156,1.00301338296,0.0842833981007,0.1656612529,0.0554733727811,0.00719424460432,
1.01091515376,0.167902795619,0.608465608466,1.06738444403,0.08427307893,0.1786203746,0.072808320951,0.189781021898,
1.01376310905,0.179052186505,0.721389228887,1.14465592972,0.0827768738475,0.187528242205,0.0848214285714,0.372623574144,
0.957174318143,0.19222852702,0.845220527955,1.22348484849,0.079785771341,0.193447037702,0.083147735709,0.510791366906,
0.80536725787,0.196713296878,1.00463045414,1.3174551739,0.0748186009308,0.196244970943,0.0709010339734,0.798657718121,
0.851834485992,0.198653690343,1.18116644061,1.41290249175,0.0688777993081,0.197233377956,0.0506607929515,0.877551020408,
0.751163042302,0.199981410786,1.4143255415,1.52705314009,0.0613710205773,0.197949175212,0.0255474452555,1.04044117647,
0.432129514321,0.200786668117,1.68007617234,1.64400051223,0.0539007346836,0.198306595365,0.0,1.11428571429,
2.0407239819,0.201467762754,2.04571274006,1.78591008772,0.0456837411647,0.198306595365,0.0260115606936,1.07339449541,
2.0407239819,0.201784021071,2.48529866914,1.93445747801,0.0382963607299,0.198306595365,0.0461095100865,0.936102236422,
2.0407239819,0.201918495928,3.13321100917,2.11913071066,0.0307145151668,0.198395006687,0.05966930266,0.831683168317,
2.17167600611,0.201860971141,3.99069561365,2.31885302197,0.0241507271559,0.198037466548,0.0665712240515,0.797153024911,
2.28782475802,0.201780055518,5.448196909,2.57724957556,0.0176065845461,0.197591436218,0.0709723207949,0.795774647887,
2.47233546884,0.201615646723,7.85691823901,2.86848119676,0.0122550512267,0.197591436218,0.0731364275668,0.826254826255,
2.71622539036,0.201447098216,13.9827127659,3.2634408602,0.00747316539915,0.197679607318,0.0751043115438,0.732394366197,
0.0,0.201354667622,41.0485074628,3.73220428685,0.00419686961788,0.197679607318,0.0764989662302,0.671052631579,
1.48694620253,0.201379699437,44.5135135131,4.4076019777,0.00198839234445,0.197679607318,0.0708390646492,0.682242990654,
1.48694620253,0.201491447982,16.1491935484,5.26515704897,0.00107872302004,0.198037466548,0.0615491009682,0.0238095238095,
1.58267405063,0.201437328645,9.91930379746,6.61932849362,0.00102674284845,0.198037466548,0.0462833099579,None,
0.0,0.199225586747,7.4991354467,8.58464223367,0.00150609564895,0.198037466548,0.0306486101212,5.0,
0.0,0.198991043099,6.04157353599,12.415282392,0.00221197981687,0.198483496878,0.0130909090909,1.2380952381,
2.56143923965,0.198620266308,5.19175027871,20.6037991857,0.00273654256581,0.197679607318,0.00148148148148,18.0,
0.0,0.198108177616,4.55450535602,63.8916666571,0.00308074392856,0.197679607318,0.0120572720422,None,
0.0,0.194130517086,4.12230215827,72.5327102921,0.00306111811367,0.197679607318,0.01523229246,4.5,
2.56143923965,0.193987203053,3.76076320939,22.3960113975,0.00277264325323,0.197679607318,0.0122605363985,0.892857142857,
2.86839967506,0.193934815313,3.49546760999,13.8046875006,0.00234738444467,0.197321428571,0.00613496932515,0.890410958904,
0.196588139724,0.193988489209,3.2591554933,9.80804387561,0.00183683058916,0.197321428571,0.00305110602593,0.760869565217,
2.86839967506,0.194137922555,3.07631482162,7.76097328245,0.00142044104932,0.197321428571,0.0143504531722,0.756097560976,
0.0901898734177,0.194237288136,2.90760135135,6.33513097073,0.0011696963069,0.197321428571,0.0253731343284,0.245901639344,
0.0901898734177,0.194300878514,2.77287709936,5.42390594381,0.00119417471109,0.197321428571,0.0318047337278,0.633333333333,
0.0,0.194314816606,2.64592743698,4.70271784808,0.00146583602625,0.196875,0.0338235294118,0.481481481481,
0.0,0.194165404322,2.54380210469,4.19559296859,0.00189418276484,0.196875,0.0330396475771,4.0,
1.64043478261,0.194028965204,2.44653604815,3.76599956018,0.00246473009302,0.196875,0.0286975717439,8.5,
1.64043478261,0.194051843843,2.36734446865,3.44854407661,0.00299190425906,0.196875,0.0229289940828,0.1,
1.64043478261,0.19414996184,2.29160951075,3.16748232736,0.00349482433159,0.197321428571,0.0186011904762,0.833333333333,
1.64043478261,0.194197580774,2.22892876563,2.95116240174,0.00388361513707,0.197321428571,0.0157068062827,1.13333333333,
0.0,0.194375493596,2.16802728118,2.75281766253,0.00421555907248,0.197321428571,0.015037593985,0.777777777778,
1.64043478261,0.194559088987,2.1169844877,2.59590423998,0.00446721350429,0.19812583668,0.0158371040724,2.25,
1.2424691358,0.19488774371,2.06679245283,2.44789983844,0.00467200882121,0.19812583668,0.0158970476911,25.0,
1.64043478261,0.196402036246,2.02445430668,2.32846993147,0.00479663047405,0.198483496878,0.0144267274108,38.0,
0.0,0.196670937239,1.98246071025,2.21455023295,0.00483174494474,0.198929527208,0.0114329268293,1.33333333333,
0.0,0.196750479985,1.94663767146,2.12130143975,0.00475309141256,0.198929527208,0.00839694656489,1.38095238095,
2.56143923965,0.196593973166,1.91063384813,2.03029326459,0.00457492692494,0.198483496878,0.00610687022901,0.862068965517,
2.56143923965,0.196276708338,1.87980731878,1.95450819674,0.00434882015033,0.198483496878,0.00381388253242,0.47619047619,
2.56143923965,1.0,1.00576951896,1.00448824276,0.118300273565,0.598839803659,1.0,1.78571428571,
2.56143923965,1.0,1.00558578165,1.00429826201,0.117888272205,0.598839803659,1.0,1.5,
2.56143923965,1.0,1.00539934086,1.00411007863,0.117522193124,0.598839803659,1.0,1.54545454545,
2.56143923965,1.0,1.00522494402,1.00393700787,0.11724427521,0.598660714286,1.0,1.0,
0.0,1.0,1.00507380074,1.00379006344,0.117050471304,0.598660714286,1.0,0.925925925926,
0.0,1.0,1.00493115594,1.00365340322,0.116902954795,0.598660714286,1.0,0.625,
0.0,1.0,1.00478558111,1.00351601315,0.116768039416,0.598660714286,1.0,2.0,
0.0,1.0,1.00465876089,1.00339834515,0.116628864749,0.598660714286,1.0,None,
0.0,1.0,1.00452914534,1.0032798574,0.116430570547,0.598660714286,1.0,7.8,
0.0,1.0,1.00441615049,1.00317811248,0.116189966606,0.598660714286,1.0,3.625,
0.0,1.0,1.00429999442,1.00307507186,0.115873182761,0.598839803659,1.0,1.55555555556,
0.0,1.0,1.00419847328,1.00298584967,0.115543486575,0.598839803659,1.0,0.947368421053,
0.0,1.0,1.00409378489,1.00289490245,0.115166994294,0.598839803659,1.0,1.0,
3.39260869565,0.641307366081,1.00400166303,1.03684887066,0.114878346372,0.606696428571,0.0362374710871,1.0,
48.7608695652,0.639347705355,1.00339877238,1.07454080723,0.114250702459,0.600446428571,0.0284396617986,1.36363636364,
101.366521739,0.627672949732,1.0010918656,1.10907196202,0.112038460249,0.583928571429,0.0222222222222,4.77419354839,
128.671304348,0.604734802375,0.995441761226,1.14654881207,0.106555413988,0.558928571429,0.0902140672783,11.7083333333,
134.938695652,0.57988589036,0.986988935847,1.180136159,0.0982603571275,0.534375,0.120702826585,13.7096774194,
128.023913043,0.553033710448,0.974922212418,1.21370903064,0.086630021709,0.509375,0.118993135011,21.0416666667,
108.537391304,0.530248444885,0.961813299349,1.24159532262,0.0746075494308,0.48817492191,0.105182926829,17.7741935484,
88.3560869565,0.509113856168,0.94622889473,1.26860429604,0.0612516899828,0.46943328871,0.0898705255141,35.0666666667,
67.7995652174,None,21.493506493,126.173913054,0.0718216216216,2.62958843159,None,14.6060606061,
53.2952173913,None,27.0519480513,139.217391316,0.0857513513514,2.60177975528,None,21.2380952381,
40.3165217391,None,32.4285714278,150.956521752,0.0980648648649,2.58175750834,None,23.2222222222,
33.1565217391,None,38.4935064926,163.434782621,0.110989189189,2.56507230256,None,None,
26.022173913,None,44.2597402587,174.826086971,0.122708108108,2.55283648498,None,231.5,
22.5630434783,None,50.6493506481,187.021739146,0.135356756757,2.54171301446,None,156.333333333,
8.52913043478,None,56.675324674,198.19565219,0.147086486486,2.53503893215,None,54.6666666667,
45.5130434783,None,63.1428571413,210.391304365,0.159967567568,2.54616240267,None,45.4,
107.334347826,None,68.7662337646,222.1304348,0.172145945946,2.58398220245,None,12.8529411765,
162.313043478,None,74.1038961021,235.695652193,0.185648648649,2.65406006674,None,22.0952380952,
216.899130435,None,77.9220779202,249.217391324,0.198259459459,2.74749721913,None,32.6666666667,
240.48,None,80.4155844137,264.826086979,0.211908108108,2.87208008899,None,247.0,
241.314347826,None,80.9740259721,279.673913067,0.224502702703,2.99332591769,None,None,
229.482173913,None,79.7272727254,44.1788079538,0.238198457272,0.97110308419,0.339604891816,168.0,
91.4055969471,0.893783506592,76.9999999982,14.0463157895,0.250932503,0.943595443179,0.142168674699,None,
4.77851872409,0.860691925328,84.469696973,8.56365962902,0.263338373474,0.915760111576,0.0998452012384,6.27941176471,
2.80463246587,0.833750180312,365.499999964,5.83546537276,0.270873222468,0.891396332863,0.0282404055033,1.76595744681,
2.2185352995,0.807900145041,41.0733944944,4.33355525964,0.274375376801,0.866513892867,0.0234159779614,0.546268656716,
2.00886711949,0.785752474128,12.64983165,3.46362649297,0.273623803566,0.844943165258,0.0374149659864,0.179954441913,
1.89497854051,0.763636026799,4.97739130435,2.83242258653,0.270195087646,0.823791159893,0.0459218642906,0.004,
1.8763975559,0.74458927672,2.21235955056,2.41864643643,0.265440764338,0.805848658426,0.0742539902845,0.0826771653543,
1.90077748147,0.72396958135,0.799039231384,2.10547014656,0.259805862703,0.788637751985,0.129733520337,0.329501915709,
1.95122732382,0.706510454399,0.0227001194746,1.83042917068,0.250033817466,0.774313059586,0.190409026798,0.454926624738,
2.05058822475,0.690159978747,0.444550669216,1.62538975503,0.239659680678,0.761430793157,0.242766407904,0.717488789238,
2.09438697513,0.679333436992,0.741029641185,1.43488977132,0.226055383471,0.75234521576,0.255977496484,0.939655172414,
2.15808587166,0.673174366938,0.962962962963,1.27250762971,0.211479018019,0.744901160966,0.242827151854,1.07543103448,
2.41813813814,0.669965440107,1.11819994304,1.1418338109,0.197653265418,0.739226171752,0.220209059233,1.17419354839,
2.66148480019,0.667935840253,1.25414781297,1.026223973,0.183731585855,0.734635991176,0.191666666667,1.12291666667,
42.3283470456,0.666393520545,1.35256124722,0.913601187317,0.169239276108,0.730429292929,0.164934164934,1.17067833698,
0.490173804385,0.665367614114,1.44553464157,0.810910910906,0.155098428116,0.727301288093,0.135041551247,1.11713665944,
0.687031693349,0.688681106662,1.52274820409,0.720201348657,0.14255380622,0.725861533685,0.109570041609,1.04411764706,
0.752941326433,0.687538587349,1.60537190083,0.631157136425,0.130641362504,0.724946695096,0.089074460682,0.980079681275,
0.774996605962,0.690960579349,1.67766704787,0.53569306511,0.11846863419,0.725954424386,0.0796089385475,0.949290060852,
0.776497113681,0.693727222275,1.76731257942,0.442613772692,0.107166148345,0.727012317388,0.077731092437,0.889112903226,
0.70223887144,0.698626396898,1.86311125178,0.361644043372,0.09724673956,121.75,0.086255259467,0.874751491054,
0.463268863006,10.0059155294,1.98084352865,0.285528783726,0.0869270391863,7.86324786325,0.133333333333,0.92600422833,
0.209232734525,4.23976002996,2.11254612546,0.210743233959,0.0738756556884,3.95575221239,0.167134831461,1.17682926829,
0.063625432515,2.88002345258,2.27387515561,0.142828856185,0.0594946192617,2.859375,0.166549543219,1.42635658915,
0.0411378486345,2.1623922037,2.47285769678,0.0766246979514,0.0430922659659,2.23671497585,0.144163150492,1.59375,
0.0503961852764,1.82339254518,2.71790468012,0.0145787002739,0.0262470913018,1.93075356415,0.112676056338,1.69080234834,
0.055501661778,1.55492029912,3.04905102292,0.0437530091507,0.00880052151239,1.68318584071,0.0846262341326,1.77579365079,
0.0150960209373,1.40812248491,3.47562734353,0.0996222851793,0.00823653901938,1.55144694534,0.048606147248,1.76831683168,
0.018199948048,1.27747686779,4.10989010989,0.150385977132,0.0246084649236,1.4275147929,0.00970873786408,1.83295711061,
0.0243803955042,1.19305011548,4.98170459617,0.19989672385,0.0389357091259,1.34909596662,0.0884462151394,1.87212276215,
0.0228413527354,1.09522204285,6.46545454545,0.244043896059,0.0507042028806,1.26544021025,0.19425087108,2.2786259542,
0.0250855590446,1.03434590668,9.28923357662,0.288919025823,0.059973203885,1.20503144654,0.283442469598,3.3515625,
0.0508470242281,0.979815026734,16.3036912751,0.328888138647,0.0663769543663,1.16097560976,0.301994301994,13.9090909091,
0.0811504015473,0.957552102363,213.62790698,0.371250770868,0.0719489366438,1.13516746411,0.272051996286,4.01724137931,
0.121179409678,0.945198476599,17.8333333334,0.409860808315,0.0765420014086,1.12071005917,0.225402504472,4.39655172414,
0.539055435765,0.941890550845,7.83976833978,0.451159678857,0.0815455603194,1.10798122066,0.181896551724,2.57142857143,
0.949370922005,0.908319347612,4.53869407498,0.489211433659,0.0861266740092,1.09069767442,0.141196013289,3.23076923077,
1.04629338696,0.779491552947,3.08333333333,0.529917850797,0.0916292801413,1.06904487917,0.11218724778,4.89473684211,
1.03517316017,0.765813818056,2.16068965517,0.567318884765,0.0969467724394,1.03972758229,0.0890464933018,8.16666666667,
0.980359304871,0.747026567919,1.60705146432,0.607380319148,0.103208541176,1.00334448161,0.0744763382467,9.96428571429,
0.948082776576,0.717133356269,1.18745528261,0.643966282165,0.109302930293,0.955386289445,0.0652340752111,None,
0.954726052553,0.686443470992,0.902924704417,0.683359270788,0.116194155499,0.908704883227,0.0594965675057,20.5,
0.972274616246,0.642989425511,0.670916044437,0.71919834757,0.122703996994,0.839468302658,0.0808709175739,8.425,
0.983179361225,0.575797378425,0.511283149398,0.757913082591,0.128840416257,0.731472569779,0.140868140868,4.78260869565,
0.995709826573,0.46611357362,0.379284425736,0.793087741275,0.132620985526,0.578947368421,0.171548117155,0.520231213873,
0.996064011712,0.366146889902,0.277893857083,0.831514166282,0.134811503142,0.434262948207,0.16597853014,0.0549450549451,
1.00380044667,0.263728355259,0.206470278801,0.867995240925,0.135103720324,0.315789473684,0.141138732959,0.279761904762,
1.00334913543,0.193402141336,0.15253172509,0.909631536998,0.134176162762,0.225323349217,0.117509727626,0.529715762274,
1.00276784088,0.12454195954,0.111744031026,0.950175215035,0.130947591405,0.142222222222,0.0922844175492,0.725888324873,
1.00269515223,0.0719095822401,0.088385336339,0.997936085222,0.126588665418,0.0733890214797,0.0689399555226,0.830287206266,
1.00265448178,0.0152661006501,0.0820754716984,1.04969376392,0.12166910932,0.0106801573918,0.0446232626189,0.941176470588,
1.0027766625,0.0281858496505,0.0898943118395,1.10152432354,0.116189318863,0.0405549626467,0.0218023255814,1.02915451895,
1.00369200692,0.072065118153,0.113672206721,1.15808880012,0.110225427553,0.0863821138211,0.00436046511628,1.09830508475,
1.00434449196,0.102980217733,0.152774290736,1.22375020223,0.104503640591,0.121700879765,0.0102264426589,1.03053435115,
0.991570954241,0.131328003403,0.201753238257,1.28906978716,0.0995525106753,0.148341232227,0.0191176470588,1.03125,
0.988706446164,0.149513514556,0.263266428375,1.36391899094,0.0948905109489,0.166898470097,0.0258875739645,0.963503649635,
0.981267135976,0.174945821935,0.344056148559,1.44131104678,0.0899584117068,0.180200729927,0.0274684484039,0.80487804878,
0.964109262309,0.194186333959,0.432912575971,1.52911243762,0.0854901484352,0.187697874265,0.0267459138187,0.822147651007,
0.942313397075,0.200004672154,0.546830334623,1.62264150943,0.0803317566594,0.19208277103,0.0251851851852,0.748407643312,
0.897577181752,0.202627045087,0.671752951863,1.72945131208,0.0753917496319,0.194257514581,0.0213864306785,0.805031446541,
0.87888079724,0.204514522016,0.834429169157,1.84642775099,0.0694609240796,0.195700850873,0.0197802197802,0.849180327869,
0.806505931879,0.205567412212,1.01730179588,1.98043504678,0.0636626649965,0.196779964222,0.0189366351056,0.877813504823,
0.751163042302,0.20641115871,1.26443843696,2.13018672199,0.0568603935625,0.197050938338,0.0210144927536,0.824451410658,
0.342745861733,0.2067663524,1.55460088692,2.30236416425,0.0502682359753,0.197767857143,0.0231046931408,0.822368421053,
0.120022123894,0.207076108787,1.9694041868,2.49962769918,0.042849459425,0.197679607318,0.0251979841613,0.878676470588,
0.120022123894,0.207161716377,2.4928030303,2.72771007055,0.0357887102845,0.198037466548,0.0280373831776,0.956204379562,
0.250679717238,0.20725217115,3.323488045,2.99825052483,0.0281189877164,0.197591436218,0.0350500715308,1.02857142857,
0.250679717238,0.207325462837,4.54933814681,3.3162621823,0.0211437458094,0.197949175212,0.0468417317246,0.993103448276,
0.111111111111,0.207532862394,7.05502183405,3.71343537414,0.014231739216,0.197949175212,0.0617110799439,0.99203187251,
0.0,0.207794828538,12.9110105581,4.19667458435,0.0087794533459,0.197949175212,0.0762829403606,1.0,
0.0901898734177,0.207976190476,66.8161764713,4.84059945503,0.0043639392835,0.197591436218,0.0886597938144,0.840277777778,
0.0901898734177,0.208157308669,27.1303116145,5.66372239744,0.00182223698572,0.197591436218,0.0914089347079,0.651162790698,
0.0901898734177,0.208089380409,11.5056947608,6.86235741448,0.000636742917423,0.197591436218,0.0851800554017,0.25,
0.0901898734177,0.208051018719,7.79808400884,8.52968676962,0.000722402558826,0.197591436218,0.0716292134831,2.58823529412,
0.0,0.20784992084,5.9416175683,11.3531230675,0.00155325232988,0.197591436218,0.0508960573477,1.34782608696,
1.64043478261,0.207556971023,4.96519123335,16.2227074233,0.0026389106425,0.197591436218,0.0300366300366,1.17948717949,
1.64043478261,0.207381767913,4.27931769723,29.0512422343,0.00364710792404,0.198037466548,0.00973782771536,0.964285714286,
0.0,0.202636125286,3.83445945946,99.1727748613,0.0042952638316,0.198037466548,0.00457317073171,0.157894736842,
0.0,0.202339958886,3.47612660944,65.1501706553,0.00449944290354,0.198037466548,0.0131071703932,0.52,
0.0,0.202340654404,3.19990469383,24.889032258,0.00426944971537,0.198037466548,0.0131477184841,0.714285714286,
0.0901898734177,0.202459608562,2.99395378968,15.9467649468,0.00376493153807,0.198037466548,0.0077101002313,0.816666666667,
2.86839967506,0.202481916798,2.82241515391,11.7970059879,0.00314604392105,0.198037466548,0.00229709035222,0.381818181818,
0.0901898734177,0.202390517624,2.66612554113,9.18333333351,0.00242628378957,0.197233377956,0.0121396054628,0.350877192982,
2.86839967506,0.202251406443,2.54275217101,7.6637371036,0.00195222291529,0.197233377956,0.0203313253012,0.592592592593,
2.86839967506,0.202188963735,2.42737948084,6.47689345312,0.00161049010359,0.197233377956,0.0276325616131,0.341772151899,
2.56143923965,0.202237574383,2.33492269903,5.69720670394,0.00162056786605,0.196875,0.0326409495549,0.415094339623,
2.56143923965,0.20221866269,2.24682860999,5.02276621793,0.00187326615632,0.196875,0.0340236686391,0.44,
0.0,0.202228375989,2.17527346731,4.55404217932,0.00236378453341,0.196875,0.0347376201035,5.5,
0.0,0.202152683428,2.10670658683,4.12339331616,0.00299181538403,0.196875,0.0318991097923,0.333333333333,
0.0,0.202036563794,2.050466015,3.81561311357,0.00365276362286,0.196875,0.0298062593145,None,
1.64043478261,0.202035463823,1.99579831933,3.51934894537,0.00429907876884,0.196875,0.0276946107784,3.0,
1.64043478261,0.202277118161,1.95034440218,3.30257676287,0.00490744398802,0.197321428571,0.0270473328325,0.705882352941,
1.2424691358,0.202589885842,1.90584892721,3.08571019065,0.00542565191111,0.197679607318,0.0241327300151,0.695652173913,
1.64043478261,0.20293361778,1.86835680751,2.92560204493,0.00589677081598,0.197679607318,0.0219198790627,0.888888888889,
1.64043478261,0.203125212396,1.83125168479,2.75990411305,0.00625886474189,0.19812583668,0.0196671709531,1.68421052632,
0.0,0.203149227124,1.7972088215,2.62002613135,0.00656898866135,0.19812583668,0.0158970476911,None,
0.0,0.202921836024,1.76813278008,2.50535331904,0.00678882747523,0.19812583668,0.00986342943854,15.0,
