0.0,0,0.0,0.0,0.0,0.0,0,0.0,
0.0,0,0.0,0.0,0.0,0.0,0,0.0,
0.0,0,0.0,0.0,0.0,0.0,0,0,
0.0,0,0.0,0.0,0.0,0.0,0,0.0,
0.0,0,0.0,0.0,0.0,0.0,0,0.0,
0.0,0,0.0,0.0,0.0,0.0,0,0.0,
0.0,0,0.0,0.0,0.0,0.0,0,0.0,
0.0,0,0.0,0.0,0.0,0.0,0,0.0,
0.0,0,0.0,0.0,0.0,0.0,0,0.0,
0.0,0,0.0,0.0,0.0,0.0,0,0.0,
0.0,0,0.0,0.0,0.0,0.0,0,0.0,
0.0,0,0.0,0.0,0.0,0.0,0,0.0,
0.0,0,0.0,0.0,0.0,0.0,0,0.0,
3.39260869565,0.0,0.0,0.0,0.0,0.0,0.0,0.0,
1.20138350643,0.00102771765336,0.0,0.0,0.0,0.0,0.0,0.0,
0.287231017158,0.00454167217899,0.0,0.0,0.0,0.0,0.0,0.0,
0.0434449962272,0.00698165029349,0.0,0.0,0.0,0.0,0.0,0.0,
0.0598950126507,0.008100122149,0.0,0.0,0.0,0.0,0.0,0.0,
0.115775041767,0.00626577752109,0.0,0.0,0.0,0.0,0.0,0.0,
0.172221757392,0.00484704797208,0.0,0.0,0.0,0.0,0.0,0.0,
0.215853857576,0.00116752526656,0.0,0.0,0.0,0.0,0.0,0.0,
0.17867777166,0.0051417097085,0.0,0.0,0.0,0.0,0.0,0.0,
0.146430776437,0.00127056430884,0.0,0.0,0.0,0.0,0.0,0.0,
0.121879218093,0.000435957102531,0.0,0.0,0.0,0.0,0.0,0.0,
0.107558139535,0.00230725637674,0.0,0.0,0.0,0.0,0.0,0.0,
0.0,0.0030679705811,0.0,0.0,0.0,0.0,0.0,0.0,
0.211956954962,0.00364688124239,0.0,0.0,0.0,0.0,0.0,0.0,
0.473134859447,0.00326886697281,0.0,0.0,0.0,0.0,0.0,0.0,
15.6497149715,0.00481582604407,0.0,0.0,0.0,0.0,0.0,0.0,
0.794170645034,0.0103888539506,0.0,0.0,0.0,0.0,0.0,0.0,
0.402648815684,0.0151426071653,0.0,0.0,0.0,0.0,0.0,0.0,
0.26251788269,0.0237074093644,0.0,0.0,0.0,0.0,0.0,0.0,
0.0757965036938,0.0462970269558,0.0,0.0,0.0,0.0,0.0,0.0,
0.0250981489446,0.973601417007,0.0,0.0,0.0,0.0,0.0,0.0,
0.0539487305459,19.9077451879,0.0,0.0,0.0,0.0,0.0,0.0,
0.0509081438791,2.08865021849,0.0,0.0,0.0,0.0,0.0,0.0,
0.0442162475219,1.05927460378,0.0,0.0,0.0,0.0,0.0,0.0,
0.0886976409799,0.771323027733,0.0,0.0,0.0,0.0,0.0,0.0,
0.126882173318,0.557530028472,0.0,0.0,0.0,0.0,0.0,0.0,
0.182872315073,0.446923697554,0.0,0.0,0.0,0.0,0.0,0.0,
0.206149549599,0.346149603708,0.0,0.0,0.0,0.0,0.0,0.0,
0.193819203104,0.312364082291,0.0,0.0,0.0,0.0,0.0,0.0,
0.183847476854,0.256885485248,0.0,0.0,0.0,0.0,0.0,0.0,
0.234059308359,0.230202853009,0.0,0.0,0.0,0.0,0.0,0.0,
0.220242200558,0.201253260059,0.0,0.0,0.0,0.0,0.0,0.0,
0.178007501601,0.182741617035,0.0,0.0,0.0,0.0,0.0,0.0,
0.154643058956,0.16109373162,0.0,0.0,0.0,0.0,0.0,0.0,
0.221755532221,0.148200518112,0.0,0.0,0.0,0.0,0.0,0.0,
0.208380365058,0.13657659994,0.0,0.0,0.0,0.0,0.0,0.0,
0.131599081867,0.129670364451,0.0,0.0,0.0,0.0,0.0,0.0,
0.394866801141,0.125017580531,0.0,0.0,0.0,0.0,0.0,0.0,
0.625911956612,0.0673381680791,0.0,0.0,0.0,0.0,0.0,0.0,
0.556070552212,0.0710699526496,0.0,0.0,0.0,0.0,0.0,0.0,
0.602575120957,0.0762290920281,0.0,0.0,0.0,0.0,0.0,0.0,
0.53354620297,0.0840019805388,0.0,0.0,0.0,0.0,0.0,0.0,
0.327899764535,0.0895017343975,0.0,0.0,0.0,0.0,0.0,0.0,
0.560469016427,0.0943351830096,0.0,0.0,0.0,0.0,0.0,0.0,
0.286203639384,0.109799219183,0.0,0.0,0.0,0.0,0.0,0.0,
0.113448874552,0.114962295652,0.0,0.0,0.0,0.0,0.0,0.0,
0.0401762974551,0.110694919989,0.0,0.0,0.0,0.0,0.0,0.0,
0.128579116878,0.0831506454874,0.0,0.0,0.0,0.0,0.0,0.0,
0.196520942298,0.0419796999796,0.0,0.0,0.0,0.0,0.0,0.0,
0.287124705734,0.0191254352369,0.0,0.0,0.0,0.0,0.0,0.0,
0.409001939809,0.00235603497654,0.0,0.0,0.0,0.0,0.0,0.0,
0.511305233789,0.0254315628404,0.0,0.0,0.0,0.0,0.0,0.0,
0.603604629269,0.0480383178424,0.0,0.0,0.0,0.0,0.0,0.0,
0.674024676768,0.0787542409828,0.0,0.0,0.0,0.0,0.0,0.0,
0.73789465439,0.100254109287,0.0,0.0,0.0,0.0,0.0,0.0,
0.780903623767,0.124858519985,0.0,0.0,0.0,0.0,0.0,0.0,
0.82090884222,0.139874792378,0.0,0.0,0.0,0.0,0.0,0.0,
0.867868628295,0.154661067667,0.0,0.0,0.0,0.0,0.0,0.0,
0.939490138458,0.17151650737,0.0,0.0,0.0,0.0,0.0,0.0,
1.04297437094,0.178048949028,0.0,0.0,0.0,0.0,0.0,0.0,
1.10588348026,0.181178579313,0.0,0.0,0.0,0.0,0.0,0.0,
1.23391193903,0.183243674248,0.0,0.0,0.0,0.0,0.0,0.0,
1.40744837758,0.184067148931,0.0,0.0,0.0,0.0,0.0,0.0,
0.703908554572,0.184809310235,0.0,0.0,0.0,0.0,0.0,0.0,
0.703908554572,0.185255442001,0.0,0.0,0.0,0.0,0.0,0.0,
0.0,0.185662405962,0.0,0.0,0.0,0.0,0.0,0.0,
0.0,0.185708186416,0.0,0.0,0.0,0.0,0.0,0.0,
0.040191740413,0.185642292281,0.0,0.0,0.0,0.0,0.0,0.0,
0.0,0.188824350205,0.0,0.0,0.0,0.0,0.0,0.0,
2.18597063622,0.188909806971,0.0,0.0,0.0,0.0,0.0,0.0,
2.33954571928,0.188907267149,0.0,0.0,0.0,0.0,0.0,0.0,
0.0991304347826,0.188812085638,0.0,0.0,0.0,0.0,0.0,0.0,
1.48694620253,0.18897938228,0.0,0.0,0.0,0.0,0.0,0.0,
1.48694620253,0.189260196392,0.0,0.0,0.0,0.0,0.0,0.0,
1.58267405063,0.189381833884,0.0,0.0,0.0,0.0,0.0,0.0,
1.64043478261,0.189558351635,0.0,0.0,0.0,0.0,0.0,0.0,
1.64043478261,0.189636254423,0.0,0.0,0.0,0.0,0.0,0.0,
1.64043478261,0.189524074865,0.0,0.0,0.0,0.0,0.0,0.0,
1.64043478261,0.202966528237,0.0,0.0,0.0,0.0,0.0,0.0,
1.64043478261,0.203269376706,0.0,0.0,0.0,0.0,0.0,0.0,
2.56143923965,0.203334020364,0.0,0.0,0.0,0.0,0.0,0.0,
0.0,0.203165431249,0.0,0.0,0.0,0.0,0.0,0.0,
0.0,0.203003468086,0.0,0.0,0.0,0.0,0.0,0.0,
0.0,0.202837934867,0.0,0.0,0.0,0.0,0.0,0.0,
1.48694620253,0.202820416198,0.0,0.0,0.0,0.0,0.0,0.0,
1.58267405063,0.203020368967,0.0,0.0,0.0,0.0,0.0,0.0,
0.196588139724,0.203111612998,0.0,0.0,0.0,0.0,0.0,0.0,
0.196588139724,0.203168246266,0.0,0.0,0.0,0.0,0.0,0.0,
0.0,0.202134383413,0.0,0.0,0.0,0.0,0.0,0.0,
0.0,0.202143318162,0.0,0.0,0.0,0.0,0.0,0.0,
0.0,0.202233410843,0.0,0.0,0.0,0.0,0.0,0.0,
0.0,0.202324273361,0.0,0.0,0.0,0.0,0.0,0.0,
0.0,0.202348905309,0.0,0.0,0.0,0.0,0.0,0.0,
0.0,0.202195292998,0.0,0.0,0.0,0.0,0.0,0.0,
0.0,0.201936061135,0.0,0.0,0.0,0.0,0.0,0.0,
0.0,0.201621268826,0.0,0.0,0.0,0.0,0.0,0.0,
2.56143923965,0.201366866727,0.0,0.0,0.0,0.0,0.0,0.0,
0.0,0.20112022606,0.0,0.0,0.0,0.0,0.0,0.0,
1.64043478261,0.199257978144,0.0,0.0,0.0,0.0,0.0,0.0,
1.64043478261,0.199529176419,0.0,0.0,0.0,0.0,0.0,0.0,
2.56143923965,0.199720851947,0.0,0.0,0.0,0.0,0.0,0.0,
1.64043478261,0.199745390623,0.0,0.0,0.0,0.0,0.0,0.0,
0.0,0.199841244766,0.0,0.0,0.0,0.0,0.0,0.0,
0.0,0.199892881559,0.0,0.0,0.0,0.0,0.0,0.0,
0.0,0.199765420617,0.0,0.0,0.0,0.0,0.0,0.0,
2.56143923965,0.199511489989,0.0,0.0,0.0,0.0,0.0,0.0,
0.0,0.199351071377,0.0,0.0,0.0,0.0,0.0,0.0,
0.0,0.199258358745,0.0,0.0,0.0,0.0,0.0,0.0,
1.64043478261,0.200522171285,0.0,0.0,0.0,0.0,0.0,0.0,
0.0,0.200677580842,0.0,0.0,0.0,0.0,0.0,0.0,
0.0,0.200731877211,0.0,0.0,0.0,0.0,0.0,0.0,
0.0,0.200761640602,0.0,0.0,0.0,0.0,0.0,0.0,
0.0,0.200837239067,0.0,0.0,0.0,0.0,0.0,0.0,
0.0,0.200991806566,0.0,0.0,0.0,0.0,0.0,0.0,
0.0,0.201118946979,0.0,0.0,0.0,0.0,0.0,0.0,
0.0,0.201010361472,0.0,0.0,0.0,0.0,0.0,0.0,
0.0,0.200883603052,0.0,0.0,0.0,0.0,0.0,0.0,
0.0,0.20100131538,0.0,0.0,0.0,0.0,0.0,0.0,
0.0,0.200886364181,0.0,0.0,0.0,0.0,0.0,0.0,
0.0,1.0,0.0,0.0,0.0,0.0,0.0,0.0,
0.0,1.0,0.0,0.0,0.0,0.0,0.0,0.0,
0.0,1.0,0.0,0.0,0.0,0.0,0.0,0.0,
0.0,1.0,0.0,0.0,0.0,0.0,0.0,0.0,
0.0,1.0,0.0,0.0,0.0,0.0,0.0,0.0,
0.0,1.0,0.0,0.0,0.0,0.0,0.0,0.0,
0.0,1.0,0.0,0.0,0.0,0.0,0.0,0.0,
2.56143923965,1.0,0.0,0.0,0.0,0.0,0.0,0.0,
2.56143923965,1.0,0.0,0.0,0.0,0.0,0.0,0.0,
2.56143923965,1.0,0.0,0.0,0.0,0.0,0.0,0.0,
2.56143923965,1.0,0.0,0.0,0.0,0.0,0.0,0,
0.0,1.0,0.0,0.0,0.0,0.0,0.0,0,
0.0,1.0,0.0,0.0,0.0,0.0,0.0,0.0,
0.0,0.640518423518,0.0,0.0,0.0,0.0,0.0,0.0,
9.49514403292,0.639990476581,0.0,0.0,0.0,0.0,0.0,0.0,
78.9708695652,0.633574100503,0.0,0.0,0.0,0.0,0.0,0.0,
46.4722633745,0.615063958052,0.0,0.0,0.0,0.0,0.0,0.0,
144.264347826,0.591080223725,0.0,0.0,0.0,0.0,0.0,0.0,
144.655652174,1.0,0.0,0.0,0.0,0.0,0,0.0,
132.562173913,1.0,0.0,0.0,0.0,0.0,0,0.0,
110.220434783,1.0,0.0,0.0,0.0,0.0,0,0.0,
85.7408695652,1.0,0.0,0.0,0.0,0.0,0,0,
63.9882608696,1.0,0.0,0.0,0.0,0.0,0,0.0,
47.4982608696,1.0,0.0,0.0,0.0,0.0,0,0.0,
34.8830434783,1.0,0.0,0.0,0.0,0.0,0,0.0,
24.2934782609,1.0,0.0,0.0,0.0,0.0,0,0.0,
17.3630434783,1.0,0.0,0.0,0.0,0.0,0,0.0,
11.9969565217,1.0,0.0,0.0,0.0,0.0,0,0.0,
1.89826086957,1.0,0.0,0.0,0.0,0.0,0,0.0,
59.5630434783,1.0,0.0,0.0,0.0,0.0,0,0.0,
116.624347826,1.0,0.0,0.0,0.0,0.0,0.0,0.0,
43.7615312206,0.108939993239,0.0,0.0,0.0,0.0,0.0,0.0,
5.140323232,0.076480107941,0.0,0.0,0.0,0.0,0.0,0.0,
3.37282097327,0.0314115122904,0.0,0.0,0.0,0.0,0.0,0.0,
2.85659987633,0.996103198262,0.0,0.0,0.0,0.0,0.0,0.0,
2.67716318894,0.954864421688,0.0,0.0,0.0,0.0,0.0,0.0,
2.58479999745,0.913588927965,0.0,0.0,0.0,0.0,0.0,0.0,
2.69524489609,0.879472787901,0.0,0.0,0.0,0.0,0.0,0.0,
2.95959650937,0.84593820721,0.0,0.0,0.0,0.0,0.0,0.0,
3.38630787639,0.818080569484,0.0,0.0,0.0,0.0,0.0,0.0,
3.85278448011,0.791317108764,0.0,0.0,0.0,0.0,0.0,0.0,
4.42384565559,0.769006454082,0.0,0.0,0.0,0.0,0.0,0.0,
4.94190677351,0.746928696142,0.0,0.0,0.0,0.0,0.0,0.0,
5.07164781198,0.728316463161,0.0,0.0,0.0,0.0,0.0,0.0,
5.23363502421,0.711106369783,0.0,0.0,0.0,0.0,0.0,0.0,
4.85217253786,0.699702578259,0.0,0.0,0.0,0.0,0.0,0.0,
0.182231983703,0.691748934001,0.0,0.0,0.0,0.0,0.0,0.0,
0.69224137931,0.68916163097,0.0,0.0,0.0,0.0,0.0,0.0,
0.845598404056,0.690451750045,0.0,0.0,0.0,0.0,0.0,0.0,
0.898632804611,0.694755612559,0.0,0.0,0.0,0.0,0.0,0.0,
0.906409960341,0.702361388772,0.0,0.0,0.0,0.0,0.0,0.0,
0.90456105443,0.711219544731,0.0,0.0,0.0,0.0,0.0,0.0,
0.888681799177,12.1217689719,0.0,0.0,0.0,0.0,0.0,0.0,
0.853891322514,3.86321749989,0.0,0.0,0.0,0.0,0.0,0.0,
0.808433437633,2.00944707456,0.0,0.0,0.0,0.0,0.0,0.0,
0.76409589116,1.35945685322,0.0,0.0,0.0,0.0,0.0,0.0,
0.713397246577,0.950076717883,0.0,0.0,0.0,0.0,0.0,0.0,
0.646015104514,0.749571220365,0.0,0.0,0.0,0.0,0.0,0.0,
0.540482704768,0.599448290137,0.0,0.0,0.0,0.0,0.0,0.0,
0.0836342687463,0.525287433248,0.0,0.0,0.0,0.0,0.0,0.0,
0.779714195805,0.497168981673,0.0,0.0,0.0,0.0,0.0,0.0,
1.4504896564,0.508304906307,0.0,0.0,0.0,0.0,0.0,0.0,
2.2100905542,0.523539415907,0.0,0.0,0.0,0.0,0.0,0.0,
3.23330489885,0.551848463205,0.0,0.0,0.0,0.0,0.0,0.0,
4.16885537575,0.589246616242,0.0,0.0,0.0,0.0,0.0,0.0,
7.0952101903,0.630320489282,0.0,0.0,0.0,0.0,0.0,0.0,
7.80341195787,0.675715571124,0.0,0.0,0.0,0.0,0.0,0.0,
4.57815477288,0.708809878168,0.0,0.0,0.0,0.0,0.0,0.0,
2.93177876277,0.736130724574,0.0,0.0,0.0,0.0,0.0,0.0,
1.0378976951,0.75171395038,0.0,0.0,0.0,0.0,0.0,0.0,
0.0641555450173,0.765254921524,0.0,0.0,0.0,0.0,0.0,0.0,
0.461756183031,0.728461335088,0.0,0.0,0.0,0.0,0.0,0.0,
0.775873547667,0.709568016269,0.0,0.0,0.0,0.0,0.0,0.0,
0.915669210515,0.68448628811,0.0,0.0,0.0,0.0,0.0,0.0,
0.955707680109,0.647263063528,0.0,0.0,0.0,0.0,0.0,0.0,
0.992526930504,0.609477088523,0.0,0.0,0.0,0.0,0.0,0.0,
0.995197152982,0.533105079885,0.0,0.0,0.0,0.0,0.0,0.0,
1.00515567334,0.442562722345,0.0,0.0,0.0,0.0,0.0,0.0,
1.00486946099,0.331113348572,0.0,0.0,0.0,0.0,0.0,0.0,
0.996377481741,0.248494766904,0.0,0.0,0.0,0.0,0.0,0.0,
0.987465856939,0.169951102692,0.0,0.0,0.0,0.0,0.0,0.0,
0.987667542035,0.113805463082,0.0,0.0,0.0,0.0,0.0,0.0,
0.996417377726,0.0549633952937,0.0,0.0,0.0,0.0,0.0,0.0,
0.995897607495,0.00915427459373,0.0,0.0,0.0,0.0,0.0,0.0,
1.00398036938,0.0393390326034,0.0,0.0,0.0,0.0,0.0,0.0,
1.00380639826,0.0751405745317,0.0,0.0,0.0,0.0,0.0,0.0,
1.00445362246,0.109796204659,0.0,0.0,0.0,0.0,0.0,0.0,
0.990173212675,0.13300178087,0.0,0.0,0.0,0.0,0.0,0.0,
1.00654348681,0.15315524368,0.0,0.0,0.0,0.0,0.0,0.0,
0.978898868151,0.165228228738,0.0,0.0,0.0,0.0,0.0,0.0,
0.965483086712,0.184355789771,0.0,0.0,0.0,0.0,0.0,0.0,
0.942406410417,0.199945075285,0.0,0.0,0.0,0.0,0.0,0.0,
0.906814682765,0.203298828098,0.0,0.0,0.0,0.0,0.0,0.0,
0.826467481515,0.204972911184,0.0,0.0,0.0,0.0,0.0,0.0,
0.575958702065,0.206001153768,0.0,0.0,0.0,0.0,0.0,0.0,
0.432129514321,0.206530774302,0.0,0.0,0.0,0.0,0.0,0.0,
0.432129514321,0.20699662032,0.0,0.0,0.0,0.0,0.0,0.0,
0.574097135741,0.20725005921,0.0,0.0,0.0,0.0,0.0,0.0,
1.76650062267,0.207327928242,0.0,0.0,0.0,0.0,0.0,0.0,
0.442986425339,0.207239107425,0.0,0.0,0.0,0.0,0.0,0.0,
0.372898624554,0.207042915208,0.0,0.0,0.0,0.0,0.0,0.0,
2.33954571928,0.207003079969,0.0,0.0,0.0,0.0,0.0,0.0,
0.0,0.207025233469,0.0,0.0,0.0,0.0,0.0,0.0,
0.0,0.207080102809,0.0,0.0,0.0,0.0,0.0,0.0,
0.0901898734177,0.207084606604,0.0,0.0,0.0,0.0,0.0,0.0,
0.0901898734177,0.206963356984,0.0,0.0,0.0,0.0,0.0,0.0,
0.0901898734177,0.206876709882,0.0,0.0,0.0,0.0,0.0,0.0,
0.0,0.20681509,0.0,0.0,0.0,0.0,0.0,0.0,
1.64043478261,0.206656602558,0.0,0.0,0.0,0.0,0.0,0.0,
0.0,0.206536435604,0.0,0.0,0.0,0.0,0.0,0.0,
0.0,0.202693021603,0.0,0.0,0.0,0.0,0.0,0.0,
0.0,0.198469640751,0.0,0.0,0.0,0.0,0.0,0.0,
2.56143923965,0.198243446245,0.0,0.0,0.0,0.0,0.0,0.0,
2.86839967506,0.198204120939,0.0,0.0,0.0,0.0,0.0,0.0,
0.0901898734177,0.198181356658,0.0,0.0,0.0,0.0,0.0,0.0,
0.0901898734177,0.198250282297,0.0,0.0,0.0,0.0,0.0,0.0,
1.58267405063,0.198487895929,0.0,0.0,0.0,0.0,0.0,0.0,
1.58267405063,0.198777417519,0.0,0.0,0.0,0.0,0.0,0.0,
0.0,0.199041654967,0.0,0.0,0.0,0.0,0.0,0.0,
2.56143923965,0.199147928289,0.0,0.0,0.0,0.0,0.0,0.0,
0.0,0.199006467159,0.0,0.0,0.0,0.0,0.0,0.0,
0.0,0.198838865098,0.0,0.0,0.0,0.0,0.0,0,
0.0,0.1987249339,0.0,0.0,0.0,0.0,0.0,0.0,
1.2424691358,0.198866001335,0.0,0.0,0.0,0.0,0.0,0.0,
0.0,0.199164742368,0.0,0.0,0.0,0.0,0.0,0.0,
0.0,0.199308260385,0.0,0.0,0.0,0.0,0.0,0.0,
0.0,0.199232516271,0.0,0.0,0.0,0.0,0.0,0.0,
0.0,0.199134753359,0.0,0.0,0.0,0.0,0.0,0,
0.0,0.199027511598,0.0,0.0,0.0,0.0,0.0,0.0,
0.0,0.198863005369,0.0,0.0,0.0,0.0,0.0,0.0,
0.0,0.199893271819,0.0,0.0,0.0,0.0,0.0,0.0,
0.0,0.199911173669,0.0,0.0,0.0,0.0,0.0,0.0,
0.0,0.200008766627,0.0,0.0,0.0,0.0,0.0,0.0,
0.0,0.199975477792,0.0,0.0,0.0,0.0,0.0,0.0,
0.0,0.199758809732,0.0,0.0,0.0,0.0,0.0,0.0,
0.0,0.199505735204,0.0,0.0,0.0,0.0,0.0,0.0,
0.0,0.199355081084,0.0,0.0,0.0,0.0,0.0,0.0,
0.0,0.199380824824,0.0,0.0,0.0,0.0,0.0,0.0,
0.0,0.199539584442,0.0,0.0,0.0,0.0,0.0,0.0,
0.0,1.0,0.0,0.0,0.0,0.0,0.0,0.0,
0.0,1.0,0.0,0.0,0.0,0.0,0.0,0.0,
0.0,1.0,0.0,0.0,0.0,0.0,0.0,0.0,
0.0,1.0,0.0,0.0,0.0,0.0,0.0,0.0,
0.0,1.0,0.0,0.0,0.0,0.0,0.0,0.0,
0.0,1.0,0.0,0.0,0.0,0.0,0.0,0.0,
0.0,1.0,0.0,0.0,0.0,0.0,0.0,0.0,
2.56143923965,1.0,0.0,0.0,0.0,0.0,0.0,0.0,
2.56143923965,1.0,0.0,0.0,0.0,0.0,0.0,0.0,
2.56143923965,1.0,0.0,0.0,0.0,0.0,0.0,0.0,
0.0,1.0,0.0,0.0,0.0,0.0,0.0,0.0,
0.0,0,0.0,0.0,0.0,0.0,0,0.0,
0.0,0,0.0,0.0,0.0,0.0,0,0.0,
3.39260869565,1.0,0.0,0.0,0.0,0.0,0,0.0,
48.7608695652,1.0,0.0,0.0,0.0,0.0,0,0,
101.366521739,1.0,0.0,0.0,0.0,0.0,0,0.0,
130.266956522,1.0,0.0,0.0,0.0,0.0,0,0.0,
134.938695652,1.0,0.0,0.0,0.0,0.0,0,0.0,
128.023913043,1.0,0.0,0.0,0.0,0.0,0,0.0,
117.48,1.0,0.0,0.0,0.0,0.0,0,0.0,
99.0486956522,1.0,0.0,0.0,0.0,0.0,0,0.0,
76.7773913043,1.0,0.0,0.0,0.0,0.0,0,0.0,
56.75,1.0,0.0,0.0,0.0,0.0,0,0.0,
36.86,1.0,0.0,0.0,0.0,0.0,0,0,
24.4965217391,1.0,0.0,0.0,0.0,0.0,0,0.0,
19.097826087,0.1140915222,0.0,0.0,0.0,0.0,0.0,0.0,
0.505104166667,0.116002256529,0.0,0.0,0.0,0.0,0.0,0.0,
0.840095256822,0.113458028066,0.0,0.0,0.0,0.0,0.0,0.0,
1.22340504965,0.105029744567,0.0,0.0,0.0,0.0,0.0,0.0,
1.61186223416,0.0868905696237,0.0,0.0,0.0,0.0,0.0,0.0,
2.00951723151,0.0601734084263,0.0,0.0,0.0,0.0,0.0,0.0,
2.57155655477,0.0310181450294,0.0,0.0,0.0,0.0,0.0,0.0,
3.27030697843,0.032270591373,0.0,0.0,0.0,0.0,0.0,0.0,
4.00261797923,0.998833299691,0.0,0.0,0.0,0.0,0.0,0.0,
4.98037086713,0.942509475766,0.0,0.0,0.0,0.0,0.0,0.0,
5.93976399304,0.896661651349,0.0,0.0,0.0,0.0,0.0,0.0,
7.38387804596,0.854608666611,0.0,0.0,0.0,0.0,0.0,0.0,
8.72954423033,0.821773780197,0.0,0.0,0.0,0.0,0.0,0.0,
10.7963723724,0.791426682692,0.0,0.0,0.0,0.0,0.0,0.0,
13.6082798196,0.769269144199,0.0,0.0,0.0,0.0,0.0,0.0,
4.07227209065,0.747197044967,0.0,0.0,0.0,0.0,0.0,0.0,
0.514790825014,0.732208602126,0.0,0.0,0.0,0.0,0.0,0.0,
0.301687699466,0.715252664106,0.0,0.0,0.0,0.0,0.0,0.0,
0.60068440616,0.707860161455,0.0,0.0,0.0,0.0,0.0,0.0,
0.750511418498,0.701530530748,0.0,0.0,0.0,0.0,0.0,0.0,
0.836588713095,0.703339064229,0.0,0.0,0.0,0.0,0.0,0.0,
0.887977236016,24.7622440759,0.0,0.0,0.0,0.0,0.0,0.0,
0.932133716551,5.03642846973,0.0,0.0,0.0,0.0,0.0,0.0,
0.950345005866,2.65779279085,0.0,0.0,0.0,0.0,0.0,0.0,
0.946489949856,1.63307466873,0.0,0.0,0.0,0.0,0.0,0.0,
0.923342238808,1.13655017947,0.0,0.0,0.0,0.0,0.0,0.0,
0.872013404826,0.785474183114,0.0,0.0,0.0,0.0,0.0,0.0,
0.805260254272,0.607203739154,0.0,0.0,0.0,0.0,0.0,0.0,
0.713530014657,0.476027220315,0.0,0.0,0.0,0.0,0.0,0.0,
0.569902494663,0.394466194382,0.0,0.0,0.0,0.0,0.0,0.0,
0.329861557824,0.327265500189,0.0,0.0,0.0,0.0,0.0,0.0,
0.0937144689659,0.289718293196,0.0,0.0,0.0,0.0,0.0,0.0,
1.86424713274,0.268186728327,0.0,0.0,0.0,0.0,0.0,0.0,
5.19677871148,0.315348198895,0.0,0.0,0.0,0.0,0.0,0.0,
9.24423248066,0.380820493083,0.0,0.0,0.0,0.0,0.0,0.0,
14.1248521945,0.476526211762,0.0,0.0,0.0,0.0,0.0,0.0,
12.6257216387,0.551272732059,0.0,0.0,0.0,0.0,0.0,0.0,
9.56426332288,0.555906386862,0.0,0.0,0.0,0.0,0.0,0.0,
5.94931085545,0.604127665144,0.0,0.0,0.0,0.0,0.0,0.0,
3.50860375313,0.648193767227,0.0,0.0,0.0,0.0,0.0,0.0,
1.90425230811,0.668429609157,0.0,0.0,0.0,0.0,0.0,0.0,
0.78159697614,0.682445917216,0.0,0.0,0.0,0.0,0.0,0.0,
0.113977707638,0.672018213365,0.0,0.0,0.0,0.0,0.0,0.0,
0.700107982646,0.644317026824,0.0,0.0,0.0,0.0,0.0,0.0,
0.872211399653,0.556958917751,0.0,0.0,0.0,0.0,0.0,0.0,
0.944150284204,0.464009818853,0.0,0.0,0.0,0.0,0.0,0.0,
0.979021041132,0.34787288219,0.0,0.0,0.0,0.0,0.0,0.0,
0.995818696497,0.268930464579,0.0,0.0,0.0,0.0,0.0,0.0,
0.996348464695,0.191556653639,0.0,0.0,0.0,0.0,0.0,0.0,
0.996483822518,0.134409977488,0.0,0.0,0.0,0.0,0.0,0.0,
0.99657365469,0.073012532652,0.0,0.0,0.0,0.0,0.0,0.0,
0.996536882418,0.0248745594507,0.0,0.0,0.0,0.0,0.0,0.0,
0.996348464695,0.0252116169333,0.0,0.0,0.0,0.0,0.0,0.0,
0.995888061039,0.0616173868265,0.0,0.0,0.0,0.0,0.0,0.0,
0.983417509447,0.0965250887805,0.0,0.0,0.0,0.0,0.0,0.0,
0.9927465922,0.119237152551,0.0,0.0,0.0,0.0,0.0,0.0,
1.01064724164,0.139098699666,0.0,0.0,0.0,0.0,0.0,0.0,
1.01433174185,0.162957585538,0.0,0.0,0.0,0.0,0.0,0.0,
0.967346243398,0.17333235092,0.0,0.0,0.0,0.0,0.0,0.0,
0.942406410417,0.178389305582,0.0,0.0,0.0,0.0,0.0,0.0,
0.851834485992,0.181525798893,0.0,0.0,0.0,0.0,0.0,0.0,
1.13029212532,0.182788378503,0.0,0.0,0.0,0.0,0.0,0.0,
0.574097135741,0.183425468467,0.0,0.0,0.0,0.0,0.0,0.0,
2.0407239819,0.183453434926,0.0,0.0,0.0,0.0,0.0,0.0,
2.0407239819,0.183203103347,0.0,0.0,0.0,0.0,0.0,0.0,
2.0407239819,0.182769540578,0.0,0.0,0.0,0.0,0.0,0.0,
2.0407239819,0.20464375042,0.0,0.0,0.0,0.0,0.0,0.0,
0.250679717238,0.204845307847,0.0,0.0,0.0,0.0,0.0,0.0,
0.250679717238,0.204999879439,0.0,0.0,0.0,0.0,0.0,0.0,
1.59468599034,0.205182733106,0.0,0.0,0.0,0.0,0.0,0.0,
1.5352173913,0.205542046467,0.0,0.0,0.0,0.0,0.0,0.0,
3.0536149472,0.205627409491,0.0,0.0,0.0,0.0,0.0,0.0,
3.0536149472,0.205420573778,0.0,0.0,0.0,0.0,0.0,0.0,
0.0,0.205059399601,0.0,0.0,0.0,0.0,0.0,0.0,
0.0,0.20468040363,0.0,0.0,0.0,0.0,0.0,0.0,
0.0,0.204336600236,0.0,0.0,0.0,0.0,0.0,0.0,
0.0,0.2038336161,0.0,0.0,0.0,0.0,0.0,0.0,
0.0,0.199761555024,0.0,0.0,0.0,0.0,0.0,0.0,
0.0,0.199317894787,0.0,0.0,0.0,0.0,0.0,0.0,
0.0,0.199178383817,0.0,0.0,0.0,0.0,0.0,0.0,
0.0901898734177,0.199213267505,0.0,0.0,0.0,0.0,0.0,0.0,
0.0901898734177,0.199369489195,0.0,0.0,0.0,0.0,0.0,0.0,
0.0901898734177,0.199643093348,0.0,0.0,0.0,0.0,0.0,0.0,
0.0901898734177,0.199846419458,0.0,0.0,0.0,0.0,0.0,0.0,
1.58267405063,0.200126569637,0.0,0.0,0.0,0.0,0.0,0.0,
1.64043478261,0.200544289328,0.0,0.0,0.0,0.0,0.0,0.0,
1.64043478261,0.198966914636,0.0,0.0,0.0,0.0,0.0,0.0,
1.64043478261,0.199320944425,0.0,0.0,0.0,0.0,0.0,0,
1.64043478261,0.199595658684,0.0,0.0,0.0,0.0,0.0,0.0,
1.64043478261,0.199778055642,0.0,0.0,0.0,0.0,0.0,0,
0.0,0.199833305716,0.0,0.0,0.0,0.0,0.0,0.0,
0.0,0.199890298591,0.0,0.0,0.0,0.0,0.0,0.0,
0.0,0.19995960991,0.0,0.0,0.0,0.0,0.0,0.0,
0.0,0.199870590237,0.0,0.0,0.0,0.0,0.0,0.0,
2.56143923965,0.199571944652,0.0,0.0,0.0,0.0,0.0,0.0,
0.0,0.199148706338,0.0,0.0,0.0,0.0,0.0,0,
0.0,0.198848824162,0.0,0.0,0.0,0.0,0.0,0.0,
0.0,0.198743616629,0.0,0.0,0.0,0.0,0.0,0.0,
0.0,0.198517804488,0.0,0.0,0.0,0.0,0.0,0.0,
0.0,0.198378653179,0.0,0.0,0.0,0.0,0.0,0.0,
0.0,0.19835501028,0.0,0.0,0.0,0.0,0.0,0.0,
0.0,0.198439940364,0.0,0.0,0.0,0.0,0.0,0.0,
0.0,0.198410044242,0.0,0.0,0.0,0.0,0.0,0.0,
0.0,0.198349740014,0.0,0.0,0.0,0.0,0.0,0.0,
1.64043478261,0.198292213678,0.0,0.0,0.0,0.0,0.0,0.0,
0.0,0.198370759137,0.0,0.0,0.0,0.0,0.0,0.0,
0.0,0.196478561476,0.0,0.0,0.0,0.0,0.0,0.0,
0.0,1.0,0.0,0.0,0.0,0.0,0.0,0.0,
0.0,1.0,0.0,0.0,0.0,0.0,0.0,0.0,
0.0,1.0,0.0,0.0,0.0,0.0,0.0,0.0,
0.0,1.0,0.0,0.0,0.0,0.0,0.0,0.0,
0.0,1.0,0.0,0.0,0.0,0.0,0.0,0.0,
0.0,1.0,0.0,0.0,0.0,0.0,0.0,0.0,
0.0,1.0,0.0,0.0,0.0,0.0,0.0,0.0,
0.0,1.0,0.0,0.0,0.0,0.0,0.0,0.0,
0.0,1.0,0.0,0.0,0.0,0.0,0.0,0.0,
0.0,1.0,0.0,0.0,0.0,0.0,0.0,0.0,
0.0,1.0,0.0,0.0,0.0,0.0,0.0,0.0,
0.0,1.0,0.0,0.0,0.0,0.0,0.0,0.0,
0.0,1.0,0.0,0.0,0.0,0.0,0.0,0.0,
0.0,0.636926583993,0.0,0.0,0.0,0.0,0.0,0.0,
34.0359809912,0.636706359287,0.0,0.0,0.0,0.0,0.0,0.0,
120.746775289,0.630845702177,0.0,0.0,0.0,0.0,0.0,0.0,
119.499565217,1.0,0.0,0.0,0.0,0.0,0,0.0,
140.404782609,1.0,0.0,0.0,0.0,0.0,0,0.0,
142.368695652,1.0,0.0,0.0,0.0,0.0,0,0.0,
132.562173913,1.0,0.0,0.0,0.0,0.0,0,0,
111.899130435,1.0,0.0,0.0,0.0,0.0,0,0.0,
86.1908695652,1.0,0.0,0.0,0.0,0.0,0,0.0,
65.7069565217,1.0,0.0,0.0,0.0,0.0,0,0.0,
47.4982608696,1.0,0.0,0.0,0.0,0.0,0,0.0,
34.8830434783,1.0,0.0,0.0,0.0,0.0,0,0.0,
24.2934782609,1.0,0.0,0.0,0.0,0.0,0,0.0,
17.3630434783,1.0,0.0,0.0,0.0,0.0,0,0.0,
13.7286956522,1.0,0.0,0.0,0.0,0.0,0,0.0,
0.158260869565,1.0,0.0,0.0,0.0,0.0,0,0,
54.33,1.0,0.0,0.0,0.0,0.0,0,0.0,
116.624347826,1.0,0.0,0.0,0.0,0.0,0,0.0,
176.757826087,1.0,0.0,0.0,0.0,0.0,0,0.0,
226.334347826,1.0,0.0,0.0,0.0,0.0,0.0,0.0,
61.9223930551,0.0407535016199,0.0,0.0,0.0,0.0,0.0,0.0,
5.58453364163,0.99693673536,0.0,0.0,0.0,0.0,0.0,0.0,
3.24587986544,0.95778605182,0.0,0.0,0.0,0.0,0.0,0.0,
2.72221466738,0.918451879831,0.0,0.0,0.0,0.0,0.0,0.0,
2.49788184692,0.884507700723,0.0,0.0,0.0,0.0,0.0,0.0,
2.43387986149,0.850561359038,0.0,0.0,0.0,0.0,0.0,0.0,
2.40739296239,0.82217932633,0.0,0.0,0.0,0.0,0.0,0.0,
2.50525027493,0.79545367985,0.0,0.0,0.0,0.0,0.0,0.0,
2.74320802123,0.773748326145,0.0,0.0,0.0,0.0,0.0,0.0,
3.02300329515,0.751760310275,0.0,0.0,0.0,0.0,0.0,0.0,
3.28264475605,0.73287544164,0.0,0.0,0.0,0.0,0.0,0.0,
3.53204559746,0.714119122023,0.0,0.0,0.0,0.0,0.0,0.0,
3.62606606607,0.699979037061,0.0,0.0,0.0,0.0,0.0,0.0,
3.53880311518,0.69014810413,0.0,0.0,0.0,0.0,0.0,0.0,
16.8768768769,0.681770506366,0.0,0.0,0.0,0.0,0.0,0.0,
0.744316708445,0.680275978706,0.0,0.0,0.0,0.0,0.0,0.0,
0.906039637118,0.682712535981,0.0,0.0,0.0,0.0,0.0,0.0,
0.927402821681,0.688522251612,0.0,0.0,0.0,0.0,0.0,0.0,
0.930046644558,0.693782681668,0.0,0.0,0.0,0.0,0.0,0.0,
0.916050439106,0.703670781942,0.0,0.0,0.0,0.0,0.0,0.0,
0.889754882179,0.712238218464,0.0,0.0,0.0,0.0,0.0,0.0,
0.857272021788,9.15169898834,0.0,0.0,0.0,0.0,0.0,0.0,
0.813363993175,3.74724048409,0.0,0.0,0.0,0.0,0.0,0.0,
0.762487358073,2.15025435802,0.0,0.0,0.0,0.0,0.0,0.0,
0.696634542974,1.48875248977,0.0,0.0,0.0,0.0,0.0,0.0,
0.623657639854,1.10161182762,0.0,0.0,0.0,0.0,0.0,0.0,
0.508568940493,0.88835513646,0.0,0.0,0.0,0.0,0.0,0.0,
0.41418822672,0.748298445265,0.0,0.0,0.0,0.0,0.0,0.0,
0.252612675428,0.658427761435,0.0,0.0,0.0,0.0,0.0,0.0,
0.22360403605,0.593523725061,0.0,0.0,0.0,0.0,0.0,0.0,
1.33920422857,0.565818421225,0.0,0.0,0.0,0.0,0.0,0.0,
2.59566919397,0.583788484729,0.0,0.0,0.0,0.0,0.0,0.0,
4.08500926932,0.618162584242,0.0,0.0,0.0,0.0,0.0,0.0,
5.07634334577,0.673835344507,0.0,0.0,0.0,0.0,0.0,0.0,
7.1867809888,0.598015352192,0.0,0.0,0.0,0.0,0.0,0.0,
7.50138160266,0.646664840872,0.0,0.0,0.0,0.0,0.0,0.0,
4.7700841622,0.679430058398,0.0,0.0,0.0,0.0,0.0,0.0,
2.52046912425,0.707197845425,0.0,0.0,0.0,0.0,0.0,0.0,
0.812334989905,0.687272957096,0.0,0.0,0.0,0.0,0.0,0.0,
0.0607492997199,0.691736169142,0.0,0.0,0.0,0.0,0.0,0.0,
0.510303220246,0.683995472528,0.0,0.0,0.0,0.0,0.0,0.0,
0.772001293243,0.661658836378,0.0,0.0,0.0,0.0,0.0,0.0,
0.930926298454,0.632988005485,0.0,0.0,0.0,0.0,0.0,0.0,
0.98183252564,0.562062997472,0.0,0.0,0.0,0.0,0.0,0.0,
0.99558730372,0.4744871491,0.0,0.0,0.0,0.0,0.0,0.0,
0.996433932267,0.363721094794,0.0,0.0,0.0,0.0,0.0,0.0,
0.996405968867,0.280235134162,0.0,0.0,0.0,0.0,0.0,0.0,
0.996318886222,0.199585496959,0.0,0.0,0.0,0.0,0.0,0.0,
0.996388990694,0.141649213629,0.0,0.0,0.0,0.0,0.0,0.0,
1.00480173819,0.0805233442433,0.0,0.0,0.0,0.0,0.0,0.0,
0.99657365469,0.0323577978077,0.0,0.0,0.0,0.0,0.0,0.0,
0.99647260116,0.0192058113525,0.0,0.0,0.0,0.0,0.0,0.0,
0.99620270823,0.0576818207517,0.0,0.0,0.0,0.0,0.0,0.0,
1.00535431782,0.0957449849546,0.0,0.0,0.0,0.0,0.0,0.0,
1.00671830027,0.127326051296,0.0,0.0,0.0,0.0,0.0,0.0,
1.00827828938,0.15314928417,0.0,0.0,0.0,0.0,0.0,0.0,
1.01091515376,0.167902795619,0.0,0.0,0.0,0.0,0.0,0.0,
1.01376310905,0.179052186505,0.0,0.0,0.0,0.0,0.0,0.0,
0.957174318143,0.19222852702,0.0,0.0,0.0,0.0,0.0,0.0,
0.80536725787,0.196713296878,0.0,0.0,0.0,0.0,0.0,0.0,
0.851834485992,0.198653690343,0.0,0.0,0.0,0.0,0.0,0.0,
0.751163042302,0.199981410786,0.0,0.0,0.0,0.0,0.0,0.0,
0.432129514321,0.200786668117,0.0,0.0,0.0,0.0,0.0,0.0,
2.0407239819,0.201467762754,0.0,0.0,0.0,0.0,0.0,0.0,
2.0407239819,0.201784021071,0.0,0.0,0.0,0.0,0.0,0.0,
2.0407239819,0.201918495928,0.0,0.0,0.0,0.0,0.0,0.0,
2.17167600611,0.201860971141,0.0,0.0,0.0,0.0,0.0,0.0,
2.28782475802,0.201780055518,0.0,0.0,0.0,0.0,0.0,0.0,
2.47233546884,0.201615646723,0.0,0.0,0.0,0.0,0.0,0.0,
2.71622539036,0.201447098216,0.0,0.0,0.0,0.0,0.0,0.0,
0.0,0.201354667622,0.0,0.0,0.0,0.0,0.0,0.0,
1.48694620253,0.201379699437,0.0,0.0,0.0,0.0,0.0,0.0,
1.48694620253,0.201491447982,0.0,0.0,0.0,0.0,0.0,0.0,
1.58267405063,0.201437328645,0.0,0.0,0.0,0.0,0.0,0,
0.0,0.199225586747,0.0,0.0,0.0,0.0,0.0,0.0,
0.0,0.198991043099,0.0,0.0,0.0,0.0,0.0,0.0,
2.56143923965,0.198620266308,0.0,0.0,0.0,0.0,0.0,0.0,
0.0,0.198108177616,0.0,0.0,0.0,0.0,0.0,0,
0.0,0.194130517086,0.0,0.0,0.0,0.0,0.0,0.0,
2.56143923965,0.193987203053,0.0,0.0,0.0,0.0,0.0,0.0,
2.86839967506,0.193934815313,0.0,0.0,0.0,0.0,0.0,0.0,
0.196588139724,0.193988489209,0.0,0.0,0.0,0.0,0.0,0.0,
2.86839967506,0.194137922555,0.0,0.0,0.0,0.0,0.0,0.0,
0.0901898734177,0.194237288136,0.0,0.0,0.0,0.0,0.0,0.0,
0.0901898734177,0.194300878514,0.0,0.0,0.0,0.0,0.0,0.0,
0.0,0.194314816606,0.0,0.0,0.0,0.0,0.0,0.0,
0.0,0.194165404322,0.0,0.0,0.0,0.0,0.0,0.0,
1.64043478261,0.194028965204,0.0,0.0,0.0,0.0,0.0,0.0,
1.64043478261,0.194051843843,0.0,0.0,0.0,0.0,0.0,0.0,
1.64043478261,0.19414996184,0.0,0.0,0.0,0.0,0.0,0.0,
1.64043478261,0.194197580774,0.0,0.0,0.0,0.0,0.0,0.0,
0.0,0.194375493596,0.0,0.0,0.0,0.0,0.0,0.0,
1.64043478261,0.194559088987,0.0,0.0,0.0,0.0,0.0,0.0,
1.2424691358,0.19488774371,0.0,0.0,0.0,0.0,0.0,0.0,
1.64043478261,0.196402036246,0.0,0.0,0.0,0.0,0.0,0.0,
0.0,0.196670937239,0.0,0.0,0.0,0.0,0.0,0.0,
0.0,0.196750479985,0.0,0.0,0.0,0.0,0.0,0.0,
2.56143923965,0.196593973166,0.0,0.0,0.0,0.0,0.0,0.0,
2.56143923965,0.196276708338,0.0,0.0,0.0,0.0,0.0,0.0,
2.56143923965,1.0,0.0,0.0,0.0,0.0,0.0,0.0,
2.56143923965,1.0,0.0,0.0,0.0,0.0,0.0,0.0,
2.56143923965,1.0,0.0,0.0,0.0,0.0,0.0,0.0,
2.56143923965,1.0,0.0,0.0,0.0,0.0,0.0,0.0,
0.0,1.0,0.0,0.0,0.0,0.0,0.0,0.0,
0.0,1.0,0.0,0.0,0.0,0.0,0.0,0.0,
0.0,1.0,0.0,0.0,0.0,0.0,0.0,0.0,
0.0,1.0,0.0,0.0,0.0,0.0,0.0,0,
0.0,1.0,0.0,0.0,0.0,0.0,0.0,0.0,
0.0,1.0,0.0,0.0,0.0,0.0,0.0,0.0,
0.0,1.0,0.0,0.0,0.0,0.0,0.0,0.0,
0.0,1.0,0.0,0.0,0.0,0.0,0.0,0.0,
0.0,1.0,0.0,0.0,0.0,0.0,0.0,0.0,
3.39260869565,0.641307366081,0.0,0.0,0.0,0.0,0.0,0.0,
48.7608695652,0.639347705355,0.0,0.0,0.0,0.0,0.0,0.0,
101.366521739,0.627672949732,0.0,0.0,0.0,0.0,0.0,0.0,
128.671304348,0.604734802375,0.0,0.0,0.0,0.0,0.0,0.0,
134.938695652,0.57988589036,0.0,0.0,0.0,0.0,0.0,0.0,
128.023913043,0.553033710448,0.0,0.0,0.0,0.0,0.0,0.0,
108.537391304,0.530248444885,0.0,0.0,0.0,0.0,0.0,0.0,
88.3560869565,0.509113856168,0.0,0.0,0.0,0.0,0.0,0.0,
67.7995652174,1.0,0.0,0.0,0.0,0.0,0,0.0,
53.2952173913,1.0,0.0,0.0,0.0,0.0,0,0.0,
40.3165217391,1.0,0.0,0.0,0.0,0.0,0,0.0,
33.1565217391,1.0,0.0,0.0,0.0,0.0,0,0,
26.022173913,1.0,0.0,0.0,0.0,0.0,0,0.0,
22.5630434783,1.0,0.0,0.0,0.0,0.0,0,0.0,
8.52913043478,1.0,0.0,0.0,0.0,0.0,0,0.0,
45.5130434783,1.0,0.0,0.0,0.0,0.0,0,0.0,
107.334347826,1.0,0.0,0.0,0.0,0.0,0,0.0,
162.313043478,1.0,0.0,0.0,0.0,0.0,0,0.0,
216.899130435,1.0,0.0,0.0,0.0,0.0,0,0.0,
240.48,1.0,0.0,0.0,0.0,0.0,0,0.0,
241.314347826,1.0,0.0,0.0,0.0,0.0,0,0,
229.482173913,1.0,0.0,0.0,0.0,0.0,0.0,0.0,
91.4055969471,0.893783506592,0.0,0.0,0.0,0.0,0.0,0,
4.77851872409,0.860691925328,0.0,0.0,0.0,0.0,0.0,0.0,
2.80463246587,0.833750180312,0.0,0.0,0.0,0.0,0.0,0.0,
2.2185352995,0.807900145041,0.0,0.0,0.0,0.0,0.0,0.0,
2.00886711949,0.785752474128,0.0,0.0,0.0,0.0,0.0,0.0,
1.89497854051,0.763636026799,0.0,0.0,0.0,0.0,0.0,0.0,
1.8763975559,0.74458927672,0.0,0.0,0.0,0.0,0.0,0.0,
1.90077748147,0.72396958135,0.0,0.0,0.0,0.0,0.0,0.0,
1.95122732382,0.706510454399,0.0,0.0,0.0,0.0,0.0,0.0,
2.05058822475,0.690159978747,0.0,0.0,0.0,0.0,0.0,0.0,
2.09438697513,0.679333436992,0.0,0.0,0.0,0.0,0.0,0.0,
2.15808587166,0.673174366938,0.0,0.0,0.0,0.0,0.0,0.0,
2.41813813814,0.669965440107,0.0,0.0,0.0,0.0,0.0,0.0,
2.66148480019,0.667935840253,0.0,0.0,0.0,0.0,0.0,0.0,
42.3283470456,0.666393520545,0.0,0.0,0.0,0.0,0.0,0.0,
0.490173804385,0.665367614114,0.0,0.0,0.0,0.0,0.0,0.0,
0.687031693349,0.688681106662,0.0,0.0,0.0,0.0,0.0,0.0,
0.752941326433,0.687538587349,0.0,0.0,0.0,0.0,0.0,0.0,
0.774996605962,0.690960579349,0.0,0.0,0.0,0.0,0.0,0.0,
0.776497113681,0.693727222275,0.0,0.0,0.0,0.0,0.0,0.0,
0.70223887144,0.698626396898,0.0,0.0,0.0,0.0,0.0,0.0,
0.463268863006,10.0059155294,0.0,0.0,0.0,0.0,0.0,0.0,
0.209232734525,4.23976002996,0.0,0.0,0.0,0.0,0.0,0.0,
0.063625432515,2.88002345258,0.0,0.0,0.0,0.0,0.0,0.0,
0.0411378486345,2.1623922037,0.0,0.0,0.0,0.0,0.0,0.0,
0.0503961852764,1.82339254518,0.0,0.0,0.0,0.0,0.0,0.0,
0.055501661778,1.55492029912,0.0,0.0,0.0,0.0,0.0,0.0,
0.0150960209373,1.40812248491,0.0,0.0,0.0,0.0,0.0,0.0,
0.018199948048,1.27747686779,0.0,0.0,0.0,0.0,0.0,0.0,
0.0243803955042,1.19305011548,0.0,0.0,0.0,0.0,0.0,0.0,
0.0228413527354,1.09522204285,0.0,0.0,0.0,0.0,0.0,0.0,
0.0250855590446,1.03434590668,0.0,0.0,0.0,0.0,0.0,0.0,
0.0508470242281,0.979815026734,0.0,0.0,0.0,0.0,0.0,0.0,
0.0811504015473,0.957552102363,0.0,0.0,0.0,0.0,0.0,0.0,
0.121179409678,0.945198476599,0.0,0.0,0.0,0.0,0.0,0.0,
0.539055435765,0.941890550845,0.0,0.0,0.0,0.0,0.0,0.0,
0.949370922005,0.908319347612,0.0,0.0,0.0,0.0,0.0,0.0,
1.04629338696,0.779491552947,0.0,0.0,0.0,0.0,0.0,0.0,
1.03517316017,0.765813818056,0.0,0.0,0.0,0.0,0.0,0.0,
0.980359304871,0.747026567919,0.0,0.0,0.0,0.0,0.0,0.0,
0.948082776576,0.717133356269,0.0,0.0,0.0,0.0,0.0,0,
0.954726052553,0.686443470992,0.0,0.0,0.0,0.0,0.0,0.0,
0.972274616246,0.642989425511,0.0,0.0,0.0,0.0,0.0,0.0,
0.983179361225,0.575797378425,0.0,0.0,0.0,0.0,0.0,0.0,
0.995709826573,0.46611357362,0.0,0.0,0.0,0.0,0.0,0.0,
0.996064011712,0.366146889902,0.0,0.0,0.0,0.0,0.0,0.0,
1.00380044667,0.263728355259,0.0,0.0,0.0,0.0,0.0,0.0,
1.00334913543,0.193402141336,0.0,0.0,0.0,0.0,0.0,0.0,
1.00276784088,0.12454195954,0.0,0.0,0.0,0.0,0.0,0.0,
1.00269515223,0.0719095822401,0.0,0.0,0.0,0.0,0.0,0.0,
1.00265448178,0.0152661006501,0.0,0.0,0.0,0.0,0.0,0.0,
1.0027766625,0.0281858496505,0.0,0.0,0.0,0.0,0.0,0.0,
1.00369200692,0.072065118153,0.0,0.0,0.0,0.0,0.0,0.0,
1.00434449196,0.102980217733,0.0,0.0,0.0,0.0,0.0,0.0,
0.991570954241,0.131328003403,0.0,0.0,0.0,0.0,0.0,0.0,
0.988706446164,0.149513514556,0.0,0.0,0.0,0.0,0.0,0.0,
0.981267135976,0.174945821935,0.0,0.0,0.0,0.0,0.0,0.0,
0.964109262309,0.194186333959,0.0,0.0,0.0,0.0,0.0,0.0,
0.942313397075,0.200004672154,0.0,0.0,0.0,0.0,0.0,0.0,
0.897577181752,0.202627045087,0.0,0.0,0.0,0.0,0.0,0.0,
0.87888079724,0.204514522016,0.0,0.0,0.0,0.0,0.0,0.0,
0.806505931879,0.205567412212,0.0,0.0,0.0,0.0,0.0,0.0,
0.751163042302,0.20641115871,0.0,0.0,0.0,0.0,0.0,0.0,
0.342745861733,0.2067663524,0.0,0.0,0.0,0.0,0.0,0.0,
0.120022123894,0.207076108787,0.0,0.0,0.0,0.0,0.0,0.0,
0.120022123894,0.207161716377,0.0,0.0,0.0,0.0,0.0,0.0,
0.250679717238,0.20725217115,0.0,0.0,0.0,0.0,0.0,0.0,
0.250679717238,0.207325462837,0.0,0.0,0.0,0.0,0.0,0.0,
0.111111111111,0.207532862394,0.0,0.0,0.0,0.0,0.0,0.0,
0.0,0.207794828538,0.0,0.0,0.0,0.0,0.0,0.0,
0.0901898734177,0.207976190476,0.0,0.0,0.0,0.0,0.0,0.0,
0.0901898734177,0.208157308669,0.0,0.0,0.0,0.0,0.0,0.0,
0.0901898734177,0.208089380409,0.0,0.0,0.0,0.0,0.0,0.0,
0.0901898734177,0.208051018719,0.0,0.0,0.0,0.0,0.0,0.0,
0.0,0.20784992084,0.0,0.0,0.0,0.0,0.0,0.0,
1.64043478261,0.207556971023,0.0,0.0,0.0,0.0,0.0,0.0,
1.64043478261,0.207381767913,0.0,0.0,0.0,0.0,0.0,0.0,
0.0,0.202636125286,0.0,0.0,0.0,0.0,0.0,0.0,
0.0,0.202339958886,0.0,0.0,0.0,0.0,0.0,0.0,
0.0,0.202340654404,0.0,0.0,0.0,0.0,0.0,0.0,
0.0901898734177,0.202459608562,0.0,0.0,0.0,0.0,0.0,0.0,
2.86839967506,0.202481916798,0.0,0.0,0.0,0.0,0.0,0.0,
0.0901898734177,0.202390517624,0.0,0.0,0.0,0.0,0.0,0.0,
2.86839967506,0.202251406443,0.0,0.0,0.0,0.0,0.0,0.0,
2.86839967506,0.202188963735,0.0,0.0,0.0,0.0,0.0,0.0,
2.56143923965,0.202237574383,0.0,0.0,0.0,0.0,0.0,0.0,
2.56143923965,0.20221866269,0.0,0.0,0.0,0.0,0.0,0.0,
0.0,0.202228375989,0.0,0.0,0.0,0.0,0.0,0.0,
0.0,0.202152683428,0.0,0.0,0.0,0.0,0.0,0.0,
0.0,0.202036563794,0.0,0.0,0.0,0.0,0.0,0,
1.64043478261,0.202035463823,0.0,0.0,0.0,0.0,0.0,0.0,
1.64043478261,0.202277118161,0.0,0.0,0.0,0.0,0.0,0.0,
1.2424691358,0.202589885842,0.0,0.0,0.0,0.0,0.0,0.0,
1.64043478261,0.20293361778,0.0,0.0,0.0,0.0,0.0,0.0,
1.64043478261,0.203125212396,0.0,0.0,0.0,0.0,0.0,0.0,
0.0,0.203149227124,0.0,0.0,0.0,0.0,0.0,0,
0.0,0.202921836024,0.0,0.0,0.0,0.0,0.0,0.0,
