-0.08440289999999999, 101.08396139999999, 820.25, 127.42999999970198, 217.439, 93.5, 12.55, -0.07, 0.0532317, -0.2138436, 1356.44043, 92.533669, 215.0, 0.0, 13.0, -0.077717
-0.08440289999999999, 101.0245413, 826.2700000000186, 127.05999999959022, 217.287, 93.5, 12.56, -0.2, 0.0855489, -0.1812972, 1356.568237, 92.623947, 215.0, 0.0, 13.0, -0.068064
-0.08440289999999999, 100.96202699999999, 832.789999999979, 126.66000000014901, 217.125, 93.4, 12.57, -0.08, 0.0855489, -0.1812972, 1356.568237, 92.623947, 215.0, 0.0, 13.0, -0.068064
-0.08440289999999999, 100.93205909999999, 838.820000000007, 126.29000000003725, 216.98, 93.4, 12.58, -0.48, 0.1226793, -0.1447971, 1356.758789, 92.757881, 215.0, 0.0, 13.0, -0.055334
-0.08440289999999999, 100.88238, 845.359999999986, 125.90000000037253, 216.828, 93.4, 12.61, -0.45, 0.1226793, -0.1447971, 1356.758789, 92.757881, 215.0, 0.0, 13.0, -0.055334
0.13179, 100.83184139999999, 851.429999999993, 125.54000000003725, 216.7, 93.3, 12.67, -0.63, 0.125487, -0.11414159999999998, 1356.901978, 92.857986, 215.0, 0.0, 13.0, -0.044628
0.13179, 100.7755728, 858.039999999979, 125.15000000037253, 216.58, 93.4, 12.74, -0.37, 0.125487, -0.11414159999999998, 1356.901978, 92.857986, 215.0, 0.0, 13.0, -0.044628
0.13179, 100.7701866, 864.1699999999837, 124.78000000026077, 216.492, 93.4, 12.81, -0.39, 0.125487, -0.11414159999999998, 1356.901978, 92.857986, 215.0, 0.0, 13.0, -0.044628
0.13179, 100.7771199, 870.8400000000256, 124.37000000011176, 216.421, 93.4, 12.88, -0.37, 0.0958629, -0.0909351, 1357.12207, 93.010887, 215.0, 0.0, 13.0, -0.036541
0.13179, 100.7358066, 877.039999999979, 124.0, 216.38, 93.4, 12.94, -0.26, 0.0958629, -0.0909351, 1357.12207, 93.010887, 215.0, 0.0, 13.0, -0.036541
0.13179, 100.6992492, 883.7800000000279, 123.58999999985099, 216.359, 93.4, 13.0, -0.15, 0.073917, -0.0915081, 1357.351196, 93.16893, 215.0, 0.0, 13.0, -0.036727
0.13179, 100.70687009999999, 890.0200000000186, 123.20999999996275, 216.356, 93.5, 13.03, -0.02, 0.073917, -0.0915081, 1357.351196, 93.16893, 215.0, 0.0, 13.0, -0.036727
0.13179, 100.7288733, 896.789999999979, 122.79000000003725, 216.362, 93.5, 13.05, -0.09, 0.06623879999999999, -0.10325459999999999, 1357.593872, 93.335045, 215.0, 0.0, 13.0, -0.039118
0.13179, 100.73998950000001, 903.0499999999884, 122.41000000014901, 216.372, 93.5, 13.05, -0.11, 0.06623879999999999, -0.10325459999999999, 1357.593872, 93.335045, 215.0, 0.0, 13.0, -0.039118
-0.08440289999999999, 100.7185593, 909.8300000000163, 121.99000000022352, 216.385, 93.5, 13.06, -0.07, 0.049793699999999996, -0.1017648, 1357.798584, 93.474174, 215.0, 0.0, 13.0, -0.040303
-0.08440289999999999, 100.6752978, 916.0999999999767, 121.61000000033528, 216.4, 93.4, 13.07, -0.08, 0.049793699999999996, -0.1017648, 1357.798584, 93.474174, 215.0, 0.0, 13.0, -0.040303
0.13179, 100.63192169999999, 922.890000000014, 121.20000000018626, 216.419, 93.4, 13.08, -0.03, 0.05930549999999999, -0.1027389, 1358.069946, 93.657112, 215.0, 0.0, 13.0, -0.040658
0.13179, 100.637136, 929.1500000000233, 120.82000000029802, 216.437, 93.4, 13.08, -0.3, 0.05930549999999999, -0.1027389, 1358.069946, 93.657112, 215.0, 0.0, 13.0, -0.040658
0.13179, 100.6574202, 935.9500000000116, 120.41000000014901, 216.458, 93.4, 13.1, -0.36, 0.04011, -0.09918629999999999, 1358.288452, 93.803276, 215.0, 0.0, 13.0, -0.039412
0.13179, 100.6572483, 942.2399999999907, 120.01999999955297, 216.482, 93.4, 13.12, -0.21, 0.04011, -0.09918629999999999, 1358.288452, 93.803276, 215.0, 0.0, 13.0, -0.039412
-0.08440289999999999, 100.62521759999998, 949.0599999999977, 119.61000000033528, 216.516, 93.4, 13.15, -0.21, 0.045037799999999996, -0.10331189999999998, 1358.520752, 93.957588, 215.0, 0.0, 13.0, -0.040854
-0.08440289999999999, 100.1706567, 955.3800000000047, 119.23000000044703, 216.555, 93.4, 13.18, -0.3, 0.045037799999999996, -0.10331189999999998, 1358.520752, 93.957588, 215.0, 0.0, 13.0, -0.040854
0.13179, 100.1156487, 962.2299999999814, 118.82000000029802, 216.605, 93.4, 13.21, -0.07, 0.0594774, -0.1193559, 1358.84314, 94.169678, 215.0, 0.0, 13.0, -0.044728
0.13179, 100.0940466, 968.5800000000163, 118.44000000040978, 216.661, 93.3, 13.24, -0.03, 0.0594774, -0.1193559, 1358.84314, 94.169678, 215.0, 0.0, 13.0, -0.044728
-0.08440289999999999, 100.0671156, 975.460000000021, 118.04000000003725, 216.728, 93.3, 13.25, 0.1, 0.0513408, -0.13253489999999998, 1359.111816, 94.344826, 215.0, 0.0, 13.0, -0.051048
0.13179, 100.0483785, 981.7999999999884, 117.66000000014901, 216.793, 93.3, 13.24, 0.08, 0.0513408, -0.13253489999999998, 1359.111816, 94.344826, 215.0, 0.0, 13.0, -0.051048
0.13179, 100.0645944, 988.679999999993, 117.25999999977648, 216.862, 93.3, 13.23, 0.02, 0.0262434, -0.1475475, 1359.474731, 94.578987, 215.0, 0.0, 13.0, -0.056282
0.13179, 100.09719809999999, 995.0100000000093, 116.87999999988824, 216.921, 93.4, 13.21, 0.24, 0.0262434, -0.1475475, 1359.474731, 94.578987, 215.0, 0.0, 13.0, -0.056282
0.13179, 100.138053, 1001.8499999999767, 116.46999999973923, 216.979, 93.4, 13.17, -0.06, 0.0262434, -0.1475475, 1359.474731, 94.578987, 215.0, 0.0, 13.0, -0.056282
-0.08440289999999999, 100.1411472, 1008.1599999999744, 116.09999999962747, 217.024, 93.3, 13.15, 0.1, -0.0034953, -0.16410719999999998, 1359.833008, 94.807381, 215.0, 0.0, 13.0, -0.060348
-0.08440289999999999, 100.1029854, 1014.9799999999814, 115.70000000018626, 217.065, 93.3, 13.13, 0.14, -0.0034953, -0.16410719999999998, 1359.833008, 94.807381, 215.0, 0.0, 13.0, -0.060348
-0.08440289999999999, 100.06127099999999, 1021.2600000000093, 115.33999999985099, 217.097, 93.2, 13.1, 0.21, 0.034150799999999995, -0.1752234, 1360.245972, 95.067329, 215.0, 0.0, 13.0, -0.064237
0.13179, 100.0400127, 1028.0599999999977, 114.95000000018626, 217.125, 93.2, 13.07, 0.03, 0.034150799999999995, -0.1752234, 1360.245972, 95.067329, 215.0, 0.0, 13.0, -0.064237
-0.08440289999999999, 100.0329075, 1034.3099999999977, 114.58999999985099, 217.141, 93.2, 13.04, -0.14, 0.0697341, -0.1739055, 1360.688843, 95.342239, 215.0, 0.0, 13.0, -0.063766
0.13179, 99.9942873, 1041.0800000000163, 114.21999999973923, 217.15, 93.1, 13.02, -0.09, 0.0697341, -0.1739055, 1360.688843, 95.342239, 215.0, 0.0, 13.0, -0.063766
-0.08440289999999999, 99.97503449999999, 1047.320000000007, 113.87000000011176, 217.155, 93.1, 13.03, 0.04, 0.1113339, -0.1670295, 1361.162231, 95.631699, 215.0, 0.0, 13.0, -0.063087
0.13179, 99.92352179999999, 1054.0900000000256, 113.5, 217.16, 93.1, 13.03, 0.13, 0.1113339, -0.1670295, 1361.162231, 95.631699, 215.0, 0.0, 13.0, -0.063087
0.13179, 99.91234829999999, 1060.3300000000163, 113.1699999999255, 217.163, 93.1, 13.0, 0.12, 0.0508824, -0.17745809999999998, 1361.577148, 95.881737, 215.0, 0.0, 13.0, -0.066723
0.13179, 99.9469575, 1067.070000000007, 112.79999999981374, 217.159, 93.1, 12.97, 0.48, 0.0508824, -0.17745809999999998, 1361.577148, 95.881737, 215.0, 0.0, 13.0, -0.066723
0.13179, 99.9865518, 1073.2600000000093, 112.45999999996275, 217.146, 93.1, 12.91, 0.3, -0.019883099999999997, -0.1880586, 1362.176758, 96.237091, 215.0, 0.0, 13.0, -0.068708
-0.08440289999999999, 100.03256369999998, 1079.9400000000023, 112.08999999985099, 217.115, 93.1, 12.84, 0.0, -0.019883099999999997, -0.1880586, 1362.176758, 96.237091, 215.0, 0.0, 13.0, -0.068708
-0.08440289999999999, 100.02482819999999, 1086.0800000000163, 111.75999999977648, 217.069, 93.0, 12.8, -0.03, 0.020456099999999998, -0.1657116, 1362.76709, 96.580017, 215.0, 0.0, 13.0, -0.062634
-0.08440289999999999, 99.9863226, 1092.719999999972, 111.41000000014901, 217.005, 93.0, 12.77, -0.3, 0.020456099999999998, -0.1657116, 1362.76709, 96.580017, 215.0, 0.0, 13.0, -0.062634
-0.08440289999999999, 99.9532605, 1098.8400000000256, 111.0800000000745, 216.939, 92.9, 12.77, -0.36, -0.0037244999999999995, -0.14726099999999998, 1363.295898, 96.881622, 215.0, 0.0, 13.0, -0.054469
-0.08440289999999999, 99.8993412, 1105.4899999999907, 110.74000000022352, 216.869, 92.9, 12.8, -0.29, -0.0037244999999999995, -0.14726099999999998, 1363.295898, 96.881622, 215.0, 0.0, 13.0, -0.054469
-0.08440289999999999, 99.844104, 1111.640000000014, 110.42999999970198, 216.81, 92.9, 12.83, -0.43, -0.0029796, -0.1290969, 1363.991699, 97.270287, 215.0, 0.0, 13.0, -0.048128
0.13179, 99.78078749999999, 1118.320000000007, 110.08999999985099, 216.757, 92.8, 12.89, -0.37, -0.0029796, -0.1290969, 1363.991699, 97.270287, 215.0, 0.0, 13.0, -0.048128
-0.08440289999999999, 99.7389012, 1124.5200000000186, 109.78000000026077, 216.723, 92.8, 12.94, -0.3, -0.0075636, -0.12405449999999998, 1364.761719, 97.689995, 215.0, 0.0, 13.0, -0.046365
-0.08440289999999999, 99.652149, 1131.2700000000186, 109.45000000018626, 216.702, 92.7, 13.0, -0.01, -0.0075636, -0.12405449999999998, 1364.761719, 97.689995, 215.0, 0.0, 13.0, -0.046365
-0.08440289999999999, 99.5878584, 1137.5200000000186, 109.15000000037253, 216.696, 92.7, 13.03, -0.04, -0.0075636, -0.12405449999999998, 1364.761719, 97.689995, 215.0, 0.0, 13.0, -0.046365
-0.08440289999999999, 99.53852309999999, 1144.289999999979, 108.8300000000745, 216.701, 92.7, 13.05, -0.19, -0.0639468, -0.1298991, 1365.734253, 98.204521, 215.0, 0.0, 13.0, -0.048415
-0.08440289999999999, 99.4902192, 1150.5499999999884, 108.53000000026077, 216.71, 92.6, 13.06, -0.16, -0.0639468, -0.1298991, 1365.734253, 98.204521, 215.0, 0.0, 13.0, -0.048415
-0.08440289999999999, 99.4083948, 1157.3499999999767, 108.23000000044703, 216.724, 92.5, 13.07, -0.03, -0.05827409999999999, -0.1337382, 1366.692871, 98.69516, 215.0, 0.0, 13.0, -0.049753
-0.08440289999999999, 99.3581427, 1163.6199999999953, 107.95000000018626, 216.739, 92.5, 13.07, -0.05, -0.05827409999999999, -0.1337382, 1366.692871, 98.69516, 215.0, 0.0, 13.0, -0.049753
-0.08440289999999999, 99.30731759999999, 1170.4099999999744, 107.65000000037253, 216.758, 92.4, 13.08, 0.0, -0.09179459999999999, -0.1380357, 1367.763916, 99.224251, 215.0, 0.0, 13.0, -0.051247
-0.08440289999999999, 99.28399649999999, 1176.6900000000023, 107.37999999988824, 216.776, 92.4, 13.08, -0.09, -0.09179459999999999, -0.1380357, 1367.763916, 99.224251, 215.0, 0.0, 13.0, -0.051247
-0.08440289999999999, 99.2515074, 1183.4799999999814, 107.08999999985099, 216.795, 92.4, 13.07, -0.13, -0.1676025, -0.1380357, 1368.957031, 99.790474, 215.0, 0.0, 13.0, -0.051246
-0.08440289999999999, 99.213231, 1189.7600000000093, 106.8300000000745, 216.814, 92.3, 13.08, -0.01, -0.1676025, -0.1380357, 1368.957031, 99.790474, 215.0, 0.0, 13.0, -0.051246
-0.08440289999999999, 99.14544509999999, 1196.5599999999977, 106.54999999981374, 216.835, 92.3, 13.09, -0.23, -0.1943616, -0.1164336, 1370.296753, 100.397903, 215.0, 0.0, 13.0, -0.05157
-0.3005385, 99.0742212, 1202.8400000000256, 106.29999999981374, 216.857, 92.2, 13.1, 0.04, -0.1943616, -0.1164336, 1370.296753, 100.397903, 215.0, 0.0, 13.0, -0.05157
-0.3005385, 98.9355552, 1209.6599999999744, 106.04999999981374, 216.885, 92.0, 13.12, -0.02, -0.2210061, -0.1448544, 1372.254883, 101.233131, 215.0, 0.0, 13.0, -0.053627
-0.08440289999999999, 98.8437606, 1215.9500000000116, 105.82000000029802, 216.913, 92.0, 13.12, -0.25, -0.2210061, -0.1448544, 1372.254883, 101.233131, 215.0, 0.0, 13.0, -0.053627
-0.08440289999999999, 98.7291606, 1222.780000000028, 105.58999999985099, 216.947, 91.9, 13.14, -0.3, -0.3408777, -0.12124679999999999, 1374.050293, 101.945648, 215.0, 0.0, 13.0, -0.05324
-0.08440289999999999, 98.6546133, 1229.0999999999767, 105.38999999966472, 216.984, 91.8, 13.17, -0.31, -0.3408777, -0.12124679999999999, 1374.050293, 101.945648, 215.0, 0.0, 13.0, -0.05324
-0.3005385, 98.5276938, 1235.960000000021, 105.17999999970198, 217.032, 91.7, 13.21, -0.11, -0.4363968, -0.10978679999999999, 1376.117065, 102.704681, 215.0, 0.0, 13.0, -0.057107
-0.5165021999999999, 98.40553019999999, 1242.3099999999977, 105.0, 217.085, 91.5, 13.24, -0.17, -0.4363968, -0.10978679999999999, 1376.117065, 102.704681, 215.0, 0.0, 13.0, -0.057107
-0.5165021999999999, 98.18389379999999, 1249.2000000000116, 104.8300000000745, 217.152, 91.3, 13.26, -0.25, -0.3918174, -0.1162617, 1378.844604, 103.609245, 215.0, 0.0, 13.0, -0.059364
-0.5165021999999999, 98.0071806, 1256.109999999986, 104.69000000040978, 217.225, 91.1, 13.28, -0.45, -0.3918174, -0.1162617, 1378.844604, 103.609245, 215.0, 0.0, 13.0, -0.059364
-0.5165021999999999, 97.7435433, 1262.5, 104.5800000000745, 217.3, 90.9, 13.32, -0.08, -0.5214873, -0.13253489999999998, 1381.561523, 104.404022, 215.0, 0.0, 13.0, -0.065044
-0.5165021999999999, 97.5640224, 1268.9000000000233, 104.49000000022352, 217.385, 90.7, 13.35, -0.02, -0.5214873, -0.13253489999999998, 1381.561523, 104.404022, 215.0, 0.0, 13.0, -0.065044
-0.5165021999999999, 97.33952099999999, 1275.8499999999767, 104.41000000014901, 217.484, 90.5, 13.36, -0.2, -0.5214873, -0.13253489999999998, 1381.561523, 104.404022, 215.0, 0.0, 13.0, -0.065044
-0.7323513, 97.1739813, 1282.2700000000186, 104.37000000011176, 217.579, 90.3, 13.36, -0.26, -0.7051911, -0.14995409999999998, 1386.034912, 105.489792, 215.0, 0.0, 13.0, -0.071115
-0.5165021999999999, 96.8714373, 1289.219999999972, 104.34999999962747, 217.683, 90.0, 13.38, -0.32, -0.7051911, -0.14995409999999998, 1386.034912, 105.489792, 215.0, 0.0, 13.0, -0.071115
-0.5165021999999999, 96.6798834, 1295.6599999999744, 104.36000000033528, 217.785, 89.8, 13.41, -0.12, -0.6301854, -0.14313539999999997, 1390.75061, 106.344894, 215.0, 0.0, 13.0, -0.076581
-0.7323513, 96.37367219999999, 1302.640000000014, 104.41000000014901, 217.902, 89.5, 13.43, 0.06, -0.6301854, -0.14313539999999997, 1390.75061, 106.344894, 215.0, 0.0, 13.0, -0.076581
-0.7323513, 96.12309929999999, 1309.0900000000256, 104.48000000044703, 218.016, 89.2, 13.44, 0.34, -0.6105888, -0.1788333, 1396.083374, 106.965538, 215.0, 0.0, 13.0, -0.089052
-0.7323513, 95.7864618, 1316.070000000007, 104.59999999962747, 218.139, 88.9, 13.4, 0.22, -0.6105888, -0.1788333, 1396.083374, 106.965538, 215.0, 0.0, 13.0, -0.089052
-0.7323513, 95.5974864, 1322.4899999999907, 104.74000000022352, 218.245, 88.7, 13.36, -0.11, -0.3149208, -0.22123529999999997, 1402.713745, 107.236305, 215.0, 0.0, 13.0, -0.095997
-0.7323513, 95.29431209999998, 1329.4099999999744, 104.9199999999255, 218.347, 88.4, 13.32, -0.08, -0.3149208, -0.22123529999999997, 1402.713745, 107.236305, 215.0, 0.0, 13.0, -0.095997
-0.5165021999999999, 95.0926734, 1335.7999999999884, 105.12000000011176, 218.432, 88.1, 13.3, 0.08, 0.0422874, -0.2556153, 1410.212769, 106.879005, 215.0, 0.0, 13.0, -0.100155
-0.3005385, 94.83436499999999, 1342.710000000021, 105.36000000033528, 218.517, 87.9, 13.28, -0.17, 0.0422874, -0.2556153, 1410.212769, 106.879005, 215.0, 0.0, 13.0, -0.100155
-0.08440289999999999, 101.51027339999999, 916.609999999986, 120.54000000003725, 216.354, 93.3, 13.05, -0.09, 0.033921599999999996, -0.0977538, 1357.692627, 93.40229, 215.0, 0.0, 13.0, -0.038912
0.13179, 101.4824829, 922.859999999986, 120.17999999970198, 216.367, 93.3, 13.05, -0.11, 0.033921599999999996, -0.0977538, 1357.692627, 93.40229, 215.0, 0.0, 13.0, -0.038912
0.13179, 101.47440359999999, 929.640000000014, 119.78000000026077, 216.381, 93.3, 13.06, -0.07, 0.0422874, -0.09838409999999999, 1357.962158, 93.584648, 215.0, 0.0, 13.0, -0.039132
0.13179, 101.4753777, 935.9099999999744, 119.41000000014901, 216.395, 93.3, 13.07, -0.08, 0.0422874, -0.09838409999999999, 1357.962158, 93.584648, 215.0, 0.0, 13.0, -0.039132
-0.08440289999999999, 101.4604797, 942.7000000000116, 119.00999999977648, 216.412, 93.3, 13.07, -0.03, 0.0724845, -0.1081251, 1358.249146, 93.777061, 215.0, 0.0, 13.0, -0.04081
-0.08440289999999999, 101.4230628, 948.960000000021, 118.65000000037253, 216.43, 93.3, 13.08, -0.3, 0.0724845, -0.1081251, 1358.249146, 93.777061, 215.0, 0.0, 13.0, -0.04081
-0.08440289999999999, 101.3836977, 955.7600000000093, 118.25999999977648, 216.451, 93.2, 13.09, -0.36, 0.10480169999999998, -0.09855599999999999, 1358.57251, 93.991737, 215.0, 0.0, 13.0, -0.039199
0.13179, 101.33648249999999, 962.0499999999884, 117.90000000037253, 216.475, 93.2, 13.12, -0.21, 0.10480169999999998, -0.09855599999999999, 1358.57251, 93.991737, 215.0, 0.0, 13.0, -0.039199
0.13179, 101.29700279999999, 968.8800000000047, 117.51999999955297, 216.509, 93.2, 13.15, -0.21, 0.059019, -0.10279619999999999, 1358.842163, 94.16906, 215.0, 0.0, 13.0, -0.040667
0.13179, 101.3772801, 975.7199999999721, 117.12999999988824, 216.551, 93.2, 13.18, -0.3, 0.059019, -0.10279619999999999, 1358.842163, 94.16906, 215.0, 0.0, 13.0, -0.040667
0.13179, 101.3690289, 982.0499999999884, 116.76999999955297, 216.598, 93.2, 13.21, -0.07, 0.0677859, -0.11878290000000001, 1359.174316, 94.385345, 215.0, 0.0, 13.0, -0.044525
-0.08440289999999999, 101.3498334, 988.390000000014, 116.41000000014901, 216.654, 93.2, 13.24, -0.03, 0.0677859, -0.11878290000000001, 1359.174316, 94.385345, 215.0, 0.0, 13.0, -0.044525
-0.08440289999999999, 101.30336309999998, 995.2700000000186, 116.03000000026077, 216.721, 93.1, 13.25, 0.1, 0.053289, -0.13677509999999998, 1359.465332, 94.572952, 215.0, 0.0, 13.0, -0.0508
-0.08440289999999999, 101.27826569999999, 1001.6199999999953, 115.67999999970198, 216.786, 93.1, 13.24, 0.08, 0.053289, -0.13677509999999998, 1359.465332, 94.572952, 215.0, 0.0, 13.0, -0.0508
-0.08440289999999999, 101.2432554, 1008.5, 115.29999999981374, 216.855, 93.1, 13.23, 0.02, 0.09603479999999999, -0.15184499999999998, 1359.861572, 94.82547, 215.0, 0.0, 13.0, -0.056067
-0.08440289999999999, 101.22990449999999, 1014.8300000000163, 114.95000000018626, 216.915, 93.0, 13.21, 0.24, 0.09603479999999999, -0.15184499999999998, 1359.861572, 94.82547, 215.0, 0.0, 13.0, -0.056067
0.13179, 101.20515089999999, 1021.679999999993, 114.58999999985099, 216.973, 93.0, 13.17, -0.06, 0.09603479999999999, -0.15184499999999998, 1359.861572, 94.82547, 215.0, 0.0, 13.0, -0.056067
0.13179, 101.2091046, 1027.9899999999907, 114.25, 217.018, 93.0, 13.15, 0.1, 0.0734586, -0.1586637, 1360.343628, 95.128273, 215.0, 0.0, 13.0, -0.060177
0.13179, 101.2513347, 1034.8099999999977, 113.87999999988824, 217.059, 93.0, 13.12, 0.14, 0.0734586, -0.1586637, 1360.343628, 95.128273, 215.0, 0.0, 13.0, -0.060177
0.13179, 101.2929345, 1041.0999999999767, 113.54000000003725, 217.091, 93.1, 13.1, 0.21, 0.0120903, -0.16977989999999998, 1360.798462, 95.409706, 215.0, 0.0, 13.0, -0.064059
0.13179, 101.3602047, 1047.890000000014, 113.16000000014901, 217.119, 93.1, 13.07, 0.03, 0.0120903, -0.16977989999999998, 1360.798462, 95.409706, 215.0, 0.0, 13.0, -0.064059
-0.08440289999999999, 101.39040179999999, 1054.140000000014, 112.80999999959022, 217.135, 93.1, 13.04, -0.14, -0.0261288, -0.17333249999999997, 1361.194824, 95.651527, 215.0, 0.0, 13.0, -0.063579
-0.08440289999999999, 101.37281069999999, 1060.9099999999744, 112.44000000040978, 217.144, 93.1, 13.02, -0.09, -0.0261288, -0.17333249999999997, 1361.194824, 95.651527, 215.0, 0.0, 13.0, -0.063579
-0.08440289999999999, 101.316714, 1067.1500000000233, 112.11000000033528, 217.148, 93.0, 13.02, 0.04, 0.030311699999999997, -0.1713843, 1361.716675, 95.965096, 215.0, 0.0, 13.0, -0.062887
-0.08440289999999999, 101.2293315, 1073.9199999999837, 111.75999999977648, 217.153, 92.9, 13.02, 0.12, 0.030311699999999997, -0.1713843, 1361.716675, 95.965096, 215.0, 0.0, 13.0, -0.062887
-0.08440289999999999, 101.1982749, 1080.1599999999744, 111.42999999970198, 217.155, 92.9, 13.0, 0.12, 0.0050424, -0.1816983, 1362.180298, 96.239166, 215.0, 0.0, 13.0, -0.06648
-0.08440289999999999, 101.17896479999999, 1086.9000000000233, 111.08999999985099, 217.152, 92.9, 12.97, 0.48, 0.0050424, -0.1816983, 1362.180298, 96.239166, 215.0, 0.0, 13.0, -0.06648
0.13179, 101.1738078, 1093.0999999999767, 110.78000000026077, 217.138, 92.8, 12.91, 0.3, 0.014897999999999998, -0.1824432, 1362.957764, 96.689362, 215.0, 0.0, 13.0, -0.068463
0.13179, 101.2143189, 1099.780000000028, 110.44000000040978, 217.106, 92.8, 12.84, 0.0, 0.014897999999999998, -0.1824432, 1362.957764, 96.689362, 215.0, 0.0, 13.0, -0.068463
0.13179, 100.7277273, 1105.9199999999837, 110.13999999966472, 217.06, 92.8, 12.8, -0.03, -0.0009168, -0.1649667, 1363.622803, 97.065376, 215.0, 0.0, 13.0, -0.062379
0.13179, 100.73918729999998, 1112.5599999999977, 109.80999999959022, 216.997, 92.8, 12.77, -0.3, -0.0009168, -0.1649667, 1363.622803, 97.065376, 215.0, 0.0, 13.0, -0.062379
0.13179, 100.74394319999999, 1118.679999999993, 109.5, 216.931, 92.8, 12.77, -0.36, -0.0118611, -0.14651609999999998, 1364.344971, 97.464203, 215.0, 0.0, 13.0, -0.054208
-0.08440289999999999, 100.70778689999999, 1125.320000000007, 109.1699999999255, 216.86, 92.8, 12.8, -0.29, -0.0118611, -0.14651609999999998, 1364.344971, 97.464203, 215.0, 0.0, 13.0, -0.054208
-0.08440289999999999, 100.6458456, 1131.4799999999814, 108.87000000011176, 216.801, 92.7, 12.83, -0.43, -0.0575865, -0.1284666, 1365.021362, 97.82901, 215.0, 0.0, 13.0, -0.047916
-0.08440289999999999, 100.53743399999999, 1138.1599999999744, 108.55999999959022, 216.748, 92.6, 12.89, -0.37, -0.0575865, -0.1284666, 1365.021362, 97.82901, 215.0, 0.0, 13.0, -0.047916
-0.08440289999999999, 100.46603819999999, 1144.359999999986, 108.26999999955297, 216.714, 92.6, 12.94, -0.3, -0.0594774, -0.12330959999999998, 1365.903931, 98.292564, 215.0, 0.0, 13.0, -0.046113
-0.08440289999999999, 100.3709775, 1151.109999999986, 107.95999999996275, 216.693, 92.5, 13.0, -0.01, -0.0594774, -0.12330959999999998, 1365.903931, 98.292564, 215.0, 0.0, 13.0, -0.046113
-0.08440289999999999, 100.32760139999999, 1157.359999999986, 107.67999999970198, 216.688, 92.5, 13.03, -0.04, -0.0594774, -0.12330959999999998, 1365.903931, 98.292564, 215.0, 0.0, 13.0, -0.046113
-0.08440289999999999, 100.2794694, 1164.140000000014, 107.37999999988824, 216.692, 92.5, 13.05, -0.19, -0.0846321, -0.1291542, 1367.170288, 98.933472, 215.0, 0.0, 13.0, -0.048153
-0.08440289999999999, 100.22572199999999, 1170.9199999999837, 107.08999999985099, 216.702, 92.4, 13.06, -0.16, -0.0846321, -0.1291542, 1367.170288, 98.933472, 215.0, 0.0, 13.0, -0.048153
-0.3005385, 100.112268, 1177.1900000000023, 106.8300000000745, 216.714, 92.3, 13.07, -0.03, -0.08096489999999999, -0.1104744, 1368.294067, 99.478859, 215.0, 0.0, 13.0, -0.049483
-0.08440289999999999, 100.0317042, 1183.460000000021, 106.5800000000745, 216.73, 92.2, 13.07, -0.05, -0.08096489999999999, -0.1104744, 1368.294067, 99.478859, 215.0, 0.0, 13.0, -0.049483
-0.08440289999999999, 99.9112596, 1190.2600000000093, 106.32000000029802, 216.749, 92.1, 13.08, 0.0, -0.19539299999999998, -0.13224840000000002, 1369.407471, 99.998032, 215.0, 0.0, 13.0, -0.050954
0.13179, 99.8752179, 1196.530000000028, 106.0800000000745, 216.767, 92.1, 13.08, -0.09, -0.19539299999999998, -0.13224840000000002, 1369.407471, 99.998032, 215.0, 0.0, 13.0, -0.050954
-0.08440289999999999, 99.8556213, 1203.3300000000163, 105.8300000000745, 216.786, 92.1, 13.07, -0.13, -0.2352738, -0.1371762, 1370.981323, 100.69693, 215.0, 0.0, 13.0, -0.050948
-0.08440289999999999, 99.83006549999999, 1209.609999999986, 105.59999999962747, 216.804, 92.0, 13.08, -0.01, -0.2352738, -0.1371762, 1370.981323, 100.69693, 215.0, 0.0, 13.0, -0.050948
-0.08440289999999999, 99.77649, 1216.4099999999744, 105.36000000033528, 216.826, 92.0, 13.09, -0.23, -0.39462509999999995, -0.09311249999999999, 1372.426392, 101.303352, 215.0, 0.0, 13.0, -0.051281
-0.3005385, 99.68807609999999, 1222.7000000000116, 105.15000000037253, 216.848, 91.8, 13.1, 0.04, -0.39462509999999995, -0.09311249999999999, 1372.426392, 101.303352, 215.0, 0.0, 13.0, -0.051281
-0.5165021999999999, 99.47314379999999, 1229.5100000000093, 104.94000000040978, 216.875, 91.6, 13.12, -0.02, -0.3371532, -0.1215333, 1374.970703, 102.291649, 215.0, 0.0, 13.0, -0.053342
-0.3005385, 99.3265131, 1235.8099999999977, 104.76999999955297, 216.904, 91.5, 13.12, -0.25, -0.3371532, -0.1215333, 1374.970703, 102.291649, 215.0, 0.0, 13.0, -0.053342
-0.3005385, 99.1527795, 1242.640000000014, 104.59999999962747, 216.938, 91.3, 13.14, -0.3, -0.46172339999999995, -0.12038729999999999, 1377.182007, 103.070816, 215.0, 0.0, 13.0, -0.052951
-0.3005385, 99.04305, 1248.960000000021, 104.45000000018626, 216.974, 91.2, 13.17, -0.31, -0.46172339999999995, -0.12038729999999999, 1377.182007, 103.070816, 215.0, 0.0, 13.0, -0.052951
-0.3005385, 98.8570542, 1255.820000000007, 104.30999999959022, 217.022, 91.1, 13.21, -0.11, -0.57873, -0.1089846, 1379.757935, 103.888092, 215.0, 0.0, 13.0, -0.05682
-0.5165021999999999, 98.691801, 1262.1699999999837, 104.20999999996275, 217.075, 90.9, 13.24, -0.17, -0.57873, -0.1089846, 1379.757935, 103.888092, 215.0, 0.0, 13.0, -0.05682
-0.5165021999999999, 98.39407019999999, 1269.070000000007, 104.12000000011176, 217.142, 90.6, 13.26, -0.25, -0.5912214, -0.11528759999999999, 1383.025024, 104.789314, 215.0, 0.0, 13.0, -0.059022
-0.5165021999999999, 98.18905079999999, 1275.4400000000023, 104.07000000029802, 217.209, 90.4, 13.28, -0.45, -0.5912214, -0.11528759999999999, 1383.025024, 104.789314, 215.0, 0.0, 13.0, -0.059022
-0.5165021999999999, 97.896477, 1282.359999999986, 104.04000000003725, 217.29, 90.1, 13.32, -0.08, -0.6763692, -0.1316754, 1386.887207, 105.666016, 215.0, 0.0, 13.0, -0.064746
-0.5165021999999999, 97.68744659999999, 1288.7700000000186, 104.04000000003725, 217.375, 89.9, 13.35, -0.02, -0.6763692, -0.1316754, 1386.887207, 105.666016, 215.0, 0.0, 13.0, -0.064746
-0.5165021999999999, 97.379058, 1295.719999999972, 104.07000000029802, 217.474, 89.6, 13.36, -0.2, -0.6763692, -0.1316754, 1386.887207, 105.666016, 215.0, 0.0, 13.0, -0.064746
-0.5165021999999999, 97.1830347, 1302.1300000000047, 104.12999999988824, 217.568, 89.4, 13.36, -0.26, -0.7397429999999999, -0.12657569999999999, 1392.941284, 106.643791, 215.0, 0.0, 13.0, -0.070805
-0.7323513, 96.88284, 1309.0900000000256, 104.21999999973923, 217.672, 89.1, 13.38, -0.32, -0.7397429999999999, -0.12657569999999999, 1392.941284, 106.643791, 215.0, 0.0, 13.0, -0.070805
-0.7323513, 96.6539265, 1315.5200000000186, 104.33999999985099, 217.774, 88.8, 13.41, -0.12, -0.5187942, -0.14221859999999997, 1399.001709, 107.152634, 215.0, 0.0, 13.0, -0.076258
-0.7323513, 96.2602182, 1322.5, 104.50999999977648, 217.891, 88.5, 13.43, 0.06, -0.5187942, -0.14221859999999997, 1399.001709, 107.152634, 215.0, 0.0, 13.0, -0.076258
-0.5165021999999999, 96.00013349999999, 1328.9500000000116, 104.70000000018626, 218.004, 88.2, 13.43, 0.34, -0.0955191, -0.22289699999999998, 1406.210205, 107.157501, 215.0, 0.0, 13.0, -0.088724
-0.3005385, 95.7294483, 1335.9199999999837, 104.92999999970198, 218.127, 88.0, 13.4, 0.22, -0.0955191, -0.22289699999999998, 1406.210205, 107.157501, 215.0, 0.0, 13.0, -0.088724
-0.3005385, 95.6177706, 1342.3400000000256, 105.16000000014901, 218.232, 87.8, 13.36, -0.11, 0.3330276, -0.2602566, 1414.389526, 106.371773, 215.0, 0.0, 13.0, -0.095632
-0.08440289999999999, 95.5220223, 1349.2600000000093, 105.4199999999255, 218.333, 87.8, 13.32, -0.08, 0.3330276, -0.2602566, 1414.389526, 106.371773, 215.0, 0.0, 13.0, -0.095632
0.13179, 95.4875277, 1355.6500000000233, 105.6699999999255, 218.416, 87.7, 13.3, 0.08, 1.7612874, -0.1816983, 1424.22168, 104.275894, 215.0, 0.0, 13.0, -0.099684
0.5644623, 95.5770876, 1362.5499999999884, 105.92999999970198, 218.5, 87.9, 13.28, -0.17, 1.7612874, -0.1816983, 1424.22168, 104.275894, 215.0, 0.0, 13.0, -0.099684
1.2141297, 95.75643659999999, 1368.929999999993, 106.13999999966472, 218.572, 88.2, 13.28, -0.1, 4.0300809, -0.0391359, 1437.366089, 99.316055, 215.0, 0.0, 13.0, -0.105108
1.8644273999999998, 96.2590149, 1375.8300000000163, 106.30999999959022, 218.649, 88.7, 13.27, 0.23, 4.0300809, -0.0391359, 1437.366089, 99.316055, 215.0, 0.0, 13.0, -0.105108
2.9491737, 96.8189505, 1382.2000000000116, 106.37999999988824, 218.719, 89.5, 13.25, 0.22, 6.1320741, 0.16393529999999998, 1448.200439, 93.009239, 215.0, 0.0, 13.0, -0.113138
3.8173259999999996, 98.15610329999998, 1389.070000000007, 106.30999999959022, 218.789, 90.9, 13.21, 0.21, 6.1320741, 0.16393529999999998, 1448.200439, 93.009239, 215.0, 0.0, 13.0, -0.113138
4.9023015, 99.35390249999999, 1395.390000000014, 106.0800000000745, 218.843, 92.5, 13.16, 0.28, 7.911468299999999, 0.37244999999999995, 1458.332397, 84.68708, 215.0, 0.0, 13.0, -0.119146
5.986360199999999, 101.6101473, 1402.1900000000023, 105.59999999962747, 218.889, 94.6, 13.09, 0.31, 7.911468299999999, 0.37244999999999995, 1458.332397, 84.68708, 215.0, 0.0, 13.0, -0.119146
7.068757199999999, 103.431657, 1408.4099999999744, 104.90000000037253, 218.919, 97.0, 13.02, 0.35, 9.469226099999998, 0.5642330999999999, 1467.104736, 74.63765, 215.0, 0.0, 13.0, -0.123542
7.9328985, 106.62819479999999, 1415.0599999999977, 103.82000000029802, 218.935, 100.0, 12.92, 0.35, 9.469226099999998, 0.5642330999999999, 1467.104736, 74.63765, 215.0, 0.0, 13.0, -0.123542
8.814745499999999, 109.0668255, 1421.0900000000256, 102.49000000022352, 218.933, 103.2, 12.83, 0.24, 10.3074678, 0.6772286999999999, 1474.127319, 63.186771, 215.0, 0.0, 13.0, -0.123313
9.246558299999998, 113.0178897, 1427.469999999972, 100.6699999999255, 218.911, 106.8, 12.73, 0.01, 10.3074678, 0.6772286999999999, 1474.127319, 63.186771, 215.0, 0.0, 13.0, -0.123313
9.8930742, 115.8347004, 1433.210000000021, 98.62999999988824, 218.872, 110.5, 12.66, 0.35, 10.3074678, 0.6772286999999999, 1474.127319, 63.186771, 215.0, 0.0, 13.0, -0.123313
-0.08440289999999999, 101.37435779999998, 952.5300000000279, 119.48000000044703, 216.032, 93.4, 12.66, -0.6, 0.060279599999999996, -0.05810219999999999, 1358.630981, 94.030342, 215.0, 0.0, 13.0, -0.025063
-0.08440289999999999, 101.28852239999999, 959.1300000000047, 119.08999999985099, 215.926, 93.3, 12.73, -0.34, 0.060279599999999996, -0.05810219999999999, 1358.630981, 94.030342, 215.0, 0.0, 13.0, -0.025063
0.13179, 101.2390725, 965.2600000000093, 118.73000000044703, 215.847, 93.3, 12.8, -0.37, 0.060279599999999996, -0.05810219999999999, 1358.630981, 94.030342, 215.0, 0.0, 13.0, -0.025063
0.13179, 101.188362, 971.929999999993, 118.33999999985099, 215.782, 93.3, 12.87, -0.36, 0.0987279, -0.0363855, 1359.045288, 94.301636, 215.0, 0.0, 13.0, -0.0175
0.13179, 101.165442, 978.1199999999953, 117.98000000044703, 215.741, 93.3, 12.94, -0.26, 0.0987279, -0.0363855, 1359.045288, 94.301636, 215.0, 0.0, 13.0, -0.0175
0.13179, 101.12516009999999, 984.859999999986, 117.5800000000745, 215.719, 93.3, 13.0, -0.15, 0.0615402, -0.0366147, 1359.31543, 94.476555, 215.0, 0.0, 13.0, -0.017571
0.13179, 101.08957679999999, 991.109999999986, 117.20999999996275, 215.715, 93.3, 13.04, -0.02, 0.0615402, -0.0366147, 1359.31543, 94.476555, 215.0, 0.0, 13.0, -0.017571
0.13179, 101.0636772, 997.890000000014, 116.80999999959022, 215.723, 93.3, 13.06, -0.09, 0.010199399999999999, -0.043548, 1359.605469, 94.662636, 215.0, 0.0, 13.0, -0.019994
0.13179, 101.0680893, 1004.1500000000233, 116.44000000040978, 215.738, 93.3, 13.07, -0.1, 0.010199399999999999, -0.043548, 1359.605469, 94.662636, 215.0, 0.0, 13.0, -0.019994
-0.08440289999999999, 101.05215989999999, 1010.9500000000116, 116.04000000003725, 215.757, 93.3, 13.09, -0.06, -0.0025212, -0.049851, 1359.916382, 94.860138, 215.0, 0.0, 13.0, -0.020475
-0.08440289999999999, 101.01737879999999, 1017.2299999999814, 115.67999999970198, 215.778, 93.3, 13.1, -0.07, -0.0025212, -0.049851, 1359.916382, 94.860138, 215.0, 0.0, 13.0, -0.020475
-0.08440289999999999, 100.9687311, 1024.030000000028, 115.29000000003725, 215.804, 93.2, 13.1, -0.01, 0.0432615, -0.056268599999999995, 1360.334717, 95.122772, 215.0, 0.0, 13.0, -0.0227
-0.08440289999999999, 100.9353252, 1030.3099999999977, 114.92999999970198, 215.83, 93.2, 13.11, -0.28, 0.0432615, -0.056268599999999995, 1360.334717, 95.122772, 215.0, 0.0, 13.0, -0.0227
-0.08440289999999999, 100.8810621, 1037.1199999999953, 114.54999999981374, 215.861, 93.1, 13.12, -0.35, 0.0593628, -0.0484185, 1360.831787, 95.430168, 215.0, 0.0, 13.0, -0.021682
-0.08440289999999999, 100.8524121, 1043.4199999999837, 114.20000000018626, 215.892, 93.1, 13.15, -0.2, 0.0593628, -0.0484185, 1360.831787, 95.430168, 215.0, 0.0, 13.0, -0.021682
-0.08440289999999999, 100.79534129999999, 1050.2600000000093, 113.82000000029802, 215.934, 93.1, 13.18, -0.19, 0.0845175, -0.0539766, 1361.325317, 95.730431, 215.0, 0.0, 13.0, -0.023622
-0.08440289999999999, 99.8422131, 1056.5900000000256, 113.48000000044703, 215.98, 93.0, 13.21, -0.28, 0.0845175, -0.0539766, 1361.325317, 95.730431, 215.0, 0.0, 13.0, -0.023622
0.13179, 99.77614619999999, 1063.460000000021, 113.11000000033528, 216.039, 93.0, 13.24, -0.05, 0.10571849999999999, -0.066468, 1361.862793, 96.051926, 215.0, 0.0, 13.0, -0.02799
0.13179, 99.7491579, 1069.820000000007, 112.76999999955297, 216.103, 93.0, 13.27, -0.01, 0.10571849999999999, -0.066468, 1361.862793, 96.051926, 215.0, 0.0, 13.0, -0.02799
0.13179, 99.7642851, 1076.719999999972, 112.40000000037253, 216.178, 93.0, 13.28, 0.12, -0.005672699999999999, -0.0860073, 1362.344238, 96.335098, 215.0, 0.0, 13.0, -0.034805
0.13179, 99.7978629, 1083.0800000000163, 112.04999999981374, 216.25, 93.1, 13.27, 0.1, -0.005672699999999999, -0.0860073, 1362.344238, 96.335098, 215.0, 0.0, 13.0, -0.034805
0.13179, 99.84662519999999, 1089.969999999972, 111.6699999999255, 216.327, 93.1, 13.25, 0.03, -0.0828558, -0.107151, 1362.865723, 96.636703, 215.0, 0.0, 13.0, -0.040474
-0.08440289999999999, 99.85453259999998, 1096.320000000007, 111.32000000029802, 216.394, 93.1, 13.23, 0.26, -0.0828558, -0.107151, 1362.865723, 96.636703, 215.0, 0.0, 13.0, -0.040474
-0.08440289999999999, 99.83631119999998, 1103.179999999993, 110.95000000018626, 216.46, 93.1, 13.2, -0.04, -0.0828558, -0.107151, 1362.865723, 96.636703, 215.0, 0.0, 13.0, -0.040474
-0.08440289999999999, 99.7908723, 1109.5, 110.61000000033528, 216.512, 93.0, 13.17, 0.11, 0.0043548, -0.1155741, 1363.77356, 97.149452, 215.0, 0.0, 13.0, -0.045138
-0.08440289999999999, 99.7032606, 1116.3300000000163, 110.25999999977648, 216.561, 92.9, 13.15, 0.16, 0.0043548, -0.1155741, 1363.77356, 97.149452, 215.0, 0.0, 13.0, -0.045138
0.13179, 99.69151409999999, 1123.1599999999744, 109.91000000014901, 216.603, 92.9, 13.13, 0.23, -0.0937428, -0.1329933, 1364.413574, 97.501579, 215.0, 0.0, 13.0, -0.049485
0.13179, 99.70916249999999, 1129.4400000000023, 109.5800000000745, 216.635, 92.9, 13.09, 0.05, -0.0937428, -0.1329933, 1364.413574, 97.501579, 215.0, 0.0, 13.0, -0.049485
-0.08440289999999999, 99.70469309999999, 1135.710000000021, 109.26999999955297, 216.659, 92.8, 13.06, -0.12, -0.0771258, -0.1103598, 1365.234497, 97.942223, 215.0, 0.0, 13.0, -0.049443
-0.08440289999999999, 99.637824, 1142.4899999999907, 108.92999999970198, 216.675, 92.7, 13.05, -0.08, -0.0771258, -0.1103598, 1365.234497, 97.942223, 215.0, 0.0, 13.0, -0.049443
-0.3005385, 99.5539368, 1148.75, 108.62999999988824, 216.687, 92.6, 13.05, 0.06, -0.017705699999999998, -0.1097295, 1366.137207, 98.41275, 215.0, 0.0, 13.0, -0.049223
-0.3005385, 99.43200239999999, 1155.530000000028, 108.32000000029802, 216.699, 92.5, 13.05, 0.14, -0.017705699999999998, -0.1097295, 1366.137207, 98.41275, 215.0, 0.0, 13.0, -0.049223
-0.08440289999999999, 99.3545901, 1161.780000000028, 108.04999999981374, 216.709, 92.4, 13.03, 0.13, 0.0006876, -0.1386087, 1367.137085, 98.917015, 215.0, 0.0, 13.0, -0.053176
0.13179, 99.2984934, 1168.539999999979, 107.75999999977648, 216.712, 92.4, 12.99, 0.49, 0.0006876, -0.1386087, 1367.137085, 98.917015, 215.0, 0.0, 13.0, -0.053176
0.13179, 99.3149958, 1174.75, 107.49000000022352, 216.705, 92.4, 12.93, 0.32, -0.1465734, -0.1505844, 1368.409546, 99.533676, 215.0, 0.0, 13.0, -0.055636
-0.08440289999999999, 99.3517824, 1181.4400000000023, 107.20999999996275, 216.681, 92.4, 12.86, 0.0, -0.1465734, -0.1505844, 1368.409546, 99.533676, 215.0, 0.0, 13.0, -0.055636
-0.08440289999999999, 99.347313, 1188.109999999986, 106.92999999970198, 216.637, 92.3, 12.82, -0.01, -0.09695159999999999, -0.1119642, 1369.808594, 100.180038, 215.0, 0.0, 13.0, -0.050006
-0.3005385, 99.263655, 1194.25, 106.67999999970198, 216.585, 92.2, 12.79, -0.28, -0.09695159999999999, -0.1119642, 1369.808594, 100.180038, 215.0, 0.0, 13.0, -0.050006
-0.3005385, 99.1674483, 1200.390000000014, 106.45000000018626, 216.526, 92.1, 12.79, -0.35, -0.1819275, -0.08967449999999999, 1371.053589, 100.72802, 215.0, 0.0, 13.0, -0.042231
-0.3005385, 99.0252297, 1207.0499999999884, 106.20000000018626, 216.462, 92.0, 12.82, -0.27, -0.1819275, -0.08967449999999999, 1371.053589, 100.72802, 215.0, 0.0, 13.0, -0.042231
-0.3005385, 98.9236368, 1213.210000000021, 105.99000000022352, 216.41, 91.9, 12.86, -0.42, -0.1183245, -0.0729429, 1372.818481, 101.462219, 215.0, 0.0, 13.0, -0.036383
-0.3005385, 98.7427407, 1219.9199999999837, 105.78000000026077, 216.364, 91.7, 12.91, -0.36, -0.1183245, -0.0729429, 1372.818481, 101.462219, 215.0, 0.0, 13.0, -0.036383
-0.3005385, 98.6037309, 1226.1300000000047, 105.59999999962747, 216.336, 91.6, 12.96, -0.29, -0.19241339999999998, -0.0689892, 1374.660278, 102.176407, 215.0, 0.0, 13.0, -0.035011
-0.3005385, 98.42953889999998, 1232.890000000014, 105.4199999999255, 216.321, 91.5, 13.02, 0.0, -0.19241339999999998, -0.0689892, 1374.660278, 102.176407, 215.0, 0.0, 13.0, -0.035011
-0.3005385, 98.32261709999999, 1239.1500000000233, 105.25999999977648, 216.322, 91.4, 13.05, -0.03, -0.19241339999999998, -0.0689892, 1374.660278, 102.176407, 215.0, 0.0, 13.0, -0.035011
-0.08440289999999999, 98.1893946, 1245.9500000000116, 105.09999999962747, 216.333, 91.3, 13.06, -0.17, -0.3353769, -0.0987279, 1377.40332, 103.144814, 215.0, 0.0, 13.0, -0.03753
-0.08440289999999999, 98.1071118, 1252.219999999972, 104.95999999996275, 216.347, 91.2, 13.07, -0.15, -0.3353769, -0.0987279, 1377.40332, 103.144814, 215.0, 0.0, 13.0, -0.03753
-0.08440289999999999, 97.9872975, 1259.030000000028, 104.8300000000745, 216.366, 91.1, 13.09, -0.02, -0.43794389999999994, -0.08079299999999999, 1380.177246, 104.012115, 215.0, 0.0, 13.0, -0.039118
-0.3005385, 97.9029519, 1265.3099999999977, 104.71999999973923, 216.386, 91.0, 13.09, -0.04, -0.43794389999999994, -0.08079299999999999, 1380.177246, 104.012115, 215.0, 0.0, 13.0, -0.039118
-0.3005385, 97.7680104, 1272.1199999999953, 104.61000000033528, 216.41, 90.8, 13.09, 0.0, -0.6776298, -0.0653793, 1384.057373, 105.043388, 215.0, 0.0, 13.0, -0.041599
-0.5165021999999999, 97.6496859, 1278.4099999999744, 104.51999999955297, 216.433, 90.7, 13.09, -0.08, -0.6776298, -0.0653793, 1384.057373, 105.043388, 215.0, 0.0, 13.0, -0.041599
-0.7323513, 97.3975659, 1285.219999999972, 104.45999999996275, 216.458, 90.4, 13.09, -0.12, -0.6881729999999999, -0.0415998, 1387.005493, 105.68972, 215.0, 0.0, 13.0, -0.041157
-0.5165021999999999, 97.1831493, 1291.5100000000093, 104.42999999970198, 216.481, 90.1, 13.1, 0.0, -0.6881729999999999, -0.0415998, 1387.005493, 105.68972, 215.0, 0.0, 13.0, -0.041157
-0.7323513, 96.87413039999998, 1298.320000000007, 104.42999999970198, 216.508, 89.9, 13.11, -0.22, -0.7392272999999999, -0.0434907, 1391.499146, 106.453957, 215.0, 0.0, 13.0, -0.041809
-0.7323513, 96.6506031, 1304.6199999999953, 104.45999999996275, 216.535, 89.6, 13.12, 0.05, -0.7392272999999999, -0.0434907, 1391.499146, 106.453957, 215.0, 0.0, 13.0, -0.041809
-0.7323513, 96.30932429999999, 1311.4500000000116, 104.53000000026077, 216.568, 89.3, 13.13, -0.01, -0.6919548, -0.050538599999999996, 1398.28479, 107.116585, 215.0, 0.0, 13.0, -0.044267
-0.7323513, 96.08459369999999, 1317.7600000000093, 104.62999999988824, 216.602, 89.0, 13.14, -0.24, -0.6919548, -0.050538599999999996, 1398.28479, 107.116585, 215.0, 0.0, 13.0, -0.044267
-0.7323513, 95.7538581, 1324.5999999999767, 104.75999999977648, 216.641, 88.7, 13.16, -0.29, -0.338643, -0.072771, 1405.201294, 107.195946, 215.0, 0.0, 13.0, -0.044187
-0.5165021999999999, 95.53124759999999, 1330.929999999993, 104.91000000014901, 216.682, 88.5, 13.18, -0.3, -0.338643, -0.072771, 1405.201294, 107.195946, 215.0, 0.0, 13.0, -0.044187
-0.5165021999999999, 95.236038, 1337.7999999999884, 105.11000000033528, 216.736, 88.3, 13.22, -0.1, 0.0734013, -0.10726559999999999, 1413.123291, 106.549126, 215.0, 0.0, 13.0, -0.048376
-0.3005385, 95.07932249999999, 1344.1500000000233, 105.30999999959022, 216.794, 88.1, 13.25, -0.16, 0.0734013, -0.10726559999999999, 1413.123291, 106.549126, 215.0, 0.0, 13.0, -0.048376
-0.3005385, 94.8639891, 1351.0499999999884, 105.54999999981374, 216.866, 87.9, 13.27, -0.24, 1.5486471, -0.06429059999999999, 1422.78479, 104.663681, 215.0, 0.0, 13.0, -0.050831
0.13179, 94.77219449999998, 1357.429999999993, 105.78000000026077, 216.938, 87.9, 13.3, -0.44, 1.5486471, -0.06429059999999999, 1422.78479, 104.663681, 215.0, 0.0, 13.0, -0.050831
0.7809417, 94.7797008, 1364.359999999986, 106.01999999955297, 217.023, 88.0, 13.34, -0.07, 3.0526002, 0.0990717, 1433.07959, 101.227188, 215.0, 0.0, 13.0, -0.056873
1.4308383, 94.9748073, 1370.7700000000186, 106.20999999996275, 217.112, 88.3, 13.37, -0.01, 3.0526002, 0.0990717, 1433.07959, 101.227188, 215.0, 0.0, 13.0, -0.056873
2.2981884, 95.60745659999999, 1377.719999999972, 106.34999999962747, 217.216, 89.0, 13.37, -0.19, 3.0526002, 0.0990717, 1433.07959, 101.227188, 215.0, 0.0, 13.0, -0.056873
3.1661688, 96.2645157, 1384.140000000014, 106.37000000011176, 217.315, 90.0, 13.38, -0.25, 5.9459637, 0.2840934, 1447.212891, 93.682106, 215.0, 0.0, 13.0, -0.063309
4.2513735, 97.6032156, 1391.109999999986, 106.25, 217.427, 91.4, 13.39, -0.31, 5.9459637, 0.2840934, 1447.212891, 93.682106, 215.0, 0.0, 13.0, -0.063309
5.3361198, 98.87882819999999, 1397.539999999979, 105.95000000018626, 217.538, 93.1, 13.42, -0.1, 8.212866299999998, 0.4926081, 1457.669556, 85.322052, 215.0, 0.0, 13.0, -0.069342
6.2030115, 101.2289304, 1404.5, 105.37000000011176, 217.674, 95.4, 13.43, 0.1, 8.212866299999998, 0.4926081, 1457.669556, 85.322052, 215.0, 0.0, 13.0, -0.069342
7.717049399999999, 103.0855077, 1410.890000000014, 104.54999999981374, 217.812, 97.9, 13.42, 0.39, 9.902872499999999, 0.7471346999999999, 1466.837646, 74.99852, 215.0, 0.0, 13.0, -0.08325
9.246558299999998, 106.5067188, 1417.75, 103.30999999959022, 217.967, 101.2, 13.37, 0.29, 9.902872499999999, 0.7471346999999999, 1466.837646, 74.99852, 215.0, 0.0, 13.0, -0.08325
9.8930742, 109.18560839999999, 1423.960000000021, 101.78000000026077, 218.109, 104.7, 13.31, -0.03, 10.929172799999998, 0.8579529, 1474.155029, 63.131435, 215.0, 0.0, 13.0, -0.092467
10.348666499999998, 113.43193949999998, 1430.530000000028, 99.70000000018626, 218.255, 108.6, 13.24, 0.0, 10.929172799999998, 0.8579529, 1474.155029, 63.131435, 215.0, 0.0, 13.0, -0.092467
10.9948386, 116.43027659999998, 1436.4199999999837, 97.37000000011176, 218.382, 112.5, 13.19, 0.17, 11.796924, 0.9535292999999999, 1479.176025, 50.588036, 215.0, 0.0, 13.0, -0.099293
11.4245313, 121.10309159999998, 1442.5900000000256, 94.38999999966472, 218.511, 116.9, 13.15, -0.09, 11.796924, 0.9535292999999999, 1479.176025, 50.588036, 215.0, 0.0, 13.0, -0.099293
12.099467999999998, 122.998461, 1448.039999999979, 91.23000000044703, 218.621, 121.2, 13.12, -0.02, 12.6130479, 1.0188513000000001, 1482.388184, 33.826069, 215.0, 0.0, 13.0, -0.107672
12.5284731, 128.1807876, 1453.6300000000047, 87.33999999985099, 218.731, 126.1, 13.09, 0.29, 12.6130479, 1.0188513000000001, 1482.388184, 33.826069, 215.0, 0.0, 13.0, -0.107672
12.7426032, 131.781405, 1458.460000000021, 83.33999999985099, 218.823, 130.7, 13.05, 0.27, 12.6064584, 0.9923213999999999, 1482.390381, 20.672867, 215.0, 0.0, 13.0, -0.116936
12.7426032, 137.25945689999998, 1463.289999999979, 78.59999999962747, 218.913, 135.8, 12.99, 0.25, 12.6064584, 0.9923213999999999, 1482.390381, 20.672867, 215.0, 0.0, 13.0, -0.116936
0.13179, 100.79579969999999, 766.0599999999977, 131.24000000022352, 217.389, 93.6, 13.18, -0.08, 0.032890199999999994, -0.18639689999999998, 1355.978271, 92.204071, 215.0, 0.0, 13.0, -0.068128
0.13179, 100.8173445, 772.9099999999744, 130.79999999981374, 217.439, 93.7, 13.2, -0.05, 0.032890199999999994, -0.18639689999999998, 1355.978271, 92.204071, 215.0, 0.0, 13.0, -0.068128
-0.08440289999999999, 100.81465139999999, 779.2399999999907, 130.38999999966472, 217.492, 93.6, 13.21, 0.08, 0.0441783, -0.202269, 1356.088135, 92.282898, 215.0, 0.0, 13.0, -0.073675
-0.08440289999999999, 100.78296449999999, 785.570000000007, 129.98000000044703, 217.546, 93.6, 13.21, 0.06, 0.0441783, -0.202269, 1356.088135, 92.282898, 215.0, 0.0, 13.0, -0.073675
-0.08440289999999999, 100.73425950000001, 792.4199999999837, 129.54999999981374, 217.604, 93.6, 13.19, 0.0, 0.0717969, -0.21533339999999998, 1356.211426, 92.371025, 215.0, 0.0, 13.0, -0.078224
-0.08440289999999999, 100.72388819999999, 798.7299999999814, 129.15000000037253, 217.652, 93.5, 13.17, 0.22, 0.0717969, -0.21533339999999998, 1356.211426, 92.371025, 215.0, 0.0, 13.0, -0.078224
-0.08440289999999999, 100.70383319999999, 805.5599999999977, 128.73000000044703, 217.698, 93.5, 13.13, -0.08, 0.0717969, -0.21533339999999998, 1356.211426, 92.371025, 215.0, 0.0, 13.0, -0.078224
-0.08440289999999999, 100.6946079, 811.8400000000256, 128.339999999851, 217.733, 93.5, 13.11, 0.08, 0.1260027, -0.22461599999999998, 1356.407227, 92.510185, 215.0, 0.0, 13.0, -0.081476
-0.08440289999999999, 100.6751832, 818.640000000014, 127.9199999999255, 217.762, 93.4, 13.09, 0.12, 0.1260027, -0.22461599999999998, 1356.407227, 92.510185, 215.0, 0.0, 13.0, -0.081476
0.13179, 100.6532373, 824.9099999999744, 127.54000000003725, 217.784, 93.4, 13.06, 0.19, 0.1262319, -0.2288562, 1356.542114, 92.605598, 215.0, 0.0, 13.0, -0.084679
0.13179, 100.6463613, 831.679999999993, 127.13999999966472, 217.799, 93.4, 13.03, 0.01, 0.1262319, -0.2288562, 1356.542114, 92.605598, 215.0, 0.0, 13.0, -0.084679
0.13179, 100.65025769999998, 837.9099999999744, 126.75999999977648, 217.805, 93.4, 13.0, -0.16, 0.1288677, -0.2254755, 1356.73877, 92.743874, 215.0, 0.0, 13.0, -0.083501
0.13179, 100.7054376, 844.6599999999744, 126.34999999962747, 217.802, 93.4, 12.99, -0.11, 0.1288677, -0.2254755, 1356.73877, 92.743874, 215.0, 0.0, 13.0, -0.083501
0.13179, 100.7287014, 850.8800000000047, 125.96999999973923, 217.797, 93.5, 12.99, 0.02, 0.0890442, -0.2266788, 1356.887573, 92.847954, 215.0, 0.0, 13.0, -0.08219
0.13179, 100.73173829999999, 857.6300000000047, 125.55999999959022, 217.79, 93.4, 12.99, 0.1, 0.0890442, -0.2266788, 1356.887573, 92.847954, 215.0, 0.0, 13.0, -0.08219
0.13179, 100.7233152, 863.8400000000256, 125.17999999970198, 217.781, 93.4, 12.97, 0.09, 0.0928833, -0.2072541, 1357.101807, 92.996872, 215.0, 0.0, 13.0, -0.085
0.13179, 100.752309, 870.570000000007, 124.76999999955297, 217.767, 93.5, 12.93, 0.46, 0.0928833, -0.2072541, 1357.101807, 92.996872, 215.0, 0.0, 13.0, -0.085
0.13179, 100.8186624, 876.75, 124.37999999988824, 217.743, 93.5, 12.88, 0.28, 0.0159294, -0.23349749999999997, 1357.333618, 93.156868, 215.0, 0.0, 13.0, -0.086286
0.13179, 100.9260999, 883.4000000000233, 123.95999999996275, 217.701, 93.6, 12.81, -0.02, 0.0159294, -0.23349749999999997, 1357.333618, 93.156868, 215.0, 0.0, 13.0, -0.086286
0.13179, 100.99233869999999, 889.5300000000279, 123.57000000029802, 217.647, 93.6, 12.77, -0.04, -0.0369012, -0.2196882, 1357.504639, 93.274117, 215.0, 0.0, 13.0, -0.079757
0.13179, 101.0598381, 896.140000000014, 123.13999999966472, 217.574, 93.7, 12.74, -0.31, -0.0369012, -0.2196882, 1357.504639, 93.274117, 215.0, 0.0, 13.0, -0.079757
-0.08440289999999999, 101.0544519, 902.25, 122.75, 217.499, 93.6, 12.74, -0.38, 0.0211437, -0.1945908, 1357.748413, 93.440117, 215.0, 0.0, 13.0, -0.070982
-0.08440289999999999, 100.9907343, 908.8699999999953, 122.3300000000745, 217.418, 93.6, 12.77, -0.3, 0.0211437, -0.1945908, 1357.748413, 93.440117, 215.0, 0.0, 13.0, -0.070982
-0.08440289999999999, 100.90776389999999, 915.0, 121.95000000018626, 217.351, 93.5, 12.81, -0.45, 0.081366, -0.1700091, 1357.941406, 93.570633, 215.0, 0.0, 13.0, -0.064139
-0.08440289999999999, 100.7881788, 921.6699999999837, 121.54000000003725, 217.289, 93.4, 12.86, -0.39, 0.081366, -0.1700091, 1357.941406, 93.570633, 215.0, 0.0, 13.0, -0.064139
0.13179, 100.72102319999999, 927.8499999999767, 121.1699999999255, 217.246, 93.4, 12.91, -0.32, 0.082512, -0.1635342, 1358.214966, 93.754265, 215.0, 0.0, 13.0, -0.061869
0.13179, 100.6981605, 934.5800000000163, 120.76999999955297, 217.217, 93.4, 12.97, -0.02, 0.082512, -0.1635342, 1358.214966, 93.754265, 215.0, 0.0, 13.0, -0.061869
0.13179, 100.7118552, 940.8099999999977, 120.38999999966472, 217.203, 93.5, 13.0, -0.06, 0.082512, -0.1635342, 1358.214966, 93.754265, 215.0, 0.0, 13.0, -0.061869
0.13179, 100.7545437, 947.570000000007, 119.96999999973923, 217.199, 93.5, 13.02, -0.2, 0.0277905, -0.1676598, 1358.527222, 93.961815, 215.0, 0.0, 13.0, -0.063305
0.13179, 100.77488519999999, 953.8099999999977, 119.5800000000745, 217.199, 93.5, 13.03, -0.18, 0.0277905, -0.1676598, 1358.527222, 93.961815, 215.0, 0.0, 13.0, -0.063305
-0.08440289999999999, 100.7542572, 960.5800000000163, 119.16000000014901, 217.204, 93.5, 13.04, -0.05, 0.0264153, -0.174765, 1358.767578, 94.120201, 215.0, 0.0, 13.0, -0.064069
-0.08440289999999999, 100.71225629999999, 966.8300000000163, 118.78000000026077, 217.212, 93.4, 13.05, -0.06, 0.0264153, -0.174765, 1358.767578, 94.120201, 215.0, 0.0, 13.0, -0.064069
-0.08440289999999999, 100.642293, 973.609999999986, 118.37000000011176, 217.222, 93.4, 13.05, -0.02, 0.07993349999999999, -0.1775727, 1359.099121, 94.336586, 215.0, 0.0, 13.0, -0.065043
-0.08440289999999999, 100.6151328, 979.859999999986, 118.0, 217.233, 93.3, 13.05, -0.1, 0.07993349999999999, -0.1775727, 1359.099121, 94.336586, 215.0, 0.0, 13.0, -0.065043
-0.08440289999999999, 100.574679, 986.640000000014, 117.59999999962747, 217.244, 93.3, 13.05, -0.15, 0.07122389999999999, -0.17631209999999997, 1359.374146, 94.514374, 215.0, 0.0, 13.0, -0.0646
-0.08440289999999999, 100.54918049999999, 992.890000000014, 117.24000000022352, 217.255, 93.3, 13.06, -0.03, 0.07122389999999999, -0.17631209999999997, 1359.374146, 94.514374, 215.0, 0.0, 13.0, -0.0646
0.13179, 100.4981262, 999.679999999993, 116.83999999985099, 217.268, 93.2, 13.06, -0.25, 0.08572079999999999, -0.1757964, 1359.668579, 94.702873, 215.0, 0.0, 13.0, -0.064422
-0.08440289999999999, 100.4747478, 1005.9400000000023, 116.49000000022352, 217.283, 93.2, 13.08, 0.03, 0.08572079999999999, -0.1757964, 1359.668579, 94.702873, 215.0, 0.0, 13.0, -0.064422
-0.08440289999999999, 100.43538269999999, 1012.7399999999907, 116.09999999962747, 217.303, 93.2, 13.09, -0.03, 0.1070364, -0.17539529999999998, 1360.102783, 94.9776, 215.0, 0.0, 13.0, -0.066007
-0.08440289999999999, 100.40105999999999, 1019.0200000000186, 115.75, 217.324, 93.1, 13.1, -0.26, 0.1070364, -0.17539529999999998, 1360.102783, 94.9776, 215.0, 0.0, 13.0, -0.066007
-0.08440289999999999, 100.3478856, 1025.8300000000163, 115.37000000011176, 217.351, 93.1, 13.12, -0.31, 0.13534259999999998, -0.1779738, 1360.53479, 95.247055, 215.0, 0.0, 13.0, -0.06519
-0.08440289999999999, 100.3199805, 1032.1300000000047, 115.03000000026077, 217.381, 93.1, 13.14, -0.33, 0.13534259999999998, -0.1779738, 1360.53479, 95.247055, 215.0, 0.0, 13.0, -0.06519
-0.08440289999999999, 100.2709317, 1038.969999999972, 114.65000000037253, 217.421, 93.1, 13.18, -0.13, 0.1413591, -0.1826151, 1361.001465, 95.533928, 215.0, 0.0, 13.0, -0.068523
0.13179, 100.23145199999999, 1045.2999999999884, 114.30999999959022, 217.469, 93.0, 13.21, -0.18, 0.1413591, -0.1826151, 1361.001465, 95.533928, 215.0, 0.0, 13.0, -0.068523
0.13179, 100.20280199999999, 1052.1699999999837, 113.94000000040978, 217.528, 93.0, 13.24, -0.26, 0.07300019999999999, -0.187944, 1361.415039, 95.784462, 215.0, 0.0, 13.0, -0.07039
0.13179, 100.2182157, 1058.530000000028, 113.58999999985099, 217.59, 93.1, 13.26, -0.46, 0.07300019999999999, -0.187944, 1361.415039, 95.784462, 215.0, 0.0, 13.0, -0.07039
0.13179, 100.2597582, 1065.429999999993, 113.20999999996275, 217.665, 93.1, 13.3, -0.1, -0.0014325, -0.203415, 1361.962402, 96.110878, 215.0, 0.0, 13.0, -0.075783
0.13179, 100.27860989999999, 1071.820000000007, 112.84999999962747, 217.744, 93.2, 13.33, -0.03, -0.0014325, -0.203415, 1361.962402, 96.110878, 215.0, 0.0, 13.0, -0.075783
0.13179, 100.301931, 1078.7399999999907, 112.45999999996275, 217.837, 93.2, 13.34, -0.21, -0.0014325, -0.203415, 1361.962402, 96.110878, 215.0, 0.0, 13.0, -0.075783
-0.08440289999999999, 100.29098669999999, 1085.140000000014, 112.09999999962747, 217.927, 93.2, 13.34, -0.27, -0.0311712, -0.22461599999999998, 1362.65686, 96.516495, 215.0, 0.0, 13.0, -0.081475
-0.08440289999999999, 100.2548877, 1092.0800000000163, 111.70999999996275, 218.025, 93.1, 13.36, -0.33, -0.0311712, -0.22461599999999998, 1362.65686, 96.516495, 215.0, 0.0, 13.0, -0.081475
-0.08440289999999999, 100.18939379999999, 1098.4899999999907, 111.36000000033528, 218.121, 93.1, 13.39, -0.13, -0.0031515, -0.2168805, 1363.211304, 96.833725, 215.0, 0.0, 13.0, -0.086617
-0.3005385, 100.0653966, 1105.460000000021, 110.99000000022352, 218.233, 92.9, 13.41, 0.05, -0.0031515, -0.2168805, 1363.211304, 96.833725, 215.0, 0.0, 13.0, -0.086617
-0.3005385, 99.9569277, 1111.890000000014, 110.6699999999255, 218.342, 92.8, 13.42, 0.33, 0.08589269999999999, -0.2741805, 1363.92981, 97.236084, 215.0, 0.0, 13.0, -0.098761
-0.08440289999999999, 99.84828689999999, 1118.8499999999767, 110.3300000000745, 218.46, 92.7, 13.38, 0.21, 0.08589269999999999, -0.2741805, 1363.92981, 97.236084, 215.0, 0.0, 13.0, -0.098761
-0.08440289999999999, 99.80691629999998, 1125.25, 110.01999999955297, 218.56, 92.7, 13.34, -0.12, 0.1076094, -0.2931468, 1364.71582, 97.665291, 215.0, 0.0, 13.0, -0.105384
0.13179, 99.8008998, 1132.1699999999837, 109.69000000040978, 218.656, 92.7, 13.3, -0.09, 0.1076094, -0.2931468, 1364.71582, 97.665291, 215.0, 0.0, 13.0, -0.105384
0.13179, 99.7924767, 1138.539999999979, 109.40000000037253, 218.734, 92.6, 13.28, 0.06, 0.07907399999999999, -0.2987622, 1365.576904, 98.122406, 215.0, 0.0, 13.0, -0.109076
0.13179, 99.7817616, 1145.4400000000023, 109.07000000029802, 218.81, 92.6, 13.27, -0.19, 0.07907399999999999, -0.2987622, 1365.576904, 98.122406, 215.0, 0.0, 13.0, -0.109076
0.13179, 99.3595179, 1151.7999999999884, 108.78000000026077, 218.875, 92.6, 13.27, -0.11, -0.0442929, -0.31251419999999996, 1366.669556, 98.683434, 215.0, 0.0, 13.0, -0.113881
0.13179, 99.3407235, 1158.6900000000023, 108.45999999996275, 218.941, 92.6, 13.27, 0.21, -0.0442929, -0.31251419999999996, 1366.669556, 98.683434, 215.0, 0.0, 13.0, -0.113881
0.13179, 99.34920389999999, 1165.0499999999884, 108.1699999999255, 218.998, 92.6, 13.25, 0.19, -0.17241569999999998, -0.3378408, 1367.60437, 99.14669, 215.0, 0.0, 13.0, -0.120992
0.13179, 99.351897, 1171.9199999999837, 107.84999999962747, 219.049, 92.6, 13.21, 0.17, -0.17241569999999998, -0.3378408, 1367.60437, 99.14669, 215.0, 0.0, 13.0, -0.120992
-0.08440289999999999, 99.349032, 1178.2399999999907, 107.55999999959022, 219.084, 92.5, 13.17, 0.24, -0.1360875, -0.32873009999999997, 1368.939453, 99.78231, 215.0, 0.0, 13.0, -0.125663
-0.08440289999999999, 99.31167239999999, 1185.070000000007, 107.25999999977648, 219.105, 92.5, 13.12, 0.26, -0.1360875, -0.32873009999999997, 1368.939453, 99.78231, 215.0, 0.0, 13.0, -0.125663
-0.3005385, 99.2582115, 1191.3400000000256, 106.99000000022352, 219.109, 92.4, 13.06, 0.3, -0.1191267, -0.359271, 1370.260742, 100.381958, 215.0, 0.0, 13.0, -0.128476
-0.3005385, 99.16337999999999, 1198.0999999999767, 106.71999999973923, 219.097, 92.2, 12.99, 0.3, -0.1191267, -0.359271, 1370.260742, 100.381958, 215.0, 0.0, 13.0, -0.128476
-0.08440289999999999, 99.11261219999999, 1204.2999999999884, 106.48000000044703, 219.067, 92.1, 12.91, 0.18, -0.249828, -0.3309648, 1371.574219, 100.94976, 215.0, 0.0, 13.0, -0.126454
-0.08440289999999999, 99.0722157, 1210.9899999999907, 106.23000000044703, 219.012, 92.1, 12.83, -0.04, -0.249828, -0.3309648, 1371.574219, 100.94976, 215.0, 0.0, 13.0, -0.126454
-0.08440289999999999, 99.04121639999998, 1217.1199999999953, 106.00999999977648, 218.94, 92.0, 12.78, 0.28, -0.249828, -0.3309648, 1371.574219, 100.94976, 215.0, 0.0, 13.0, -0.126454
-0.08440289999999999, 98.9551518, 1223.75, 105.78000000026077, 218.846, 91.9, 12.72, 0.2, -0.22536089999999998, -0.3176712, 1373.862549, 101.873482, 215.0, 0.0, 13.0, -0.121804
-0.3005385, 98.8960182, 1229.8300000000163, 105.58999999985099, 218.742, 91.8, 12.66, 0.18, -0.22536089999999998, -0.3176712, 1373.862549, 101.873482, 215.0, 0.0, 13.0, -0.121804
-0.3005385, 98.7794127, 1236.390000000014, 105.38999999966472, 218.611, 91.6, 12.6, 0.09, -0.3573801, -0.2959545, 1375.594604, 102.51886, 215.0, 0.0, 13.0, -0.114235
-0.3005385, 98.6821746, 1242.4199999999837, 105.23000000044703, 218.474, 91.5, 12.56, 0.06, -0.3573801, -0.2959545, 1375.594604, 102.51886, 215.0, 0.0, 13.0, -0.114235
-0.3005385, 98.523912, 1248.9400000000023, 105.07000000029802, 218.312, 91.3, 12.52, -0.01, -0.3474099, -0.26799209999999996, 1377.966064, 103.329735, 215.0, 0.0, 13.0, -0.104474
-0.3005385, 98.4090828, 1254.9400000000023, 104.94000000040978, 218.151, 91.1, 12.49, 0.01, -0.3474099, -0.26799209999999996, 1377.966064, 103.329735, 215.0, 0.0, 13.0, -0.104474
-0.3005385, 98.2099653, 1261.4199999999837, 104.8300000000745, 217.968, 90.9, 12.47, -0.11, -0.344946, -0.23567490000000002, 1380.698975, 104.162987, 215.0, 0.0, 13.0, -0.093188
-0.3005385, 98.09513609999999, 1267.4099999999744, 104.73000000044703, 217.793, 90.8, 12.46, -0.08, -0.344946, -0.23567490000000002, 1380.698975, 104.162987, 215.0, 0.0, 13.0, -0.093188
-0.3005385, 97.9413429, 1273.890000000014, 104.65000000037253, 217.601, 90.7, 12.46, -0.05, -0.5571851999999999, -0.2037588, 1383.636353, 104.941528, 215.0, 0.0, 13.0, -0.082041
-0.3005385, 99.6845235, 1279.8699999999953, 104.5800000000745, 217.422, 90.5, 12.46, -0.15, -0.5571851999999999, -0.2037588, 1383.636353, 104.941528, 215.0, 0.0, 13.0, -0.082041
-0.5165021999999999, 99.5004186, 1286.359999999986, 104.53000000026077, 217.229, 90.3, 12.47, 0.06, -0.6483495, -0.1404996, 1388.298096, 105.936592, 215.0, 0.0, 13.0, -0.067822
-0.5165021999999999, 99.3374001, 1292.3499999999767, 104.50999999977648, 217.054, 90.1, 12.47, 0.02, -0.6483495, -0.1404996, 1388.298096, 105.936592, 215.0, 0.0, 13.0, -0.067822
0.13179, 101.5318755, 931.9199999999837, 120.90000000037253, 216.346, 93.4, 13.06, -0.07, 0.12279389999999998, -0.09546179999999999, 1358.227783, 93.762779, 215.0, 0.0, 13.0, -0.038105
-0.08440289999999999, 101.5038558, 938.1900000000023, 120.53000000026077, 216.36, 93.3, 13.07, -0.08, 0.12279389999999998, -0.09546179999999999, 1358.227783, 93.762779, 215.0, 0.0, 13.0, -0.038105
0.13179, 101.46357389999999, 944.9799999999814, 120.12999999988824, 216.379, 93.3, 13.08, -0.02, 0.12256469999999998, -0.10050419999999999, 1358.453735, 93.91317, 215.0, 0.0, 13.0, -0.039877
0.13179, 101.46683999999999, 951.25, 119.75999999977648, 216.397, 93.3, 13.08, -0.29, 0.12256469999999998, -0.10050419999999999, 1358.453735, 93.91317, 215.0, 0.0, 13.0, -0.039877
0.13179, 101.48385809999999, 958.0499999999884, 119.36000000033528, 216.419, 93.3, 13.09, -0.36, 0.0636603, -0.0959202, 1358.786499, 94.132637, 215.0, 0.0, 13.0, -0.038263
0.13179, 101.49296879999999, 964.3300000000163, 118.98000000044703, 216.443, 93.4, 13.12, -0.21, 0.0636603, -0.0959202, 1358.786499, 94.132637, 215.0, 0.0, 13.0, -0.038263
0.13179, 101.4946878, 971.1599999999744, 118.57000000029802, 216.476, 93.4, 13.15, -0.21, 0.07844369999999999, -0.104859, 1359.123169, 94.352173, 215.0, 0.0, 13.0, -0.039673
-0.08440289999999999, 100.5629898, 977.4699999999721, 118.20000000018626, 216.515, 93.4, 13.18, -0.3, 0.07844369999999999, -0.104859, 1359.123169, 94.352173, 215.0, 0.0, 13.0, -0.039673
-0.08440289999999999, 100.50099119999999, 984.3300000000163, 117.79000000003725, 216.565, 93.3, 13.21, -0.07, 0.1026243, -0.1109901, 1359.405884, 94.534744, 215.0, 0.0, 13.0, -0.043534
-0.08440289999999999, 100.4605947, 990.6699999999837, 117.4199999999255, 216.621, 93.3, 13.24, -0.03, 0.1026243, -0.1109901, 1359.405884, 94.534744, 215.0, 0.0, 13.0, -0.043534
0.13179, 100.4053002, 997.5499999999884, 117.01999999955297, 216.688, 93.2, 13.25, 0.1, 0.0667545, -0.1289823, 1359.707642, 94.727715, 215.0, 0.0, 13.0, -0.049819
0.13179, 100.3897146, 1003.9000000000233, 116.66000000014901, 216.753, 93.2, 13.24, 0.08, 0.0667545, -0.1289823, 1359.707642, 94.727715, 215.0, 0.0, 13.0, -0.049819
0.13179, 100.41824999999999, 1010.7700000000186, 116.25999999977648, 216.822, 93.3, 13.23, 0.02, 0.039422399999999996, -0.14410949999999997, 1360.113525, 94.984375, 215.0, 0.0, 13.0, -0.055086
0.13179, 100.4625429, 1017.109999999986, 115.88999999966472, 216.882, 93.3, 13.21, 0.24, 0.039422399999999996, -0.14410949999999997, 1360.113525, 94.984375, 215.0, 0.0, 13.0, -0.055086
0.13179, 100.5212181, 1023.9500000000116, 115.48000000044703, 216.94, 93.4, 13.18, -0.06, 0.039422399999999996, -0.14410949999999997, 1360.113525, 94.984375, 215.0, 0.0, 13.0, -0.055086
-0.08440289999999999, 100.5467166, 1030.2600000000093, 115.11000000033528, 216.986, 93.3, 13.15, 0.1, -0.0037244999999999995, -0.15591329999999998, 1360.607788, 95.292229, 215.0, 0.0, 13.0, -0.059206
0.13179, 100.5350847, 1037.0800000000163, 114.70999999996275, 217.028, 93.3, 13.13, 0.15, -0.0037244999999999995, -0.15591329999999998, 1360.607788, 95.292229, 215.0, 0.0, 13.0, -0.059206
-0.08440289999999999, 100.52568749999999, 1043.890000000014, 114.30999999959022, 217.062, 93.3, 13.1, 0.21, -0.010887, -0.1721292, 1360.987671, 95.525528, 215.0, 0.0, 13.0, -0.063152
-0.08440289999999999, 100.50786719999999, 1050.1599999999744, 113.94000000040978, 217.086, 93.3, 13.07, 0.03, -0.010887, -0.1721292, 1360.987671, 95.525528, 215.0, 0.0, 13.0, -0.063152
0.13179, 100.50024629999999, 1056.4099999999744, 113.5800000000745, 217.102, 93.2, 13.04, -0.14, -0.0027504, -0.16553969999999998, 1361.488037, 95.828377, 215.0, 0.0, 13.0, -0.06258
0.13179, 100.489302, 1063.179999999993, 113.20000000018626, 217.112, 93.2, 13.03, -0.09, -0.0027504, -0.16553969999999998, 1361.488037, 95.828377, 215.0, 0.0, 13.0, -0.06258
0.13179, 100.4840304, 1069.4199999999837, 112.83999999985099, 217.117, 93.2, 13.03, 0.04, -0.0602223, -0.16869119999999999, 1361.92749, 96.09024, 215.0, 0.0, 13.0, -0.061957
-0.08440289999999999, 100.48334279999999, 1076.1900000000023, 112.45999999996275, 217.123, 93.2, 13.03, 0.13, -0.0602223, -0.16869119999999999, 1361.92749, 96.09024, 215.0, 0.0, 13.0, -0.061957
-0.08440289999999999, 100.454349, 1082.429999999993, 112.09999999962747, 217.126, 93.1, 13.01, 0.12, -0.0122622, -0.1791198, 1362.505005, 96.428627, 215.0, 0.0, 13.0, -0.065596
-0.08440289999999999, 100.3982523, 1089.1699999999837, 111.74000000022352, 217.123, 93.1, 12.97, 0.48, -0.0122622, -0.1791198, 1362.505005, 96.428627, 215.0, 0.0, 13.0, -0.065596
-0.08440289999999999, 100.3514955, 1095.8800000000047, 111.37999999988824, 217.108, 93.0, 12.91, 0.3, 0.0213729, -0.1849071, 1363.198364, 96.82637, 215.0, 0.0, 13.0, -0.067607
-0.08440289999999999, 100.3150527, 1102.0499999999884, 111.04999999981374, 217.078, 92.9, 12.84, 0.0, 0.0213729, -0.1849071, 1363.198364, 96.82637, 215.0, 0.0, 13.0, -0.067607
-0.08440289999999999, 100.31075519999999, 1108.1900000000023, 110.74000000022352, 217.033, 92.9, 12.8, -0.03, 0.0296814, -0.16754519999999998, 1363.879395, 97.208214, 215.0, 0.0, 13.0, -0.061543
-0.08440289999999999, 100.2945966, 1114.8300000000163, 110.40000000037253, 216.969, 92.9, 12.77, -0.3, 0.0296814, -0.16754519999999998, 1363.879395, 97.208214, 215.0, 0.0, 13.0, -0.061543
-0.08440289999999999, 100.2775785, 1120.9500000000116, 110.08999999985099, 216.904, 92.8, 12.77, -0.36, -0.0327756, -0.1443387, 1364.502197, 97.549728, 215.0, 0.0, 13.0, -0.053448
-0.08440289999999999, 100.22646689999999, 1127.5900000000256, 109.75999999977648, 216.833, 92.8, 12.8, -0.29, -0.0327756, -0.1443387, 1364.502197, 97.549728, 215.0, 0.0, 13.0, -0.053448
-0.08440289999999999, 100.15054439999999, 1133.7399999999907, 109.45999999996275, 216.774, 92.7, 12.83, -0.43, -0.0236076, -0.1241691, 1365.314697, 97.984673, 215.0, 0.0, 13.0, -0.046414
-0.08440289999999999, 100.0929579, 1140.429999999993, 109.13999999966472, 216.721, 92.7, 12.89, -0.37, -0.0236076, -0.1241691, 1365.314697, 97.984673, 215.0, 0.0, 13.0, -0.046414
-0.08440289999999999, 100.0351422, 1146.640000000014, 108.83999999985099, 216.687, 92.7, 12.95, -0.3, -0.06875999999999999, -0.1195278, 1366.220215, 98.455284, 215.0, 0.0, 13.0, -0.044796
0.13179, 99.9798477, 1153.390000000014, 108.51999999955297, 216.668, 92.7, 13.01, 0.0, -0.06875999999999999, -0.1195278, 1366.220215, 98.455284, 215.0, 0.0, 13.0, -0.044796
-0.08440289999999999, 99.935211, 1159.640000000014, 108.23000000044703, 216.665, 92.6, 13.04, -0.04, -0.06875999999999999, -0.1195278, 1366.220215, 98.455284, 215.0, 0.0, 13.0, -0.044796
-0.08440289999999999, 99.8793435, 1166.4199999999837, 107.9199999999255, 216.673, 92.6, 13.06, -0.18, -0.1339674, -0.1279509, 1367.382324, 99.038017, 215.0, 0.0, 13.0, -0.047723
-0.08440289999999999, 99.80084249999999, 1172.6900000000023, 107.63999999966472, 216.686, 92.5, 13.07, -0.16, -0.1339674, -0.1279509, 1367.382324, 99.038017, 215.0, 0.0, 13.0, -0.047723
-0.08440289999999999, 99.70899059999999, 1179.4899999999907, 107.33999999985099, 216.703, 92.4, 13.08, -0.02, -0.1329933, -0.1323057, 1368.532715, 99.591888, 215.0, 0.0, 13.0, -0.049245
-0.08440289999999999, 99.611466, 1185.7700000000186, 107.0800000000745, 216.722, 92.3, 13.08, -0.04, -0.1329933, -0.1323057, 1368.532715, 99.591888, 215.0, 0.0, 13.0, -0.049245
-0.08440289999999999, 99.5668293, 1192.570000000007, 106.80999999959022, 216.743, 92.3, 13.08, 0.0, -0.1269195, -0.1321911, 1369.97583, 100.255112, 215.0, 0.0, 13.0, -0.050931
0.13179, 99.5423622, 1198.8400000000256, 106.54999999981374, 216.763, 92.3, 13.08, -0.08, -0.1269195, -0.1321911, 1369.97583, 100.255112, 215.0, 0.0, 13.0, -0.050931
-0.08440289999999999, 99.53279309999999, 1205.640000000014, 106.28000000026077, 216.784, 92.2, 13.08, -0.13, -0.3195621, -0.11511569999999999, 1371.28479, 100.827042, 215.0, 0.0, 13.0, -0.051108
-0.3005385, 99.4896462, 1211.9099999999744, 106.03000000026077, 216.803, 92.2, 13.08, -0.01, -0.3195621, -0.11511569999999999, 1371.28479, 100.827042, 215.0, 0.0, 13.0, -0.051108
-0.3005385, 99.37275419999999, 1218.719999999972, 105.78000000026077, 216.824, 92.0, 13.08, -0.24, -0.2642676, -0.11654819999999998, 1373.104126, 101.576385, 215.0, 0.0, 13.0, -0.051608
-0.3005385, 99.21368939999999, 1225.0, 105.57000000029802, 216.845, 91.8, 13.1, 0.04, -0.2642676, -0.11654819999999998, 1373.104126, 101.576385, 215.0, 0.0, 13.0, -0.051608
-0.5165021999999999, 99.03434039999999, 1231.8099999999977, 105.36000000033528, 216.87, 91.6, 13.1, -0.02, -0.3393306, -0.1001031, 1375.363892, 102.435539, 215.0, 0.0, 13.0, -0.053724
-0.5165021999999999, 98.85046469999999, 1238.0999999999767, 105.19000000040978, 216.896, 91.5, 13.1, -0.25, -0.3393306, -0.1001031, 1375.363892, 102.435539, 215.0, 0.0, 13.0, -0.053724
-0.3005385, 98.64166349999999, 1244.9199999999837, 105.03000000026077, 216.924, 91.2, 13.12, -0.31, -0.31830149999999996, -0.1191267, 1377.83313, 103.286469, 215.0, 0.0, 13.0, -0.052515
-0.3005385, 98.4623718, 1251.2299999999814, 104.90000000037253, 216.955, 91.1, 13.15, -0.32, -0.31830149999999996, -0.1191267, 1377.83313, 103.286469, 215.0, 0.0, 13.0, -0.052515
-0.3005385, 98.30720339999999, 1258.0800000000163, 104.76999999955297, 216.997, 91.0, 13.19, -0.12, -0.5029220999999999, -0.12949799999999997, 1380.494629, 104.10437, 215.0, 0.0, 13.0, -0.056122
-0.3005385, 98.1737517, 1264.429999999993, 104.6699999999255, 217.045, 90.9, 13.22, -0.18, -0.5029220999999999, -0.12949799999999997, 1380.494629, 104.10437, 215.0, 0.0, 13.0, -0.056122
-0.3005385, 98.041446, 1271.3099999999977, 104.57000000029802, 217.106, 90.7, 13.24, -0.26, -0.6272057999999999, -0.11207879999999998, 1383.858765, 104.995636, 215.0, 0.0, 13.0, -0.057906
-0.5165021999999999, 97.8913773, 1277.6699999999837, 104.5, 217.169, 90.6, 13.26, -0.46, -0.6272057999999999, -0.11207879999999998, 1383.858765, 104.995636, 215.0, 0.0, 13.0, -0.057906
-0.5165021999999999, 97.690197, 1284.5900000000256, 104.44000000040978, 217.244, 90.3, 13.31, -0.09, -0.701925, -0.1262892, 1387.846191, 105.852798, 215.0, 0.0, 13.0, -0.062866
-0.5165021999999999, 97.4577309, 1290.9899999999907, 104.41000000014901, 217.325, 90.1, 13.34, -0.03, -0.701925, -0.1262892, 1387.846191, 105.852798, 215.0, 0.0, 13.0, -0.062866
-0.7323513, 97.201428, 1297.9400000000023, 104.4199999999255, 217.423, 89.8, 13.36, -0.2, -0.701925, -0.1262892, 1387.846191, 105.852798, 215.0, 0.0, 13.0, -0.062866
-0.7323513, 96.93738959999999, 1304.3499999999767, 104.45000000018626, 217.517, 89.6, 13.36, -0.26, -0.7378520999999999, -0.0988998, 1394.084595, 106.775383, 215.0, 0.0, 13.0, -0.068991
-0.9480858000000001, 96.6265371, 1311.3099999999977, 104.51999999955297, 217.622, 89.2, 13.39, -0.32, -0.7378520999999999, -0.0988998, 1394.084595, 106.775383, 215.0, 0.0, 13.0, -0.068991
-0.7323513, 96.2764914, 1317.75, 104.62999999988824, 217.726, 88.9, 13.41, -0.11, -0.42407729999999993, -0.1382649, 1400.341064, 107.202705, 215.0, 0.0, 13.0, -0.07489
-0.7323513, 95.94185939999998, 1324.7299999999814, 104.79000000003725, 217.845, 88.6, 13.44, 0.07, -0.42407729999999993, -0.1382649, 1400.341064, 107.202705, 215.0, 0.0, 13.0, -0.07489
-0.5165021999999999, 95.6675643, 1331.1900000000023, 104.95999999996275, 217.961, 88.3, 13.44, 0.34, -0.17929169999999997, -0.21928709999999998, 1407.495117, 107.090073, 215.0, 0.0, 13.0, -0.087475
-0.5165021999999999, 95.4299985, 1338.1599999999744, 105.17999999970198, 218.085, 88.1, 13.4, 0.22, -0.17929169999999997, -0.21928709999999998, 1407.495117, 107.090073, 215.0, 0.0, 13.0, -0.087475
-0.3005385, 95.2545459, 1344.5800000000163, 105.40000000037253, 218.191, 87.9, 13.35, -0.11, 0.6391242, -0.2573916, 1416.113647, 106.096954, 215.0, 0.0, 13.0, -0.094623
-0.08440289999999999, 95.1358776, 1351.5, 105.66000000014901, 218.293, 87.8, 13.31, -0.09, 0.6391242, -0.2573916, 1416.113647, 106.096954, 215.0, 0.0, 13.0, -0.094623
0.34809749999999995, 95.08459409999999, 1358.4099999999744, 105.9199999999255, 218.383, 87.8, 13.29, 0.07, 1.9558208999999998, -0.1555695, 1425.895386, 103.787727, 215.0, 0.0, 13.0, -0.098438
0.9975357, 95.18166029999999, 1364.789999999979, 106.13999999966472, 218.459, 88.0, 13.28, -0.17, 1.9558208999999998, -0.1555695, 1425.895386, 103.787727, 215.0, 0.0, 13.0, -0.098438
1.6476041999999997, 95.5014516, 1371.1599999999744, 106.32000000029802, 218.53, 88.4, 13.26, -0.1, 4.2510297, 0.010314, 1439.153687, 98.427681, 215.0, 0.0, 13.0, -0.103629
2.2981884, 96.0442545, 1378.0499999999884, 106.44000000040978, 218.605, 89.2, 13.26, 0.23, 4.2510297, 0.010314, 1439.153687, 98.427681, 215.0, 0.0, 13.0, -0.103629
3.1661688, 96.8370573, 1384.4099999999744, 106.45999999996275, 218.672, 90.1, 13.23, 0.22, 6.4457916, 0.23578949999999999, 1449.960083, 91.755348, 215.0, 0.0, 13.0, -0.11171
4.0343211, 97.9630023, 1391.280000000028, 106.3300000000745, 218.737, 91.5, 13.19, 0.2, 6.4457916, 0.23578949999999999, 1449.960083, 91.755348, 215.0, 0.0, 13.0, -0.11171
5.7697089, 99.50391389999999, 1397.5800000000163, 106.01999999955297, 218.786, 93.3, 13.14, 0.27, 8.096948399999999, 0.44527829999999996, 1459.926147, 83.098602, 215.0, 0.0, 13.0, -0.117309
6.636084899999999, 101.61610649999999, 1404.3699999999953, 105.41000000014901, 218.826, 95.8, 13.08, 0.3, 8.096948399999999, 0.44527829999999996, 1459.926147, 83.098602, 215.0, 0.0, 13.0, -0.117309
7.501028399999999, 104.11089119999998, 1410.570000000007, 104.57000000029802, 218.852, 98.4, 13.01, 0.35, 9.2348118, 0.5448657, 1468.489868, 72.69429, 215.0, 0.0, 13.0, -0.122451
8.1658803, 106.9006563, 1417.179999999993, 103.3300000000745, 218.868, 101.6, 12.91, 0.35, 9.2348118, 0.5448657, 1468.489868, 72.69429, 215.0, 0.0, 13.0, -0.122451
8.5985526, 109.92059549999999, 1423.6599999999744, 101.70999999996275, 218.866, 104.8, 12.81, 0.24, 10.1737869, 0.6580332, 1475.13916, 61.100319, 215.0, 0.0, 13.0, -0.122188
9.246558299999998, 113.27619809999999, 1429.4899999999907, 99.87999999988824, 218.845, 108.4, 12.7, 0.01, 10.1737869, 0.6580332, 1475.13916, 61.100319, 215.0, 0.0, 13.0, -0.122188
9.677740799999999, 116.5561647, 1435.1599999999744, 97.70999999996275, 218.803, 111.8, 12.62, 0.34, 10.1737869, 0.6580332, 1475.13916, 61.100319, 215.0, 0.0, 13.0, -0.122188
10.132874699999999, 120.16245479999999, 1441.0900000000256, 94.95999999996275, 218.736, 116.3, 12.54, 0.25, 11.091274499999999, 0.7589385, 1480.457886, 45.877621, 215.0, 0.0, 13.0, -0.119198
10.5642291, 123.92998709999999, 1446.3300000000163, 92.05999999959022, 218.653, 119.9, 12.46, 0.22, 11.091274499999999, 0.7589385, 1480.457886, 45.877621, 215.0, 0.0, 13.0, -0.119198
10.779619799999999, 127.8360708, 1451.7299999999814, 88.51999999955297, 218.54, 124.7, 12.38, 0.12, 11.3279808, 0.8438571, 1482.419434, 33.436073, 215.0, 0.0, 13.0, -0.113024
10.9948386, 131.83423559999997, 1456.4199999999837, 84.91000000014901, 218.415, 128.6, 12.32, 0.08, 11.3279808, 0.8438571, 1482.419434, 33.436073, 215.0, 0.0, 13.0, -0.113024
