9.916910999999999, 255.70841249999998, 613.9899999999907, 11.799999999813735, 216.831, 262.5, 12.54, -0.41, 6.7298276999999995, 0.8503893, 554.182556, 14.926956, 215.0, 0.0, 13.0, -0.055048
7.732634999999999, 260.2609548, 607.460000000021, 11.259999999776483, 216.756, 266.1, 12.61, -0.37, 3.7055337, 0.4224729, 538.931702, 16.148254, 215.0, 0.0, 13.0, -0.046544
5.552942999999999, 262.8225513, 601.390000000014, 11.059999999590218, 216.715, 268.6, 12.67, -0.26, 3.7055337, 0.4224729, 538.931702, 16.148254, 215.0, 0.0, 13.0, -0.046544
4.0343211, 265.4195019, 594.7800000000279, 11.080000000074506, 216.696, 270.6, 12.72, -0.15, 2.3228273999999995, 0.173046, 526.294006, 17.160292, 215.0, 0.0, 13.0, -0.046827
3.1661688, 266.7625566, 588.6599999999744, 11.25, 216.689, 271.9, 12.75, -0.03, 2.3228273999999995, 0.173046, 526.294006, 17.160292, 215.0, 0.0, 13.0, -0.046827
2.5151835, 268.1809035, 582.0300000000279, 11.580000000074506, 216.684, 273.0, 12.77, -0.12, 1.4735268, 0.054893399999999995, 513.58551, 18.178001, 215.0, 0.0, 13.0, -0.048623
2.0813079, 268.98900539999994, 575.9000000000233, 11.96999999973923, 216.674, 273.8, 12.79, -0.16, 1.4735268, 0.054893399999999995, 513.58551, 18.178001, 215.0, 0.0, 13.0, -0.048623
1.6476041999999997, 269.88110909999995, 569.25, 12.480000000447035, 216.656, 274.5, 12.82, -0.14, 0.7922298, -0.0306555, 500.775055, 19.203871, 215.0, 0.0, 13.0, -0.046971
1.2141297, 270.40351319999996, 563.109999999986, 13.009999999776483, 216.634, 275.0, 12.85, -0.16, 0.7922298, -0.0306555, 500.775055, 19.203871, 215.0, 0.0, 13.0, -0.046971
0.7809417, 270.938466, 556.4400000000023, 13.639999999664724, 216.608, 275.4, 12.88, -0.11, 0.06033689999999999, -0.11580329999999998, 484.842072, 20.479797, 215.0, 0.0, 13.0, -0.045213
0.34809749999999995, 271.1599305, 550.2700000000186, 14.240000000223517, 216.586, 275.6, 12.91, -0.38, 0.06033689999999999, -0.11580329999999998, 484.842072, 20.479797, 215.0, 0.0, 13.0, -0.045213
0.13179, 271.2623256, 543.570000000007, 14.900000000372529, 216.565, 275.6, 12.95, -0.44, 0.0730575, -0.1051455, 471.410614, 21.555397, 215.0, 0.0, 13.0, -0.041492
0.13179, 271.29481469999996, 536.8499999999767, 15.570000000298023, 216.552, 275.6, 13.01, -0.29, 0.0730575, -0.1051455, 471.410614, 21.555397, 215.0, 0.0, 13.0, -0.041492
0.13179, 271.34145689999997, 530.609999999986, 16.190000000409782, 216.551, 275.6, 13.06, -0.27, -0.2122965, -0.103713, 458.901978, 22.5571, 215.0, 0.0, 13.0, -0.040986
0.13179, 271.3657521, 524.359999999986, 16.820000000298023, 216.562, 275.7, 13.1, -0.35, -0.2122965, -0.103713, 458.901978, 22.5571, 215.0, 0.0, 13.0, -0.040986
0.13179, 271.4301, 517.5599999999977, 17.5, 216.59, 275.7, 13.15, -0.1, -0.1705821, -0.1166628, 445.812073, 23.605347, 215.0, 0.0, 13.0, -0.043786
-0.08440289999999999, 271.42729230000003, 511.2600000000093, 18.139999999664724, 216.63, 275.7, 13.19, -0.06, -0.1705821, -0.1166628, 445.812073, 23.605347, 215.0, 0.0, 13.0, -0.043786
-0.08440289999999999, 271.38586439999995, 504.429999999993, 18.820000000298023, 216.681, 275.6, 13.21, 0.07, -0.3099357, -0.1324203, 432.6203, 24.661755, 215.0, 0.0, 13.0, -0.049287
-0.3005385, 271.3108014, 498.10999999998603, 19.440000000409782, 216.735, 275.5, 13.21, 0.06, -0.3099357, -0.1324203, 432.6203, 24.661755, 215.0, 0.0, 13.0, -0.049287
-0.08440289999999999, 271.17935520000003, 491.28000000002794, 20.08999999985099, 216.793, 275.4, 13.2, 0.0, -0.1462869, -0.123195, 419.468323, 25.714977, 215.0, 0.0, 13.0, -0.053932
-0.08440289999999999, 271.0826901, 484.96999999997206, 20.690000000409782, 216.844, 275.3, 13.18, 0.23, -0.1462869, -0.123195, 419.468323, 25.714977, 215.0, 0.0, 13.0, -0.053932
-0.08440289999999999, 270.9524472, 478.1500000000233, 21.320000000298023, 216.895, 275.2, 13.15, -0.07, -0.1462869, -0.123195, 419.468323, 25.714977, 215.0, 0.0, 13.0, -0.053932
-0.08440289999999999, 270.86878920000004, 471.86999999999534, 21.889999999664724, 216.935, 275.1, 13.13, 0.09, -0.35153549999999995, -0.1337382, 402.634888, 27.063011, 215.0, 0.0, 13.0, -0.057603
-0.08440289999999999, 270.77200949999997, 465.0800000000163, 22.490000000223517, 216.971, 275.0, 13.11, 0.13, -0.35153549999999995, -0.1337382, 402.634888, 27.063011, 215.0, 0.0, 13.0, -0.057603
-0.3005385, 270.6796992, 458.8099999999977, 23.040000000037253, 216.999, 274.9, 13.09, 0.2, 0.0620559, -0.1440522, 389.646851, 28.103102, 215.0, 0.0, 13.0, -0.061211
-0.3005385, 270.4786335, 452.03999999997905, 23.62000000011176, 217.023, 274.7, 13.06, 0.03, 0.0620559, -0.1440522, 389.646851, 28.103102, 215.0, 0.0, 13.0, -0.061211
-0.3005385, 270.32942429999997, 445.79999999998836, 24.12000000011176, 217.037, 274.6, 13.03, -0.14, 0.0006303, -0.1599243, 376.610321, 29.147078, 215.0, 0.0, 13.0, -0.060613
-0.08440289999999999, 270.16652039999997, 439.03999999997905, 24.66000000014901, 217.044, 274.5, 13.02, -0.09, 0.0006303, -0.1599243, 376.610321, 29.147078, 215.0, 0.0, 13.0, -0.060613
0.13179, 270.1350054, 432.8099999999977, 25.15000000037253, 217.048, 274.5, 13.02, 0.04, 0.0449805, -0.1578615, 363.613586, 30.187866, 215.0, 0.0, 13.0, -0.05989
0.13179, 270.1360941, 426.0599999999977, 25.690000000409782, 217.052, 274.5, 13.02, 0.12, 0.0449805, -0.1578615, 363.613586, 30.187866, 215.0, 0.0, 13.0, -0.05989
0.13179, 270.14113649999996, 419.8300000000163, 26.179999999701977, 217.054, 274.5, 13.0, 0.11, 0.053403599999999996, -0.16788899999999998, 350.647919, 31.226168, 215.0, 0.0, 13.0, -0.063396
0.13179, 270.1327707, 413.0999999999767, 26.71999999973923, 217.05, 274.5, 12.97, 0.48, 0.053403599999999996, -0.16788899999999998, 350.647919, 31.226168, 215.0, 0.0, 13.0, -0.063396
0.13179, 270.114492, 406.9099999999744, 27.209999999962747, 217.037, 274.5, 12.91, 0.3, 0.17728619999999998, -0.17367629999999998, 334.732391, 32.500694, 215.0, 0.0, 13.0, -0.065409
0.13179, 270.078966, 400.2399999999907, 27.730000000447035, 217.005, 274.5, 12.84, 0.0, 0.17728619999999998, -0.17367629999999998, 334.732391, 32.500694, 215.0, 0.0, 13.0, -0.065409
0.13179, 270.0593694, 394.10999999998603, 28.21999999973923, 216.96, 274.5, 12.8, -0.02, 0.162732, -0.8561766, 322.015137, 33.519104, 215.0, 0.0, 13.0, -0.303637
0.13179, 270.0681936, 387.5, 28.740000000223517, 216.895, 274.5, 12.74, -0.3, 0.162732, -0.8561766, 322.015137, 33.519104, 215.0, 0.0, 13.0, -0.303637
0.13179, 270.07398090000004, 381.429999999993, 29.230000000447035, 216.816, 274.5, 12.66, -0.4, 0.1563717, -1.5093965999999999, 309.359985, 34.532539, 215.0, 0.0, 13.0, -0.531624
0.13179, 270.0486543, 374.9000000000233, 29.75, 216.696, 274.5, 12.57, -0.4, 0.1563717, -1.5093965999999999, 309.359985, 34.532539, 215.0, 0.0, 13.0, -0.531624
0.13179, 270.0051636, 368.9199999999837, 30.230000000447035, 216.542, 274.5, 12.47, -0.66, 0.14147369999999998, -2.2118373, 296.953217, 35.526081, 213.918213, 0.0, 13.0, -0.77681
0.13179, 269.97404969999997, 362.4799999999814, 30.740000000223517, 216.318, 274.5, 12.39, -0.74, 0.14147369999999998, -2.2118373, 296.953217, 35.526081, 213.918213, 0.0, 13.0, -0.77681
0.13179, 269.9782899, 356.5800000000163, 31.21999999973923, 216.056, 274.6, 12.32, -0.81, -0.1036557, -2.7862698, 284.692932, 36.507893, 213.918213, 0.0, 13.0, -0.97779
0.1448544, 269.9962248, 350.21999999997206, 31.740000000223517, 215.71, 274.6, 12.25, -0.67, -0.1036557, -2.7862698, 284.692932, 36.507893, 213.918213, 0.0, 13.0, -0.97779
0.1448544, 270.0009807, 344.38000000000466, 32.21999999973923, 215.334, 274.6, 12.18, -0.85, -0.1036557, -2.7862698, 284.692932, 36.507893, 213.918213, 0.0, 13.0, -0.97779
-0.0705363, 269.9487231, 338.0999999999767, 32.730000000447035, 214.863, 274.6, 12.09, -1.14, 0.015299099999999998, -3.2511446999999998, 269.646851, 37.712795, 211.825592, 0.0, 13.0, -1.13734
-0.0705363, 269.8700502, 332.3300000000163, 33.19000000040978, 214.37, 274.5, 12.04, -1.24, 0.015299099999999998, -3.2511446999999998, 269.646851, 37.712795, 211.825592, 0.0, 13.0, -1.13734
-0.0705363, 269.7557367, 326.0999999999767, 33.67999999970198, 213.783, 274.4, 12.03, -1.21, 0.060909899999999996, -3.2400284999999998, 257.643738, 38.674015, 210.772095, 0.0, 13.0, -1.133472
-0.0705363, 269.7069171, 320.3300000000163, 34.12999999988824, 213.211, 274.4, 12.06, -1.28, 0.060909899999999996, -3.2400284999999998, 257.643738, 38.674015, 210.772095, 0.0, 13.0, -1.133472
0.1448544, 269.68044449999996, 314.04999999998836, 34.610000000335276, 212.577, 274.3, 12.11, -1.26, 0.0639468, -3.2430654, 245.609589, 39.637718, 209.715866, 0.0, 13.0, -1.137222
0.1448544, 269.6941392, 308.2299999999814, 35.05999999959022, 211.992, 274.4, 12.17, -1.34, 0.0639468, -3.2430654, 245.609589, 39.637718, 209.715866, 0.0, 13.0, -1.137222
0.1448544, 269.7422712, 301.9000000000233, 35.549999999813735, 211.366, 274.4, 12.22, -1.37, 0.2563602, -3.2521761, 233.45993, 40.610672, 208.649521, 0.0, 13.0, -1.140401
0.1448544, 269.76410250000004, 296.03999999997905, 36.00999999977648, 210.802, 274.4, 12.27, -1.22, 0.2563602, -3.2521761, 233.45993, 40.610672, 208.649521, 0.0, 13.0, -1.140401
0.1448544, 269.7717234, 289.6599999999744, 36.5, 210.208, 274.4, 12.3, -1.41, 0.2653563, -3.263235, 221.208435, 41.591782, 207.574219, 0.0, 13.0, -1.144258
0.1448544, 269.7722391, 283.75, 36.950000000186265, 209.674, 274.4, 12.34, -1.1, 0.2653563, -3.263235, 221.208435, 41.591782, 207.574219, 0.0, 13.0, -1.144258
0.1448544, 269.7725829, 277.3400000000256, 37.450000000186265, 209.109, 274.3, 12.37, -1.15, 0.1645083, -3.2579634, 205.874146, 42.819763, 206.493469, 0.0, 13.0, -1.142436
0.1448544, 269.7702909, 271.4099999999744, 37.90000000037253, 208.597, 274.3, 12.39, -1.37, 0.1645083, -3.2579634, 205.874146, 42.819763, 206.493469, 0.0, 13.0, -1.142436
0.1448544, 269.7800319, 264.9799999999814, 38.389999999664724, 208.052, 274.3, 12.41, -1.41, 0.1501833, -3.2478213, 193.498413, 43.810822, 205.404541, 0.0, 13.0, -1.146723
0.1448544, 269.7991128, 259.0200000000186, 38.84999999962747, 207.557, 274.4, 12.45, -1.42, 0.1501833, -3.2478213, 193.498413, 43.810822, 205.404541, 0.0, 13.0, -1.146723
0.1448544, 269.8654089, 252.54999999998836, 39.360000000335276, 207.032, 274.4, 12.49, -1.21, 0.0959775, -3.2765858999999997, 181.029541, 44.809334, 204.312881, 0.0, 13.0, -1.156759
0.36030239999999997, 269.9264907, 246.55999999999767, 39.830000000074506, 206.559, 274.5, 12.52, -1.26, 0.0959775, -3.2765858999999997, 181.029541, 44.809334, 204.312881, 0.0, 13.0, -1.156759
0.36030239999999997, 270.0327249, 240.05999999999767, 40.34999999962747, 206.057, 274.6, 12.54, -1.34, 0.013350899999999999, -3.314232, 168.498596, 45.812828, 203.213058, 0.0, 13.0, -1.16207
0.1448544, 270.103032, 234.04999999998836, 40.83999999985099, 205.6, 274.6, 12.56, -1.54, 0.013350899999999999, -3.314232, 168.498596, 45.812828, 203.213058, 0.0, 13.0, -1.16207
0.1448544, 270.18330929999996, 227.53000000002794, 41.37999999988824, 205.113, 274.7, 12.6, -1.18, -0.038792099999999996, -3.3492995999999997, 155.936554, 46.818802, 202.115952, 0.0, 13.0, -1.174309
0.1448544, 270.2367129, 221.4899999999907, 41.889999999664724, 204.672, 274.7, 12.63, -1.12, -0.038792099999999996, -3.3492995999999997, 155.936554, 46.818802, 202.115952, 0.0, 13.0, -1.174309
0.1448544, 270.2858763, 214.94000000000233, 42.44000000040978, 204.2, 274.8, 12.63, -1.29, -0.038792099999999996, -3.3492995999999997, 155.936554, 46.818802, 202.115952, 0.0, 13.0, -1.174309
0.1448544, 270.2758488, 208.90000000002328, 42.94000000040978, 203.766, 274.7, 12.63, -1.36, -0.12984179999999998, -3.3538262999999997, 139.826019, 48.108948, 201.004456, 0.0, 13.0, -1.173183
-0.0705363, 270.2566533, 202.3400000000256, 43.49000000022352, 203.294, 274.7, 12.64, -1.43, -0.12984179999999998, -3.3538262999999997, 139.826019, 48.108948, 201.004456, 0.0, 13.0, -1.173183
-0.0705363, 270.23178509999997, 196.28000000002794, 43.99000000022352, 202.861, 274.7, 12.68, -1.23, -0.068187, -3.3829919999999998, 127.170868, 49.122383, 199.902679, 0.0, 13.0, -1.183364
-0.0705363, 270.1657755, 189.70000000001164, 44.53000000026077, 202.395, 274.6, 12.7, -1.05, -0.068187, -3.3829919999999998, 127.170868, 49.122383, 199.902679, 0.0, 13.0, -1.183364
-0.0705363, 270.1226859, 183.60999999998603, 45.019999999552965, 201.967, 274.5, 12.71, -0.78, -0.0178203, -3.4172573999999996, 114.546722, 50.133331, 198.789215, 0.0, 13.0, -1.195331
-0.0705363, 270.0795963, 177.03000000002794, 45.54000000003725, 201.5, 274.5, 12.68, -0.91, -0.0178203, -3.4172573999999996, 114.546722, 50.133331, 198.789215, 0.0, 13.0, -1.195331
-0.0705363, 270.0440703, 170.96999999997206, 46.019999999552965, 201.057, 274.5, 12.64, -1.25, 0.0208572, -3.4163406, 101.891541, 51.146767, 197.681213, 0.0, 13.0, -1.195004
-0.0705363, 269.99250029999996, 164.42999999999302, 46.54000000003725, 200.566, 274.5, 12.61, -1.22, 0.0208572, -3.4163406, 101.891541, 51.146767, 197.681213, 0.0, 13.0, -1.195004
-0.0705363, 269.9647098, 158.40000000002328, 47.019999999552965, 200.105, 274.4, 12.6, -1.05, 0.28369229999999995, -3.4201224, 89.369293, 52.149559, 196.572449, 0.0, 13.0, -1.196318
-0.0705363, 269.91646319999995, 151.85999999998603, 47.519999999552965, 199.604, 274.4, 12.6, -1.3, 0.28369229999999995, -3.4201224, 89.369293, 52.149559, 196.572449, 0.0, 13.0, -1.196318
0.1448544, 269.8753218, 145.8300000000163, 47.99000000022352, 199.14, 274.4, 12.6, -1.21, 0.1943616, -3.4000101, 73.755554, 53.399918, 195.469894, 0.0, 13.0, -1.19201
0.1448544, 269.8597362, 139.29999999998836, 48.49000000022352, 198.639, 274.3, 12.59, -0.87, 0.1943616, -3.4000101, 73.755554, 53.399918, 195.469894, 0.0, 13.0, -1.19201
0.1448544, 269.8438641, 133.27000000001863, 48.950000000186265, 198.175, 274.3, 12.57, -0.88, 0.2061654, -3.4072872, 61.224609, 54.403412, 194.36734, 0.0, 13.0, -1.194545
0.1448544, 269.8295964, 126.77000000001863, 49.450000000186265, 197.665, 274.3, 12.53, -0.89, 0.2061654, -3.4072872, 61.224609, 54.403412, 194.36734, 0.0, 13.0, -1.194545
0.1448544, 269.8356702, 120.78999999997905, 49.91000000014901, 197.184, 274.4, 12.48, -0.82, 0.1377492, -3.3739386, 48.786743, 55.399445, 193.267517, 0.0, 13.0, -1.19074
0.36030239999999997, 269.8809372, 114.34000000002561, 50.419999999925494, 196.649, 274.4, 12.42, -0.8, 0.1377492, -3.3739386, 48.786743, 55.399445, 193.267517, 0.0, 13.0, -1.19074
2.0813079, 268.77562019999993, 572.9000000000233, 11.75, 216.637, 273.6, 12.49, -0.43, 1.5329468999999998, 0.0383337, 507.530548, 18.662884, 215.0, 0.0, 13.0, -0.04652
1.6476041999999997, 269.4495828, 566.890000000014, 12.190000000409782, 216.514, 274.3, 12.58, -0.47, 1.5329468999999998, 0.0383337, 507.530548, 18.662884, 215.0, 0.0, 13.0, -0.04652
1.4308383, 270.20090039999997, 560.3300000000163, 12.740000000223517, 216.403, 274.8, 12.68, -0.45, 0.7318356, 0.0021774, 491.916809, 19.913244, 215.0, 0.0, 13.0, -0.035513
1.2141297, 270.6438867, 554.2299999999814, 13.290000000037253, 216.324, 275.3, 12.77, -0.34, 0.7318356, 0.0021774, 491.916809, 19.913244, 215.0, 0.0, 13.0, -0.035513
0.9975357, 271.1583834, 547.5900000000256, 13.940000000409782, 216.267, 275.7, 12.85, -0.22, 0.1485216, -0.037015799999999995, 479.128693, 20.937326, 215.0, 0.0, 13.0, -0.033452
0.5644623, 271.44516989999994, 541.429999999993, 14.580000000074506, 216.235, 275.9, 12.91, -0.07, 0.1485216, -0.037015799999999995, 479.128693, 20.937326, 215.0, 0.0, 13.0, -0.033452
0.34809749999999995, 271.6799853, 534.7399999999907, 15.290000000037253, 216.219, 276.0, 12.94, -0.13, 0.017705699999999998, -0.0850905, 466.225128, 21.970655, 215.0, 0.0, 13.0, -0.034497
0.13179, 271.7630703, 528.5599999999977, 15.959999999962747, 216.214, 276.1, 12.96, -0.14, 0.017705699999999998, -0.0850905, 466.225128, 21.970655, 215.0, 0.0, 13.0, -0.034497
-0.08440289999999999, 271.77991649999996, 521.8499999999767, 16.679999999701977, 216.214, 276.1, 12.98, -0.1, -0.18994949999999997, -0.0882993, 453.312805, 23.004683, 215.0, 0.0, 13.0, -0.03389
-0.08440289999999999, 271.7625546, 515.6500000000233, 17.33999999985099, 216.218, 276.0, 12.99, -0.1, -0.18994949999999997, -0.0882993, 453.312805, 23.004683, 215.0, 0.0, 13.0, -0.03389
-0.08440289999999999, 271.7000976, 508.9199999999837, 18.049999999813735, 216.224, 276.0, 13.01, -0.05, -0.3318243, -0.0915081, 440.338409, 24.043684, 215.0, 0.0, 13.0, -0.035007
-0.3005385, 271.6096209, 502.70000000001164, 18.700000000186265, 216.231, 275.9, 13.02, -0.32, -0.3318243, -0.0915081, 440.338409, 24.043684, 215.0, 0.0, 13.0, -0.035007
-0.3005385, 271.4781747, 495.96000000002095, 19.37999999988824, 216.24, 275.7, 13.04, -0.39, -0.2753265, -0.061769399999999995, 424.227844, 25.33383, 215.0, 0.0, 13.0, -0.032489
-0.3005385, 271.38265559999996, 489.71000000002095, 20.009999999776483, 216.253, 275.6, 13.08, -0.24, -0.2753265, -0.061769399999999995, 424.227844, 25.33383, 215.0, 0.0, 13.0, -0.032489
-0.3005385, 271.2442761, 482.9199999999837, 20.669999999925494, 216.274, 275.5, 13.12, -0.23, -0.35566109999999995, -0.0640041, 411.098145, 26.385265, 215.0, 0.0, 13.0, -0.033272
-0.3005385, 271.1516793, 476.64000000001397, 21.269999999552965, 216.305, 275.4, 13.16, -0.31, -0.35566109999999995, -0.0640041, 411.098145, 26.385265, 215.0, 0.0, 13.0, -0.033272
-0.3005385, 271.0400016, 469.8099999999977, 21.91000000014901, 216.35, 275.3, 13.2, -0.07, -0.22312619999999997, -0.0972381, 397.946167, 27.438486, 215.0, 0.0, 13.0, -0.037006
-0.08440289999999999, 270.9623028, 463.4899999999907, 22.490000000223517, 216.402, 275.2, 13.23, -0.04, -0.22312619999999997, -0.0972381, 397.946167, 27.438486, 215.0, 0.0, 13.0, -0.037006
-0.08440289999999999, 270.84621300000003, 456.63000000000466, 23.09999999962747, 216.466, 275.1, 13.24, 0.1, -0.07569329999999999, -0.1148292, 384.763123, 28.494194, 215.0, 0.0, 13.0, -0.043152
-0.3005385, 270.7704051, 450.28999999997905, 23.66000000014901, 216.529, 275.0, 13.24, 0.08, -0.07569329999999999, -0.1148292, 384.763123, 28.494194, 215.0, 0.0, 13.0, -0.043152
-0.08440289999999999, 270.63282780000003, 443.4400000000023, 24.259999999776483, 216.596, 274.9, 13.23, 0.02, -0.17591099999999998, -0.1070937, 371.57135, 29.550602, 215.0, 0.0, 13.0, -0.048296
-0.08440289999999999, 270.5467059, 437.11999999999534, 24.790000000037253, 216.655, 274.8, 13.21, 0.24, -0.17591099999999998, -0.1070937, 371.57135, 29.550602, 215.0, 0.0, 13.0, -0.048296
-0.3005385, 270.4167495, 430.28000000002794, 25.360000000335276, 216.713, 274.7, 13.18, -0.06, -0.17591099999999998, -0.1070937, 371.57135, 29.550602, 215.0, 0.0, 13.0, -0.048296
-0.3005385, 270.3130365, 423.9799999999814, 25.87000000011176, 216.759, 274.5, 13.15, 0.1, 0.141531, -0.1412445, 354.786407, 30.894753, 215.0, 0.0, 13.0, -0.052373
-0.08440289999999999, 270.17121899999995, 417.1699999999837, 26.40000000037253, 216.801, 274.4, 13.13, 0.15, 0.141531, -0.1412445, 354.786407, 30.894753, 215.0, 0.0, 13.0, -0.052373
-0.08440289999999999, 270.0826905, 410.89000000001397, 26.889999999664724, 216.835, 274.3, 13.11, 0.21, 0.1768851, -0.1544235, 338.551666, 32.194847, 215.0, 0.0, 13.0, -0.056973
-0.08440289999999999, 269.9500983, 404.0999999999767, 27.40000000037253, 216.864, 274.2, 13.08, 0.04, 0.1768851, -0.1544235, 338.551666, 32.194847, 215.0, 0.0, 13.0, -0.056973
0.13179, 269.8972104, 397.8499999999767, 27.87000000011176, 216.882, 274.2, 13.05, -0.13, 0.1555695, -0.6335661, 325.585968, 33.233147, 215.0, 0.0, 13.0, -0.233803
0.34809749999999995, 269.92293809999995, 391.0999999999767, 28.37000000011176, 216.892, 274.3, 13.0, -0.09, 0.1555695, -0.6335661, 325.585968, 33.233147, 215.0, 0.0, 13.0, -0.233803
0.34809749999999995, 269.9602404, 384.9000000000233, 28.84999999962747, 216.887, 274.3, 12.93, 0.01, 0.10720829999999999, -1.3444871999999999, 312.71344, 34.263992, 215.0, 0.0, 13.0, -0.481928
0.34809749999999995, 270.0018975, 378.2399999999907, 29.37000000011176, 216.848, 274.4, 12.8, 0.02, 0.10720829999999999, -1.3444871999999999, 312.71344, 34.263992, 215.0, 0.0, 13.0, -0.481928
0.13179, 270.0202908, 372.1599999999744, 29.84999999962747, 216.761, 274.5, 12.65, -0.09, 0.045267, -2.003781, 300.151428, 35.269966, 215.0, 0.0, 13.0, -0.704201
0.13179, 270.01610789999995, 365.6699999999837, 30.37000000011176, 216.592, 274.5, 12.47, 0.12, 0.045267, -2.003781, 300.151428, 35.269966, 215.0, 0.0, 13.0, -0.704201
0.13179, 270.0018402, 359.7700000000186, 30.84999999962747, 216.355, 274.6, 12.29, -0.19, 0.11242260000000001, -2.7484518, 285.07428, 36.477356, 213.932404, 0.0, 13.0, -0.964579
0.13179, 269.9395551, 353.46999999997206, 31.360000000335276, 216.001, 274.6, 12.09, -0.67, 0.11242260000000001, -2.7484518, 285.07428, 36.477356, 213.932404, 0.0, 13.0, -0.964579
0.1448544, 269.8703367, 347.7299999999814, 31.820000000298023, 215.584, 274.6, 11.95, -0.83, 0.09351359999999999, -3.1139685, 273.226471, 37.42614, 212.904694, 0.0, 13.0, -1.089458
-0.0705363, 269.7812352, 341.5900000000256, 32.32000000029802, 215.047, 274.5, 11.83, -1.24, 0.09351359999999999, -3.1139685, 273.226471, 37.42614, 212.904694, 0.0, 13.0, -1.089458
-0.0705363, 269.7289776, 335.95000000001164, 32.769999999552965, 214.485, 274.5, 11.77, -1.43, 0.12055919999999999, -3.0842297999999997, 261.471741, 38.367466, 211.893723, 0.0, 13.0, -1.08178
-0.0705363, 269.6817624, 329.8300000000163, 33.25, 213.824, 274.5, 11.8, -1.44, 0.12055919999999999, -3.0842297999999997, 261.471741, 38.367466, 211.893723, 0.0, 13.0, -1.08178
-0.0705363, 269.66554649999995, 324.1599999999744, 33.700000000186265, 213.192, 274.4, 11.87, -1.64, 0.1378065, -3.1055454, 249.561798, 39.32122, 210.856583, 0.0, 13.0, -1.086522
-0.0705363, 269.6632545, 317.96999999997206, 34.17999999970198, 212.507, 274.4, 11.97, -1.59, 0.1378065, -3.1055454, 249.561798, 39.32122, 210.856583, 0.0, 13.0, -1.086522
-0.0705363, 269.66783849999996, 312.20000000001164, 34.62000000011176, 211.889, 274.4, 12.07, -1.51, 0.1622163, -3.1406129999999997, 237.434448, 40.292389, 209.805801, 0.0, 13.0, -1.098761
-0.0705363, 269.6745426, 305.9000000000233, 35.110000000335276, 211.245, 274.3, 12.17, -1.2, 0.1622163, -3.1406129999999997, 237.434448, 40.292389, 209.805801, 0.0, 13.0, -1.098761
0.1448544, 269.6735685, 300.04999999998836, 35.549999999813735, 210.677, 274.3, 12.24, -1.21, 0.1622163, -3.1406129999999997, 237.434448, 40.292389, 209.805801, 0.0, 13.0, -1.098761
0.1448544, 269.66554649999995, 293.679999999993, 36.03000000026077, 210.082, 274.3, 12.28, -1.33, 0.16972259999999997, -3.1475462999999997, 225.182953, 41.273499, 208.742172, 0.0, 13.0, -1.103894
0.1448544, 269.6568942, 287.79999999998836, 36.480000000447035, 209.548, 274.3, 12.3, -1.29, 0.16972259999999997, -3.1475462999999997, 225.182953, 41.273499, 208.742172, 0.0, 13.0, -1.103894
0.1448544, 269.69837939999996, 281.4099999999744, 36.95999999996275, 208.982, 274.3, 12.33, -1.14, 0.1264611, -3.1580322, 212.900391, 42.257095, 207.669601, 0.0, 13.0, -1.107537
0.1448544, 269.74536539999997, 275.5, 37.419999999925494, 208.468, 274.4, 12.34, -1.15, 0.1264611, -3.1580322, 212.900391, 42.257095, 207.669601, 0.0, 13.0, -1.107537
0.1448544, 269.81080199999997, 269.0999999999767, 37.91000000014901, 207.917, 274.4, 12.35, -1.1, 0.07907399999999999, -3.1436498999999998, 200.617859, 43.240692, 206.591568, 0.0, 13.0, -1.110358
0.36030239999999997, 269.83738919999996, 263.1900000000023, 38.37999999988824, 207.41, 274.4, 12.35, -1.18, 0.07907399999999999, -3.1436498999999998, 200.617859, 43.240692, 206.591568, 0.0, 13.0, -1.110358
0.36030239999999997, 269.9137128, 256.78000000002794, 38.889999999664724, 206.861, 274.5, 12.35, -1.23, 0.241233, -3.1684034999999997, 188.343994, 44.223595, 205.508102, 0.0, 13.0, -1.111159
0.1448544, 269.9688354, 250.86999999999534, 39.360000000335276, 206.356, 274.6, 12.36, -1.1, 0.241233, -3.1684034999999997, 188.343994, 44.223595, 205.508102, 0.0, 13.0, -1.111159
0.1448544, 270.03799649999996, 244.45000000001164, 39.87999999988824, 205.812, 274.6, 12.37, -1.32, 0.1732179, -3.1716122999999996, 175.968262, 45.214645, 204.430847, 0.0, 13.0, -1.11229
0.1448544, 270.077247, 238.52000000001863, 40.37000000011176, 205.313, 274.7, 12.39, -1.03, 0.1732179, -3.1716122999999996, 175.968262, 45.214645, 204.430847, 0.0, 13.0, -1.11229
0.1448544, 270.1402197, 232.0900000000256, 40.91000000014901, 204.777, 274.7, 12.41, -1.1, 0.041256, -3.2639226, 160.634003, 46.442627, 202.257675, 0.0, 13.0, -1.141796
-0.0705363, 270.1315101, 226.15000000002328, 41.40000000037253, 204.286, 274.7, 12.41, -1.33, 0.041256, -3.2639226, 160.634003, 46.442627, 202.257675, 0.0, 13.0, -1.141796
-0.0705363, 270.1020006, 219.71000000002095, 41.92999999970198, 203.757, 274.6, 12.43, -1.38, 0.0874398, -3.2784768, 147.730408, 47.47596, 201.125137, 0.0, 13.0, -1.146883
-0.0705363, 270.0857274, 213.25, 42.450000000186265, 203.234, 274.6, 12.46, -1.39, 0.0874398, -3.2784768, 147.730408, 47.47596, 201.125137, 0.0, 13.0, -1.146883
-0.0705363, 270.0567336, 207.27000000001863, 42.94000000040978, 202.759, 274.6, 12.5, -1.19, 0.130071, -3.2995058999999998, 135.758362, 48.434692, 200.074371, 0.0, 13.0, -1.156929
-0.0705363, 270.03771, 201.28000000002794, 43.419999999925494, 202.294, 274.5, 12.53, -1.25, 0.130071, -3.2995058999999998, 135.758362, 48.434692, 200.074371, 0.0, 13.0, -1.156929
0.1448544, 269.9907813, 194.77000000001863, 43.92999999970198, 201.796, 274.5, 12.55, -1.33, 0.1395255, -3.3171543, 123.227386, 49.438179, 198.974533, 0.0, 13.0, -1.163085
0.1448544, 269.9836188, 188.7600000000093, 44.41000000014901, 201.342, 274.5, 12.57, -1.54, 0.1395255, -3.3171543, 123.227386, 49.438179, 198.974533, 0.0, 13.0, -1.163085
0.1448544, 269.97783150000004, 182.21999999997206, 44.92999999970198, 200.857, 274.5, 12.61, -1.17, 0.3044922, -3.3417932999999995, 107.125549, 50.727623, 197.869263, 0.0, 13.0, -1.16898
-0.0705363, 269.9708982, 176.17999999999302, 45.40000000037253, 200.418, 274.4, 12.64, -1.11, 0.3044922, -3.3417932999999995, 107.125549, 50.727623, 197.869263, 0.0, 13.0, -1.16898
-0.0705363, 269.9334813, 169.61999999999534, 45.91000000014901, 199.948, 274.4, 12.64, -1.29, 0.3044922, -3.3417932999999995, 107.125549, 50.727623, 197.869263, 0.0, 13.0, -1.16898
0.1448544, 269.9084985, 163.57000000000698, 46.37999999988824, 199.515, 274.4, 12.64, -1.36, 0.17648399999999997, -3.3068402999999997, 91.480774, 51.980469, 196.763977, 0.0, 13.0, -1.167325
0.36030239999999997, 269.9670591, 157.0100000000093, 46.889999999664724, 199.046, 274.5, 12.66, -1.43, 0.17648399999999997, -3.3068402999999997, 91.480774, 51.980469, 196.763977, 0.0, 13.0, -1.167325
0.36030239999999997, 270.040575, 150.94000000000233, 47.37999999988824, 198.615, 274.5, 12.69, -1.23, 0.0986706, -3.3586967999999997, 78.856689, 52.991425, 195.662201, 0.0, 13.0, -1.177582
0.1448544, 270.14170949999993, 144.34999999997672, 47.91000000014901, 198.155, 274.6, 12.71, -1.04, 0.0986706, -3.3586967999999997, 78.856689, 52.991425, 195.662201, 0.0, 13.0, -1.177582
0.1448544, 270.1870911, 138.2600000000093, 48.41000000014901, 197.732, 274.6, 12.72, -0.77, 0.07907399999999999, -3.3919308, 66.17041, 54.007347, 194.542526, 0.0, 13.0, -1.189185
0.1448544, 270.22662809999997, 131.67999999999302, 48.95999999996275, 197.271, 274.7, 12.69, -0.89, 0.07907399999999999, -3.3919308, 66.17041, 54.007347, 194.542526, 0.0, 13.0, -1.189185
0.1448544, 270.2315559, 125.61999999999534, 49.45999999996275, 196.835, 274.7, 12.65, -1.24, 0.0895026, -3.3824189999999996, 53.577332, 55.015808, 193.431793, 0.0, 13.0, -1.185875
0.1448544, 270.2094954, 119.0800000000163, 50.0, 196.347, 274.7, 12.61, -1.22, 0.0895026, -3.3824189999999996, 53.577332, 55.015808, 193.431793, 0.0, 13.0, -1.185875
-0.0705363, 270.1928211, 113.03999999997905, 50.5, 195.888, 274.7, 12.61, -1.04, 0.11270909999999999, -3.3902118, 41.015381, 56.021782, 192.329239, 0.0, 13.0, -1.188586
0.1448544, 270.1548312, 106.51000000000931, 51.03000000026077, 195.387, 274.6, 12.6, -1.29, 0.11270909999999999, -3.3902118, 41.015381, 56.021782, 192.329239, 0.0, 13.0, -1.188586
0.1448544, 270.14067809999995, 100.47999999998137, 51.519999999552965, 194.925, 274.6, 12.61, -1.21, 0.008079300000000001, 0.015069899999999999, 25.587891, 57.257225, 192.329239, 0.0, 13.0, -1.180837
0.1448544, 270.0980469, 94.01000000000931, 52.049999999813735, 194.422, 274.6, 12.34, -0.88, 0.008079300000000001, 0.015069899999999999, 25.587891, 57.257225, 192.329239, 0.0, 13.0, -1.180837
0.1448544, 269.9161767, 88.30999999999767, 52.519999999552965, 193.911, 274.6, 11.79, -1.01, 0.0738024, 0.0087669, 16.853882, 57.95665, 192.329239, 0.0, 13.0, -1.180837
0.13179, 269.6734539, 82.35999999998603, 53.0, 193.29, 274.6, 11.39, -1.13, 0.0738024, 0.0087669, 16.853882, 57.95665, 192.329239, 0.0, 13.0, -1.180837
0.13179, 269.5512903, 77.0, 53.44000000040978, 192.679, 274.6, 11.14, -1.1, 0.0414852, 0.013752, 5.751221, 58.845757, 192.329239, 0.0, 13.0, -1.180837
0.13179, 269.40809759999996, 71.28999999997905, 53.90000000037253, 191.998, 274.6, 10.96, -1.08, 0.0414852, 0.013752, 5.751221, 58.845757, 192.329239, 0.0, 13.0, -1.180837
0.34809749999999995, 272.2149381, 534.75, 15.209999999962747, 216.656, 276.6, 13.08, -0.13, -0.3612765, -0.1211322, 463.049194, 22.224985, 215.0, 0.0, 13.0, -0.045343
0.13179, 272.3014038, 528.4899999999907, 15.940000000409782, 216.68, 276.6, 13.13, -0.09, -0.3612765, -0.1211322, 463.049194, 22.224985, 215.0, 0.0, 13.0, -0.045343
-0.08440289999999999, 272.2979658, 521.6900000000023, 16.71999999973923, 216.716, 276.5, 13.16, 0.04, -0.4986246, -0.08921609999999999, 449.950562, 23.273933, 215.0, 0.0, 13.0, -0.049925
-0.3005385, 272.23258649999997, 515.4099999999744, 17.440000000409782, 216.755, 276.4, 13.17, 0.03, -0.4986246, -0.08921609999999999, 449.950562, 23.273933, 215.0, 0.0, 13.0, -0.049925
-0.5165021999999999, 272.04120449999994, 508.5999999999767, 18.200000000186265, 216.801, 276.2, 13.17, -0.01, -0.5016615, -0.100848, 436.820923, 24.325367, 215.0, 0.0, 13.0, -0.053974
-0.5165021999999999, 271.8677001, 502.320000000007, 18.87000000011176, 216.845, 276.0, 13.16, 0.21, -0.5016615, -0.100848, 436.820923, 24.325367, 215.0, 0.0, 13.0, -0.053974
-0.5165021999999999, 271.628931, 495.5200000000186, 19.580000000074506, 216.889, 275.8, 13.13, -0.08, -0.5016615, -0.100848, 436.820923, 24.325367, 215.0, 0.0, 13.0, -0.053974
-0.5165021999999999, 271.44494069999996, 489.25, 20.209999999962747, 216.922, 275.6, 13.11, 0.08, -0.25784999999999997, -0.10995869999999999, 420.089355, 25.665245, 215.0, 0.0, 13.0, -0.057166
-0.5165021999999999, 271.1469234, 482.46999999997206, 20.860000000335276, 216.953, 275.4, 13.1, 0.12, -0.25784999999999997, -0.10995869999999999, 420.089355, 25.665245, 215.0, 0.0, 13.0, -0.057166
-0.5165021999999999, 270.9317619, 476.21000000002095, 21.429999999701977, 216.977, 275.1, 13.08, 0.2, 0.014267699999999998, -0.1646229, 407.061554, 26.708519, 215.0, 0.0, 13.0, -0.060526
-0.3005385, 270.6802722, 469.45000000001164, 22.03000000026077, 216.997, 274.9, 13.05, 0.02, 0.014267699999999998, -0.1646229, 407.061554, 26.708519, 215.0, 0.0, 13.0, -0.060526
-0.08440289999999999, 270.5803983, 463.21000000002095, 22.570000000298023, 217.008, 274.9, 13.02, -0.15, -0.1393536, -0.1621017, 394.056061, 27.75001, 215.0, 0.0, 13.0, -0.059647
-0.08440289999999999, 270.5257914, 456.46999999997206, 23.15000000037253, 217.012, 274.8, 13.01, -0.1, -0.1393536, -0.1621017, 394.056061, 27.75001, 215.0, 0.0, 13.0, -0.059647
-0.08440289999999999, 270.4689498, 450.2399999999907, 23.669999999925494, 217.014, 274.8, 13.02, 0.03, -0.0250974, -0.1594659, 381.059326, 28.790798, 215.0, 0.0, 13.0, -0.058739
-0.08440289999999999, 270.3576159, 443.4899999999907, 24.230000000447035, 217.016, 274.7, 13.02, 0.12, -0.0250974, -0.1594659, 381.059326, 28.790798, 215.0, 0.0, 13.0, -0.058739
-0.08440289999999999, 270.269775, 437.2600000000093, 24.740000000223517, 217.018, 274.6, 13.0, 0.11, 0.07821449999999999, -0.1645083, 368.093658, 29.8291, 215.0, 0.0, 13.0, -0.062218
-0.08440289999999999, 270.1696146, 430.53000000002794, 25.269999999552965, 217.014, 274.5, 12.97, 0.48, 0.07821449999999999, -0.1645083, 368.093658, 29.8291, 215.0, 0.0, 13.0, -0.062218
0.13179, 270.1334583, 424.3499999999767, 25.769999999552965, 217.0, 274.5, 12.91, 0.3, -0.0276186, -0.17052479999999998, 352.138367, 31.10681, 215.0, 0.0, 13.0, -0.064303
0.13179, 270.1148358, 417.679999999993, 26.299999999813735, 216.969, 274.5, 12.84, 0.0, -0.0276186, -0.17052479999999998, 352.138367, 31.10681, 215.0, 0.0, 13.0, -0.064303
0.13179, 270.12388919999995, 411.54999999998836, 26.790000000037253, 216.924, 274.5, 12.8, -0.02, -0.0295095, -0.1584918, 339.358978, 32.130196, 215.0, 0.0, 13.0, -0.058385
0.13179, 270.13196849999997, 404.9199999999837, 27.320000000298023, 216.862, 274.5, 12.77, -0.29, -0.0295095, -0.1584918, 339.358978, 32.130196, 215.0, 0.0, 13.0, -0.058385
-0.08440289999999999, 270.1077879, 398.29999999998836, 27.84999999962747, 216.792, 274.5, 12.78, -0.36, 0.0330048, -0.5782716, 326.610657, 33.151093, 215.0, 0.0, 13.0, -0.206639
-0.08440289999999999, 270.048024, 392.1699999999837, 28.330000000074506, 216.728, 274.4, 12.8, -0.28, 0.0330048, -0.5782716, 326.610657, 33.151093, 215.0, 0.0, 13.0, -0.206639
0.13179, 269.9880309, 386.04999999998836, 28.809999999590218, 216.667, 274.4, 12.79, -0.44, 0.0986706, -1.2601988999999998, 313.893372, 34.169502, 215.0, 0.0, 13.0, -0.444649
0.13179, 269.9392113, 379.429999999993, 29.320000000298023, 216.592, 274.4, 12.74, -0.43, 0.0986706, -1.2601988999999998, 313.893372, 34.169502, 215.0, 0.0, 13.0, -0.444649
0.13179, 269.9117073, 373.3499999999767, 29.790000000037253, 216.502, 274.4, 12.68, -0.44, 0.0753495, -1.8959423999999998, 301.269287, 35.180447, 215.0, 0.0, 13.0, -0.674415
0.13179, 269.8919961, 366.8099999999977, 30.290000000037253, 216.363, 274.4, 12.59, -0.27, 0.0753495, -1.8959423999999998, 301.269287, 35.180447, 215.0, 0.0, 13.0, -0.674415
0.34809749999999995, 269.9009922, 360.8099999999977, 30.759999999776483, 216.184, 274.4, 12.5, -0.44, 0.0753495, -1.8959423999999998, 301.269287, 35.180447, 215.0, 0.0, 13.0, -0.674415
0.34809749999999995, 269.9258604, 354.38000000000466, 31.269999999552965, 215.923, 274.5, 12.37, -0.74, 0.1007334, -2.7200883, 285.912659, 36.410217, 213.993439, 0.0, 13.0, -0.962515
0.36030239999999997, 269.9585214, 348.5, 31.75, 215.612, 274.6, 12.26, -0.87, 0.1007334, -2.7200883, 285.912659, 36.410217, 213.993439, 0.0, 13.0, -0.962515
0.1448544, 270.02321309999996, 342.1699999999837, 32.269999999552965, 215.201, 274.7, 12.16, -0.89, 0.0069333, -3.1917246, 273.754303, 37.383865, 212.96376, 0.0, 13.0, -1.119304
0.1448544, 270.0306621, 335.9000000000233, 32.79000000003725, 214.716, 274.7, 12.07, -1.05, 0.0069333, -3.1917246, 273.754303, 37.383865, 212.96376, 0.0, 13.0, -1.119304
-0.0705363, 270.00997679999995, 330.1500000000233, 33.269999999552965, 214.208, 274.7, 12.03, -1.13, -0.11070359999999999, -3.1693203, 258.854706, 38.577038, 211.637543, 0.0, 13.0, -1.111487
0.1448544, 269.9777169, 324.39000000001397, 33.74000000022352, 213.655, 274.7, 12.03, -1.3, -0.11070359999999999, -3.1693203, 258.854706, 38.577038, 211.637543, 0.0, 13.0, -1.111487
-0.0705363, 269.9686062, 318.14000000001397, 34.25999999977648, 213.026, 274.6, 12.07, -1.39, -0.0856635, -3.1821555, 246.758453, 39.545715, 210.584045, 0.0, 13.0, -1.113266
-0.0705363, 269.9567451, 312.3400000000256, 34.730000000447035, 212.436, 274.6, 12.13, -1.28, -0.0856635, -3.1821555, 246.758453, 39.545715, 210.584045, 0.0, 13.0, -1.113266
0.1448544, 269.9412741, 306.03000000002794, 35.24000000022352, 211.802, 274.6, 12.19, -1.49, 0.13345169999999998, -3.1907504999999996, 234.639862, 40.516182, 209.525101, 0.0, 13.0, -1.118965
0.1448544, 269.942019, 300.1699999999837, 35.70999999996275, 211.231, 274.6, 12.26, -1.18, 0.13345169999999998, -3.1907504999999996, 234.639862, 40.516182, 209.525101, 0.0, 13.0, -1.118965
0.1448544, 269.9796078, 293.78999999997905, 36.230000000447035, 210.631, 274.6, 12.31, -1.21, 0.031515, -3.2885616, 218.901917, 41.776489, 207.37178, 0.0, 13.0, -1.150403
0.1448544, 269.9956518, 287.89000000001397, 36.70999999996275, 210.095, 274.6, 12.34, -1.42, 0.031515, -3.2885616, 218.901917, 41.776489, 207.37178, 0.0, 13.0, -1.150403
-0.0705363, 269.9845929, 281.46999999997206, 37.21999999973923, 209.528, 274.5, 12.39, -1.45, 0.067614, -3.2987037, 206.495148, 42.770031, 206.282852, 0.0, 13.0, -1.156642
0.1448544, 269.9714712, 275.53000000002794, 37.700000000186265, 209.018, 274.5, 12.42, -1.45, 0.067614, -3.2987037, 206.495148, 42.770031, 206.282852, 0.0, 13.0, -1.156642
-0.0705363, 269.964939, 269.070000000007, 38.20999999996275, 208.48, 274.5, 12.48, -1.24, 0.07907399999999999, -3.3270671999999997, 194.057343, 43.76606, 205.191193, 0.0, 13.0, -1.166536
-0.0705363, 269.9598966, 263.0800000000163, 38.69000000040978, 207.997, 274.5, 12.51, -1.29, 0.07907399999999999, -3.3270671999999997, 194.057343, 43.76606, 205.191193, 0.0, 13.0, -1.166536
0.1448544, 269.92889729999996, 256.5900000000256, 39.200000000186265, 207.484, 274.4, 12.54, -1.36, 0.09305519999999999, -3.3447728999999997, 181.495331, 44.772034, 204.088638, 0.0, 13.0, -1.172723
0.1448544, 269.91726539999996, 250.5800000000163, 39.669999999925494, 207.018, 274.4, 12.56, -1.56, 0.09305519999999999, -3.3447728999999997, 181.495331, 44.772034, 204.088638, 0.0, 13.0, -1.172723
0.1448544, 269.96058419999997, 244.04999999998836, 40.17999999970198, 206.522, 274.5, 12.6, -1.19, 0.035525999999999995, -3.377835, 168.933319, 45.778015, 202.986084, 0.0, 13.0, -1.18426
0.1448544, 270.01209689999996, 238.0, 40.66000000014901, 206.073, 274.5, 12.63, -1.13, 0.035525999999999995, -3.377835, 168.933319, 45.778015, 202.986084, 0.0, 13.0, -1.18426
0.1448544, 270.0786222, 231.45000000001164, 41.19000000040978, 205.593, 274.6, 12.64, -1.31, 0.035525999999999995, -3.377835, 168.933319, 45.778015, 202.986084, 0.0, 13.0, -1.18426
0.1448544, 270.1078452, 225.40000000002328, 41.67999999970198, 205.151, 274.6, 12.64, -1.38, 0.12949799999999997, -3.3816740999999997, 153.328308, 47.027672, 201.878082, 0.0, 13.0, -1.182898
-0.0705363, 270.1266969, 218.8300000000163, 42.20999999996275, 204.672, 274.6, 12.67, -1.45, 0.12949799999999997, -3.3816740999999997, 153.328308, 47.027672, 201.878082, 0.0, 13.0, -1.182898
-0.0705363, 270.0968436, 212.7600000000093, 42.700000000186265, 204.232, 274.5, 12.7, -1.25, 0.0881274, -3.4355361, 143.653992, 47.802399, 200.767365, 0.0, 13.0, -1.201698
-0.0705363, 270.0412626, 206.1599999999744, 43.21999999973923, 203.761, 274.5, 12.74, -1.06, 0.0881274, -3.4355361, 143.653992, 47.802399, 200.767365, 0.0, 13.0, -1.201698
0.1448544, 270.0102633, 200.04999999998836, 43.700000000186265, 203.331, 274.4, 12.74, -0.78, 0.11918399999999998, -3.4622379, 130.936737, 48.820808, 199.651184, 0.0, 13.0, -1.213731
0.1448544, 269.9868849, 193.46000000002095, 44.20999999996275, 202.868, 274.4, 12.71, -0.9, 0.11918399999999998, -3.4622379, 130.936737, 48.820808, 199.651184, 0.0, 13.0, -1.213731
0.1448544, 270.0021267, 187.39000000001397, 44.69000000040978, 202.434, 274.5, 12.66, -1.23, 0.0799908, -3.4532990999999997, 118.312622, 49.831757, 198.543182, 0.0, 13.0, -1.210597
0.1448544, 270.04395569999997, 180.8300000000163, 45.21999999973923, 201.952, 274.5, 12.63, -1.2, 0.0799908, -3.4532990999999997, 118.312622, 49.831757, 198.543182, 0.0, 13.0, -1.210597
0.1448544, 270.07701779999996, 174.79999999998836, 45.700000000186265, 201.499, 274.6, 12.61, -1.03, 0.0543204, -3.4561641, 105.75061, 50.83773, 197.440628, 0.0, 13.0, -1.211616
0.1448544, 270.1087047, 168.2600000000093, 46.230000000447035, 201.004, 274.6, 12.6, -1.29, 0.0543204, -3.4561641, 105.75061, 50.83773, 197.440628, 0.0, 13.0, -1.211616
-0.0705363, 270.103032, 161.72999999998137, 46.75999999977648, 200.505, 274.6, 12.6, -1.21, 0.1855374, -3.4541586, 90.176636, 52.084908, 196.338074, 0.0, 13.0, -1.208213
-0.0705363, 270.0577077, 155.69000000000233, 47.25, 200.044, 274.5, 12.6, -0.87, 0.1855374, -3.4541586, 90.176636, 52.084908, 196.338074, 0.0, 13.0, -1.208213
0.1448544, 270.0127845, 149.6699999999837, 47.730000000447035, 199.581, 274.5, 12.58, -0.88, 0.21940169999999998, -3.4539866999999997, 77.645691, 53.088394, 195.235519, 0.0, 13.0, -1.210844
-0.0705363, 269.96688720000003, 143.1599999999744, 48.24000000022352, 199.073, 274.5, 12.53, -0.89, 0.21940169999999998, -3.4539866999999997, 77.645691, 53.088394, 195.235519, 0.0, 13.0, -1.210844
0.1448544, 269.9307309, 137.17999999999302, 48.70999999996275, 198.594, 274.4, 12.48, -0.82, 0.2168805, -3.4423547999999995, 65.207825, 54.084427, 194.141144, 0.0, 13.0, -1.206788
0.1448544, 269.89090739999995, 130.72999999998137, 49.21999999973923, 198.06, 274.4, 12.42, -0.8, 0.2168805, -3.4423547999999995, 65.207825, 54.084427, 194.141144, 0.0, 13.0, -1.206788
0.1448544, 269.8901052, 124.80999999999767, 49.67999999970198, 197.551, 274.5, 12.35, -0.76, 0.1790052, -3.4138194, 52.925293, 55.068024, 193.060394, 0.0, 13.0, -1.196835
0.1448544, 269.8882143, 118.42999999999302, 50.19000000040978, 196.981, 274.5, 12.27, -0.77, 0.1790052, -3.4138194, 52.925293, 55.068024, 193.060394, 0.0, 13.0, -1.196835
0.1448544, 269.8836303, 112.5800000000163, 50.65000000037253, 196.433, 274.5, 12.19, -0.88, 0.18152639999999998, -3.3772046999999996, 40.766907, 56.041679, 191.99054, 0.0, 13.0, -1.181352
-0.0705363, 269.8391082, 106.28999999997905, 51.15000000037253, 195.817, 274.5, 12.12, -1.12, 0.18152639999999998, -3.3772046999999996, 40.766907, 56.041679, 191.99054, 0.0, 13.0, -1.181352
-0.0705363, 269.7957321, 100.03000000002794, 51.65000000037253, 195.18, 274.4, 12.07, -0.79, 0.18152639999999998, -3.3772046999999996, 40.766907, 56.041679, 191.99054, 0.0, 13.0, -1.181352
0.1448544, 269.72410709999997, 94.27000000001863, 52.09999999962747, 194.577, 274.4, 12.02, -0.86, 0.0763236, 0.015069899999999999, 25.86731, 57.234848, 190.935089, 0.0, 13.0, -1.169933
0.1448544, 269.6869194, 88.53000000002794, 52.54000000003725, 193.96, 274.4, 11.96, -0.87, 0.0763236, 0.015069899999999999, 25.86731, 57.234848, 190.935089, 0.0, 13.0, -1.169933
0.1448544, 269.6240613, 82.40999999997439, 53.019999999552965, 193.269, 274.4, 11.7, -0.99, 0.041256, 0.037531499999999995, 14.081604, 58.178658, 190.935089, 0.0, 13.0, -1.169933
0.36030239999999997, 269.5433829, 76.90999999997439, 53.45999999996275, 192.594, 274.5, 11.43, -1.06, 0.041256, 0.037531499999999995, 14.081604, 58.178658, 190.935089, 0.0, 13.0, -1.169933
0.1448544, 269.5094613, 71.07000000000698, 53.919999999925494, 191.842, 274.5, 11.22, -1.14, -0.058789799999999996, 0.013752, 2.854858, 59.077705, 190.935089, 0.0, 13.0, -1.169933
0.13179, 269.5005225, 65.75, 54.360000000335276, 191.154, 274.6, 11.08, -1.06, -0.058789799999999996, 0.013752, 2.854858, 59.077705, 190.935089, 0.0, 13.0, -1.169933
-0.08440289999999999, 269.4609855, 60.04999999998836, 54.82000000029802, 190.425, 274.6, 10.96, -1.15, 0.0688173, 0.013752, -8.083801, 59.953682, 190.935089, 0.0, 13.0, -1.169933
0.13179, 269.3924547, 54.84000000002561, 55.24000000022352, 189.766, 274.6, 10.87, -1.08, 0.0688173, 0.013752, -8.083801, 59.953682, 190.935089, 0.0, 13.0, -1.169933
0.13179, 269.3195118, 49.22999999998137, 55.700000000186265, 189.057, 274.6, 10.78, -1.05, 0.0377034, 0.013752, -18.907043, 60.820412, 190.935089, 0.0, 13.0, -1.169933
0.13179, 269.2791153, 44.09000000002561, 56.110000000335276, 188.401, 274.5, 10.73, -1.14, 0.0377034, 0.013752, -18.907043, 60.820412, 190.935089, 0.0, 13.0, -1.169933
0.9975357, 270.2018745, 560.7700000000186, 13.519999999552965, 216.505, 274.8, 12.73, -0.36, 0.49581689999999995, -0.014382299999999997, 498.366669, 19.396736, 215.0, 0.0, 13.0, -0.04129
0.7809417, 270.6469236, 554.140000000014, 14.120000000111759, 216.43, 275.1, 12.83, -0.25, 0.20748329999999998, -0.050767799999999995, 485.58728, 20.420118, 215.0, 0.0, 13.0, -0.038248
0.5644623, 270.8813952, 547.9799999999814, 14.690000000409782, 216.382, 275.3, 12.89, -0.11, 0.20748329999999998, -0.050767799999999995, 485.58728, 20.420118, 215.0, 0.0, 13.0, -0.038248
0.34809749999999995, 271.101771, 541.289999999979, 15.339999999850988, 216.347, 275.5, 12.94, -0.17, 0.0783864, -0.0728856, 472.745789, 21.448475, 215.0, 0.0, 13.0, -0.038098
0.34809749999999995, 271.20193140000003, 535.0900000000256, 15.950000000186265, 216.325, 275.6, 12.96, -0.18, 0.0783864, -0.0728856, 472.745789, 21.448475, 215.0, 0.0, 13.0, -0.038098
0.13179, 271.28799599999996, 528.3699999999953, 16.610000000335276, 216.311, 275.6, 12.99, -0.12, -0.1943616, -0.09603479999999999, 459.802429, 22.484989, 215.0, 0.0, 13.0, -0.036591
-0.08440289999999999, 271.3256994, 522.1500000000233, 17.230000000447035, 216.306, 275.6, 13.02, -0.12, -0.1943616, -0.09603479999999999, 459.802429, 22.484989, 215.0, 0.0, 13.0, -0.036591
-0.08440289999999999, 271.30404, 515.4099999999744, 17.90000000037253, 216.307, 275.6, 13.03, -0.06, -0.14697449999999998, -0.0982695, 446.836731, 23.523291, 215.0, 0.0, 13.0, -0.037362
-0.08440289999999999, 271.2789426, 509.179999999993, 18.509999999776483, 216.312, 275.6, 13.04, -0.32, -0.14697449999999998, -0.0982695, 446.836731, 23.523291, 215.0, 0.0, 13.0, -0.037362
-0.08440289999999999, 271.2116724, 502.4199999999837, 19.169999999925494, 216.323, 275.5, 13.07, -0.38, -0.1362021, -0.09162269999999999, 430.664124, 24.818409, 215.0, 0.0, 13.0, -0.035047
-0.08440289999999999, 271.1308794, 496.1599999999744, 19.759999999776483, 216.339, 275.4, 13.1, -0.23, -0.1362021, -0.09162269999999999, 430.664124, 24.818409, 215.0, 0.0, 13.0, -0.035047
-0.08440289999999999, 271.0251609, 489.35999999998603, 20.40000000037253, 216.367, 275.3, 13.14, -0.22, -0.268164, -0.0724272, 417.56546, 25.867359, 215.0, 0.0, 13.0, -0.036197
-0.08440289999999999, 270.5095755, 483.070000000007, 20.980000000447035, 216.401, 275.2, 13.17, -0.31, -0.268164, -0.0724272, 417.56546, 25.867359, 215.0, 0.0, 13.0, -0.036197
-0.3005385, 270.41084759999995, 476.2299999999814, 21.59999999962747, 216.448, 275.1, 13.21, -0.07, -0.35296799999999995, -0.0832569, 404.342651, 26.92625, 215.0, 0.0, 13.0, -0.039994
-0.3005385, 270.3181935, 469.9000000000233, 22.16000000014901, 216.502, 275.0, 13.23, -0.03, -0.35296799999999995, -0.0832569, 404.342651, 26.92625, 215.0, 0.0, 13.0, -0.039994
-0.3005385, 270.1602174, 463.03999999997905, 22.740000000223517, 216.568, 274.8, 13.25, 0.1, 0.008824199999999999, -0.1277217, 387.464539, 28.277863, 215.0, 0.0, 13.0, -0.047656
-0.3005385, 270.0528945, 456.70000000001164, 23.269999999552965, 216.632, 274.7, 13.24, 0.08, 0.008824199999999999, -0.1277217, 387.464539, 28.277863, 215.0, 0.0, 13.0, -0.047656
-0.08440289999999999, 269.9144577, 449.8400000000256, 23.830000000074506, 216.7, 274.6, 13.23, 0.02, 0.09557639999999999, -0.13912439999999998, 374.312561, 29.331083, 215.0, 0.0, 13.0, -0.053359
-0.08440289999999999, 269.8432911, 443.5200000000186, 24.33999999985099, 216.759, 274.5, 13.21, 0.24, 0.09557639999999999, -0.13912439999999998, 374.312561, 29.331083, 215.0, 0.0, 13.0, -0.053359
0.13179, 269.7868506, 436.679999999993, 24.87999999988824, 216.816, 274.5, 13.17, -0.06, 0.09557639999999999, -0.13912439999999998, 374.312561, 29.331083, 215.0, 0.0, 13.0, -0.053359
0.13179, 269.77126499999997, 430.39000000001397, 25.37999999988824, 216.861, 274.5, 13.15, 0.1, 0.014783399999999999, -0.1455993, 358.046753, 30.633663, 215.0, 0.0, 13.0, -0.055605
0.13179, 269.7348795, 423.5800000000163, 25.919999999925494, 216.903, 274.5, 13.13, 0.14, 0.014783399999999999, -0.1455993, 358.046753, 30.633663, 215.0, 0.0, 13.0, -0.055605
0.13179, 269.7207264, 417.29999999998836, 26.419999999925494, 216.935, 274.5, 13.11, 0.21, 0.0486477, -0.1580907, 344.987915, 31.679422, 215.0, 0.0, 13.0, -0.059971
0.13179, 269.6876643, 410.5100000000093, 26.950000000186265, 216.963, 274.4, 13.07, 0.03, 0.0486477, -0.1580907, 344.987915, 31.679422, 215.0, 0.0, 13.0, -0.059971
0.13179, 269.6913315, 404.2700000000186, 27.440000000409782, 216.98, 274.5, 13.04, -0.14, 0.0602223, -0.3030024, 331.991211, 32.720211, 215.0, 0.0, 13.0, -0.110552
0.13179, 269.694483, 397.5100000000093, 27.980000000447035, 216.991, 274.5, 13.03, -0.09, 0.0602223, -0.3030024, 331.991211, 32.720211, 215.0, 0.0, 13.0, -0.110552
0.13179, 269.6916753, 391.28000000002794, 28.46999999973923, 216.996, 274.5, 13.01, 0.04, 0.1887462, -0.8664333, 322.108276, 33.511642, 215.0, 0.0, 13.0, -0.305496
0.13179, 269.6632545, 384.54999999998836, 29.0, 216.994, 274.4, 12.96, 0.11, 0.1887462, -0.8664333, 322.108276, 33.511642, 215.0, 0.0, 13.0, -0.305496
-0.08440289999999999, 269.6114553, 378.39000000001397, 29.480000000447035, 216.97, 274.4, 12.84, 0.05, 0.2393421, -1.5622272, 309.297852, 34.537514, 215.0, 0.0, 13.0, -0.55007
-0.08440289999999999, 269.4941622, 371.78999999997905, 29.990000000223517, 216.893, 274.4, 12.67, 0.31, 0.2393421, -1.5622272, 309.297852, 34.537514, 215.0, 0.0, 13.0, -0.55007
0.13179, 269.4126816, 365.78999999997905, 30.459999999962747, 216.755, 274.4, 12.48, 0.01, 0.1437084, -2.4017295, 293.870422, 35.772949, 213.909286, 0.0, 13.0, -0.843084
0.13179, 269.28541829999995, 359.4000000000233, 30.950000000186265, 216.513, 274.3, 12.27, -0.45, 0.1437084, -2.4017295, 293.870422, 35.772949, 213.909286, 0.0, 13.0, -0.843084
0.13179, 269.2083498, 353.5800000000163, 31.389999999664724, 216.201, 274.3, 12.11, -0.62, 0.1358583, -2.9873928, 281.836243, 36.736656, 212.877335, 0.0, 13.0, -1.047992
0.1448544, 269.10589739999995, 347.35999999998603, 31.87000000011176, 215.769, 274.3, 11.96, -1.05, 0.1358583, -2.9873928, 281.836243, 36.736656, 212.877335, 0.0, 13.0, -1.047992
0.1448544, 269.0875614, 341.6599999999744, 32.299999999813735, 215.294, 274.3, 11.88, -1.25, 0.06933299999999999, -3.1911515999999995, 269.988373, 37.685444, 211.855576, 0.0, 13.0, -1.119099
0.1448544, 269.1120858, 335.53000000002794, 32.78000000026077, 214.712, 274.4, 11.82, -1.3, 0.06933299999999999, -3.1911515999999995, 269.988373, 37.685444, 211.855576, 0.0, 13.0, -1.119099
0.1448544, 269.1411369, 329.86999999999534, 33.21999999973923, 214.127, 274.4, 11.83, -1.55, 0.0180495, -3.1814679, 258.17157, 38.631744, 210.81842, 0.0, 13.0, -1.115734
0.1448544, 269.1899565, 323.71000000002095, 33.700000000186265, 213.462, 274.4, 11.89, -1.57, 0.0180495, -3.1814679, 258.17157, 38.631744, 210.81842, 0.0, 13.0, -1.115734
0.1448544, 269.2248522, 317.9799999999814, 34.16000000014901, 212.842, 274.4, 11.99, -1.53, 0.0170181, -3.2126390999999996, 246.168488, 39.59296, 209.764923, 0.0, 13.0, -1.126608
0.1448544, 269.2769952, 311.71999999997206, 34.65000000037253, 212.182, 274.4, 12.1, -1.24, 0.0170181, -3.2126390999999996, 246.168488, 39.59296, 209.764923, 0.0, 13.0, -1.126608
0.1448544, 269.2901169, 305.9000000000233, 35.09999999962747, 211.591, 274.4, 12.18, -1.26, 0.0170181, -3.2126390999999996, 246.168488, 39.59296, 209.764923, 0.0, 13.0, -1.126608
0.1448544, 269.308281, 299.570000000007, 35.59999999962747, 210.972, 274.4, 12.23, -1.38, 0.31411859999999997, -3.2173377, 231.131134, 40.797165, 208.701294, 0.0, 13.0, -1.128245
0.1448544, 269.33750399999997, 293.6900000000023, 36.05999999959022, 210.417, 274.4, 12.27, -1.33, 0.31411859999999997, -3.2173377, 231.131134, 40.797165, 208.701294, 0.0, 13.0, -1.128245
0.36030239999999997, 269.4244854, 287.320000000007, 36.55999999959022, 209.829, 274.5, 12.31, -1.18, 0.25567259999999997, -3.2096022, 218.879639, 41.778275, 207.625992, 0.0, 13.0, -1.133383
0.1448544, 269.49181289999996, 281.4199999999837, 37.04000000003725, 209.298, 274.6, 12.33, -1.18, 0.25567259999999997, -3.2096022, 218.879639, 41.778275, 207.625992, 0.0, 13.0, -1.133383
0.1448544, 269.5696263, 275.0200000000186, 37.55999999959022, 208.733, 274.6, 12.34, -1.12, 0.2089731, -3.2455865999999998, 206.597046, 42.761871, 206.547974, 0.0, 13.0, -1.135398
0.1448544, 269.59025429999997, 269.10999999998603, 38.04000000003725, 208.218, 274.6, 12.35, -1.2, 0.2089731, -3.2455865999999998, 206.597046, 42.761871, 206.547974, 0.0, 13.0, -1.135398
0.1448544, 269.5664175, 262.71000000002095, 38.57000000029802, 207.664, 274.6, 12.35, -1.23, -0.00573, -3.2361321, 194.212616, 43.753624, 205.467224, 0.0, 13.0, -1.134811
0.1448544, 269.5569057, 256.79999999998836, 39.049999999813735, 207.157, 274.6, 12.36, -1.1, -0.00573, -3.2361321, 194.212616, 43.753624, 205.467224, 0.0, 13.0, -1.134811
0.1448544, 269.6002245, 250.39000000001397, 39.57000000029802, 206.611, 274.7, 12.36, -1.33, -0.0523149, -3.219114, 181.898956, 44.739716, 204.386475, 0.0, 13.0, -1.136692
0.36030239999999997, 269.6489295, 244.46999999997206, 40.07000000029802, 206.11, 274.7, 12.38, -1.04, -0.0523149, -3.219114, 181.898956, 44.739716, 204.386475, 0.0, 13.0, -1.136692
0.1448544, 269.7442767, 238.03999999997905, 40.610000000335276, 205.572, 274.8, 12.4, -1.1, -0.0178776, -3.2403722999999998, 166.604492, 45.964508, 203.300262, 0.0, 13.0, -1.133594
0.1448544, 269.79338279999996, 232.10999999998603, 41.110000000335276, 205.078, 274.8, 12.4, -1.33, -0.0178776, -3.2403722999999998, 166.604492, 45.964508, 203.300262, 0.0, 13.0, -1.133594
-0.0705363, 269.80048800000003, 225.6699999999837, 41.66000000014901, 204.547, 274.8, 12.42, -1.39, 0.055523699999999995, -3.2510301, 154.197723, 46.958054, 202.213303, 0.0, 13.0, -1.137304
-0.2858124, 269.7371142, 219.71999999997206, 42.16000000014901, 204.061, 274.7, 12.45, -1.4, 0.055523699999999995, -3.2510301, 154.197723, 46.958054, 202.213303, 0.0, 13.0, -1.137304
-0.2858124, 269.6134608, 213.25, 42.67999999970198, 203.543, 274.6, 12.49, -1.2, 0.15889289999999998, -3.2816856, 141.759888, 47.954079, 201.121643, 0.0, 13.0, -1.148008
-0.0705363, 269.5473366, 207.2600000000093, 43.16000000014901, 203.074, 274.5, 12.52, -1.26, 0.15889289999999998, -3.2816856, 141.759888, 47.954079, 201.121643, 0.0, 13.0, -1.148008
-0.0705363, 269.4479784, 200.7600000000093, 43.669999999925494, 202.575, 274.4, 12.54, -1.34, 0.19206959999999998, -3.2903952, 129.197876, 48.96006, 200.02803, 0.0, 13.0, -1.153744
0.1448544, 269.4260898, 194.7399999999907, 44.139999999664724, 202.119, 274.4, 12.56, -1.54, 0.19206959999999998, -3.2903952, 129.197876, 48.96006, 200.02803, 0.0, 13.0, -1.153744
0.1448544, 269.44975469999997, 188.21999999997206, 44.639999999664724, 201.631, 274.4, 12.6, -1.18, 0.16393529999999998, -3.3249471, 116.635864, 49.966034, 198.930939, 0.0, 13.0, -1.165804
0.1448544, 269.4997203, 182.1699999999837, 45.12000000011176, 201.189, 274.5, 12.63, -1.12, 0.16393529999999998, -3.3249471, 116.635864, 49.966034, 198.930939, 0.0, 13.0, -1.165804
0.1448544, 269.55421259999997, 175.61999999999534, 45.639999999664724, 200.716, 274.5, 12.63, -1.3, 0.16393529999999998, -3.3249471, 116.635864, 49.966034, 198.930939, 0.0, 13.0, -1.165804
0.1448544, 269.541492, 169.57000000000698, 46.12000000011176, 200.28, 274.5, 12.64, -1.36, 0.0740889, -3.3213945, 100.494263, 51.258667, 197.820206, 0.0, 13.0, -1.164573
0.1448544, 269.5173114, 163.02000000001863, 46.62999999988824, 199.807, 274.4, 12.65, -1.44, 0.0740889, -3.3213945, 100.494263, 51.258667, 197.820206, 0.0, 13.0, -1.164573
0.1448544, 269.5325532, 156.95000000001164, 47.110000000335276, 199.372, 274.5, 12.69, -1.24, 0.2671899, -3.3286142999999995, 87.909912, 52.266434, 196.717651, 0.0, 13.0, -1.174919
0.36030239999999997, 269.6149506, 150.35999999998603, 47.639999999664724, 198.905, 274.5, 12.71, -1.05, 0.2671899, -3.3286142999999995, 87.909912, 52.266434, 196.717651, 0.0, 13.0, -1.174919
0.1448544, 269.6634264, 144.27000000001863, 48.12999999988824, 198.476, 274.6, 12.73, -0.78, 0.0065322, -3.3859142999999996, 75.183899, 53.285538, 195.606918, 0.0, 13.0, -1.187091
0.1448544, 269.719695, 137.67999999999302, 48.669999999925494, 198.009, 274.6, 12.7, -0.91, 0.0065322, -3.3859142999999996, 75.183899, 53.285538, 195.606918, 0.0, 13.0, -1.187091
0.1448544, 269.7255396, 131.61999999999534, 49.16000000014901, 197.569, 274.6, 12.66, -1.25, 0.0173619, -3.3885501, 62.559753, 54.296486, 194.493469, 0.0, 13.0, -1.185306
-0.0705363, 269.6830803, 125.07000000000698, 49.700000000186265, 197.082, 274.6, 12.62, -1.21, 0.0173619, -3.3885501, 62.559753, 54.296486, 194.493469, 0.0, 13.0, -1.185306
0.1448544, 269.658957, 119.03000000002794, 50.19000000040978, 196.626, 274.6, 12.61, -1.04, 0.038792099999999996, -3.3857997, 49.997742, 55.302467, 193.384705, 0.0, 13.0, -1.187038
0.1448544, 269.6345472, 112.5, 50.71999999973923, 196.129, 274.6, 12.6, -1.29, 0.038792099999999996, -3.3857997, 49.997742, 55.302467, 193.384705, 0.0, 13.0, -1.187038
0.1448544, 269.62429050000003, 106.46999999997206, 51.200000000186265, 195.668, 274.6, 12.6, -1.21, 0.1710978, -3.4713486, 34.392761, 56.552124, 191.177643, 0.0, 13.0, -1.216912
0.1448544, 269.6139765, 99.94000000000233, 51.730000000447035, 195.167, 274.5, 12.6, -0.87, 0.1710978, -3.4713486, 34.392761, 56.552124, 191.177643, 0.0, 13.0, -1.216912
0.1448544, 269.59690109999997, 93.90999999997439, 52.20999999996275, 194.704, 274.6, 12.58, -0.88, 0.0118038, 0.015069899999999999, 18.934204, 57.790054, 191.177643, 0.0, 13.0, -1.205186
0.1448544, 269.6119137, 87.4199999999837, 52.74000000022352, 194.195, 274.6, 12.48, -0.89, 0.0118038, 0.015069899999999999, 18.934204, 57.790054, 191.177643, 0.0, 13.0, -1.205186
0.1448544, 269.5280838, 81.63000000000466, 53.20999999996275, 193.693, 274.6, 11.96, -0.89, 0.0037244999999999995, 0.0087669, 7.334839, 58.718948, 191.177643, 0.0, 13.0, -1.205186
-0.0705363, 269.3015769, 75.60999999998603, 53.700000000186265, 193.078, 274.6, 11.51, -0.98, 0.0037244999999999995, 0.0087669, 7.334839, 58.718948, 191.177643, 0.0, 13.0, -1.205186
-0.08440289999999999, 269.08653, 70.20000000001164, 54.139999999664724, 192.465, 274.5, 11.23, -0.99, 0.10869809999999999, 0.0087669, -1.088745, 59.393509, 191.177643, 0.0, 13.0, -1.205186
-0.08440289999999999, 268.8845475, 64.45000000001164, 54.59999999962747, 191.779, 274.5, 11.03, -0.98, 0.10869809999999999, 0.0087669, -1.088745, 59.393509, 191.177643, 0.0, 13.0, -1.205186
-0.3005385, 270.93674699999997, 507.0200000000186, 18.490000000223517, 216.178, 275.6, 13.05, -0.05, -0.2981319, -0.06492089999999999, 438.40451, 24.198551, 215.0, 0.0, 13.0, -0.033594
-0.3005385, 270.80306609999997, 500.78000000002794, 19.09999999962747, 216.188, 275.5, 13.06, -0.31, -0.2981319, -0.06492089999999999, 438.40451, 24.198551, 215.0, 0.0, 13.0, -0.033594
-0.3005385, 270.5969007, 494.0100000000093, 19.730000000447035, 216.203, 275.3, 13.08, -0.37, -0.17149889999999998, -0.0817671, 422.231842, 25.493671, 215.0, 0.0, 13.0, -0.031606
-0.3005385, 270.4607559, 487.7399999999907, 20.309999999590218, 216.223, 275.1, 13.11, -0.22, -0.17149889999999998, -0.0817671, 422.231842, 25.493671, 215.0, 0.0, 13.0, -0.031606
-0.08440289999999999, 270.33773279999997, 480.929999999993, 20.919999999925494, 216.254, 275.0, 13.15, -0.21, -0.0415998, -0.0855489, 409.110901, 26.544405, 215.0, 0.0, 13.0, -0.032937
-0.08440289999999999, 270.2653629, 474.64000000001397, 21.46999999973923, 216.291, 275.0, 13.17, -0.3, -0.0415998, -0.0855489, 409.110901, 26.544405, 215.0, 0.0, 13.0, -0.032937
-0.08440289999999999, 270.2174601, 467.78999999997905, 22.059999999590218, 216.341, 274.9, 13.21, -0.07, -0.0955191, -0.0957483, 392.22406, 27.896715, 215.0, 0.0, 13.0, -0.038217
0.13179, 270.2080056, 461.46000000002095, 22.610000000335276, 216.396, 274.9, 13.24, -0.03, -0.0955191, -0.0957483, 392.22406, 27.896715, 215.0, 0.0, 13.0, -0.038217
0.13179, 270.1956861, 454.5999999999767, 23.209999999962747, 216.464, 274.9, 13.25, 0.1, -0.18754289999999998, -0.1149438, 382.705017, 28.65901, 215.0, 0.0, 13.0, -0.043186
0.13179, 270.1837677, 448.2600000000093, 23.75, 216.53, 274.9, 13.25, 0.08, -0.18754289999999998, -0.1149438, 382.705017, 28.65901, 215.0, 0.0, 13.0, -0.043186
-0.08440289999999999, 270.1623948, 441.4000000000233, 24.33999999985099, 216.599, 274.8, 13.23, 0.02, -0.12141869999999998, -0.1299564, 369.55304, 29.712229, 215.0, 0.0, 13.0, -0.048421
-0.08440289999999999, 270.11741429999995, 435.070000000007, 24.87999999988824, 216.66, 274.8, 13.21, 0.25, -0.12141869999999998, -0.1299564, 369.55304, 29.712229, 215.0, 0.0, 13.0, -0.048421
-0.08440289999999999, 270.0040176, 428.2299999999814, 25.450000000186265, 216.72, 274.7, 13.18, -0.05, -0.12141869999999998, -0.1299564, 369.55304, 29.712229, 215.0, 0.0, 13.0, -0.048421
-0.08440289999999999, 269.9199012, 421.9400000000023, 25.959999999962747, 216.767, 274.6, 13.15, 0.1, 0.17178539999999998, -0.1420467, 352.768097, 31.056381, 215.0, 0.0, 13.0, -0.052658
-0.08440289999999999, 269.8026081, 415.11999999999534, 26.509999999776483, 216.81, 274.5, 13.13, 0.15, 0.17178539999999998, -0.1420467, 352.768097, 31.056381, 215.0, 0.0, 13.0, -0.052658
-0.08440289999999999, 269.7149391, 408.8400000000256, 27.0, 216.845, 274.4, 13.11, 0.22, 0.0437772, -0.1536786, 339.638428, 32.107815, 215.0, 0.0, 13.0, -0.056713
-0.08440289999999999, 269.64044909999996, 402.0599999999977, 27.53000000026077, 216.875, 274.4, 13.08, 0.04, 0.0437772, -0.1536786, 339.638428, 32.107815, 215.0, 0.0, 13.0, -0.056713
0.13179, 269.60985089999997, 395.8099999999977, 28.009999999776483, 216.893, 274.4, 13.05, -0.13, 0.0762663, -0.5814804, 326.610657, 33.151093, 215.0, 0.0, 13.0, -0.215609
0.34809749999999995, 269.5951248, 389.04999999998836, 28.53000000026077, 216.905, 274.4, 13.01, -0.09, 0.0762663, -0.5814804, 326.610657, 33.151093, 215.0, 0.0, 13.0, -0.215609
0.13179, 269.62927559999997, 382.8400000000256, 29.019999999552965, 216.903, 274.4, 12.95, 0.02, 0.038276399999999995, -1.2942350999999999, 313.707062, 34.184418, 215.0, 0.0, 13.0, -0.464389
0.34809749999999995, 269.6557482, 376.1699999999837, 29.549999999813735, 216.872, 274.5, 12.83, 0.03, 0.038276399999999995, -1.2942350999999999, 313.707062, 34.184418, 215.0, 0.0, 13.0, -0.464389
0.13179, 269.6667498, 370.0800000000163, 30.040000000037253, 216.796, 274.6, 12.68, -0.07, 0.0986133, -2.2161348, 298.071014, 35.436565, 213.981369, 0.0, 13.0, -0.776587
-0.08440289999999999, 269.6170134, 363.5800000000163, 30.570000000298023, 216.64, 274.6, 12.49, 0.15, 0.0986133, -2.2161348, 298.071014, 35.436565, 213.981369, 0.0, 13.0, -0.776587
-0.08440289999999999, 269.52103589999996, 357.679999999993, 31.040000000037253, 216.41, 274.5, 12.27, -0.18, 0.0144969, -2.9335307999999998, 283.016174, 36.64217, 212.971085, 0.0, 13.0, -1.029192
-0.08440289999999999, 269.3518863, 351.4099999999744, 31.540000000037253, 216.052, 274.5, 12.05, -0.68, 0.0144969, -2.9335307999999998, 283.016174, 36.64217, 212.971085, 0.0, 13.0, -1.029192
-0.0705363, 269.2603782, 345.6900000000023, 31.990000000223517, 215.622, 274.5, 11.89, -0.87, 0.018393299999999998, -3.1745346, 271.199402, 37.588463, 211.961853, 0.0, 13.0, -1.113302
-0.0705363, 269.1519093, 339.570000000007, 32.46999999973923, 215.061, 274.4, 11.77, -1.29, 0.018393299999999998, -3.1745346, 271.199402, 37.588463, 211.961853, 0.0, 13.0, -1.113302
0.1448544, 269.1052671, 333.95000000001164, 32.91000000014901, 214.472, 274.4, 11.74, -1.48, 0.17934899999999998, -3.1597511999999996, 259.515503, 38.52412, 210.936371, 0.0, 13.0, -1.108152
0.1448544, 269.1007404, 327.8499999999767, 33.389999999664724, 213.785, 274.4, 11.78, -1.49, 0.17934899999999998, -3.1597511999999996, 259.515503, 38.52412, 210.936371, 0.0, 13.0, -1.108152
0.1448544, 269.15099250000003, 322.179999999993, 33.830000000074506, 213.136, 274.5, 11.87, -1.67, 0.1183818, -3.18015, 247.605591, 39.477875, 209.891052, 0.0, 13.0, -1.115263
0.1448544, 269.2710933, 315.9799999999814, 34.32000000029802, 212.439, 274.5, 11.98, -1.61, 0.1183818, -3.18015, 247.605591, 39.477875, 209.891052, 0.0, 13.0, -1.115263
0.1448544, 269.3560692, 309.71999999997206, 34.830000000074506, 211.766, 274.6, 12.1, -1.52, -0.0033234, -3.1364874, 238.365967, 40.217793, 209.891052, 0.0, 13.0, -1.100033
0.1448544, 269.4556566, 303.9000000000233, 35.299999999813735, 211.171, 274.6, 12.19, -1.2, -0.0033234, -3.1364874, 238.365967, 40.217793, 209.891052, 0.0, 13.0, -1.100033
0.1448544, 269.49891809999997, 298.03999999997905, 35.769999999552965, 210.602, 274.6, 12.26, -1.21, -0.0033234, -3.1364874, 238.365967, 40.217793, 209.891052, 0.0, 13.0, -1.100033
0.1448544, 269.50029329999995, 291.6699999999837, 36.29000000003725, 210.008, 274.6, 12.29, -1.33, 0.0842883, -3.2309178, 223.195709, 41.43264, 207.748627, 0.0, 13.0, -1.13298
0.1448544, 269.5156497, 285.78000000002794, 36.769999999552965, 209.475, 274.6, 12.32, -1.29, 0.0842883, -3.2309178, 223.195709, 41.43264, 207.748627, 0.0, 13.0, -1.13298
0.1448544, 269.56200540000003, 279.38000000000466, 37.29000000003725, 208.91, 274.6, 12.34, -1.14, 0.06297269999999999, -3.2489673, 210.913116, 42.416237, 206.670609, 0.0, 13.0, -1.136576
0.1448544, 269.5818885, 273.46999999997206, 37.769999999552965, 208.397, 274.6, 12.35, -1.15, 0.06297269999999999, -3.2489673, 210.913116, 42.416237, 206.670609, 0.0, 13.0, -1.136576
-0.0705363, 269.5585101, 267.0599999999977, 38.29000000003725, 207.849, 274.6, 12.35, -1.09, 0.0810795, -3.2547545999999996, 198.599518, 43.402321, 205.589859, 0.0, 13.0, -1.138615
-0.0705363, 269.53553279999994, 261.1500000000233, 38.769999999552965, 207.345, 274.6, 12.36, -1.18, 0.0810795, -3.2547545999999996, 198.599518, 43.402321, 205.589859, 0.0, 13.0, -1.138615
-0.0705363, 269.4868851, 254.7399999999907, 39.28000000026077, 206.798, 274.5, 12.35, -1.22, 0.0992436, -3.2568173999999996, 186.285919, 44.388405, 204.509109, 0.0, 13.0, -1.139326
-0.0705363, 269.46459539999995, 248.8300000000163, 39.75, 206.293, 274.5, 12.37, -1.1, 0.0992436, -3.2568173999999996, 186.285919, 44.388405, 204.509109, 0.0, 13.0, -1.139326
0.1448544, 269.4113637, 242.4099999999744, 40.25999999977648, 205.749, 274.4, 12.37, -1.32, 0.1435938, -3.2542961999999998, 173.910187, 45.379463, 203.422913, 0.0, 13.0, -1.141147
0.1448544, 269.4063786, 236.47999999998137, 40.71999999973923, 205.25, 274.4, 12.39, -1.03, 0.1435938, -3.2542961999999998, 173.910187, 45.379463, 203.422913, 0.0, 13.0, -1.141147
0.1448544, 269.4317625, 230.04999999998836, 41.230000000447035, 204.715, 274.5, 12.4, -1.1, -0.0111162, -3.2454147, 158.575897, 46.607445, 202.339432, 0.0, 13.0, -1.138053
0.1448544, 269.46322019999997, 224.10999999998603, 41.700000000186265, 204.223, 274.5, 12.41, -1.33, -0.0111162, -3.2454147, 158.575897, 46.607445, 202.339432, 0.0, 13.0, -1.138053
0.1448544, 269.50671090000003, 217.6699999999837, 42.21999999973923, 203.694, 274.5, 12.43, -1.38, -0.029223, -3.2550411, 146.169128, 47.60099, 201.250504, 0.0, 13.0, -1.141399
0.1448544, 269.5372518, 211.71000000002095, 42.700000000186265, 203.21, 274.5, 12.46, -1.4, -0.029223, -3.2550411, 146.169128, 47.60099, 201.250504, 0.0, 13.0, -1.141399
0.1448544, 269.55478559999995, 205.22999999998137, 43.21999999973923, 202.694, 274.5, 12.5, -1.2, 0.20043539999999999, -3.2864987999999995, 133.740021, 48.596321, 200.158844, 0.0, 13.0, -1.152382
0.1448544, 269.54939939999997, 199.2399999999907, 43.700000000186265, 202.227, 274.5, 12.53, -1.25, 0.20043539999999999, -3.2864987999999995, 133.740021, 48.596321, 200.158844, 0.0, 13.0, -1.152382
0.1448544, 269.5630368, 192.7399999999907, 44.21999999973923, 201.73, 274.5, 12.54, -1.33, 0.163305, -3.3020843999999996, 121.209076, 49.599808, 199.059021, 0.0, 13.0, -1.157819
0.1448544, 269.5918014, 186.71999999997206, 44.700000000186265, 201.276, 274.6, 12.57, -1.54, 0.163305, -3.3020843999999996, 121.209076, 49.599808, 199.059021, 0.0, 13.0, -1.157819
0.1448544, 269.6025165, 180.19000000000233, 45.230000000447035, 200.792, 274.5, 12.6, -1.17, 0.2031285, -3.3371519999999997, 108.647034, 50.605782, 197.956467, 0.0, 13.0, -1.170056
0.1448544, 269.5986201, 174.15000000002328, 45.70999999996275, 200.353, 274.5, 12.64, -1.11, 0.2031285, -3.3371519999999997, 108.647034, 50.605782, 197.956467, 0.0, 13.0, -1.170056
0.1448544, 269.613117, 167.59999999997672, 46.24000000022352, 199.884, 274.5, 12.64, -1.29, 0.2031285, -3.3371519999999997, 108.647034, 50.605782, 197.956467, 0.0, 13.0, -1.170056
0.1448544, 269.6136327, 161.03999999997905, 46.75999999977648, 199.416, 274.5, 12.64, -1.36, 0.0918519, -3.341163, 92.474426, 51.900902, 196.851196, 0.0, 13.0, -1.168765
-0.0705363, 269.61569549999996, 154.9899999999907, 47.25, 198.984, 274.5, 12.65, -1.43, 0.0918519, -3.341163, 92.474426, 51.900902, 196.851196, 0.0, 13.0, -1.168765
-0.0705363, 269.5972449, 148.9199999999837, 47.730000000447035, 198.554, 274.5, 12.69, -1.23, 0.1312743, -3.3718185, 79.850281, 52.91185, 195.745911, 0.0, 13.0, -1.179462
-0.0705363, 269.5719756, 142.3300000000163, 48.25, 198.092, 274.5, 12.71, -1.04, 0.1312743, -3.3718185, 79.850281, 52.91185, 195.745911, 0.0, 13.0, -1.179462
0.1448544, 269.55306659999997, 136.2399999999907, 48.730000000447035, 197.669, 274.4, 12.72, -0.77, 0.1611849, -3.399609, 67.164062, 53.927773, 194.632462, 0.0, 13.0, -1.19187
0.1448544, 269.52647939999997, 129.6599999999744, 49.25, 197.206, 274.4, 12.69, -0.9, 0.1611849, -3.399609, 67.164062, 53.927773, 194.632462, 0.0, 13.0, -1.19187
0.1448544, 269.53644959999997, 123.59999999997672, 49.730000000447035, 196.768, 274.5, 12.65, -1.25, 0.1261173, -3.4283163, 54.570923, 54.936241, 193.253891, 0.0, 13.0, -1.19919
0.1448544, 269.56315140000004, 117.05999999999767, 50.25, 196.278, 274.5, 12.61, -1.22, 0.1261173, -3.4283163, 54.570923, 54.936241, 193.253891, 0.0, 13.0, -1.19919
0.1448544, 269.54693549999996, 111.02000000001863, 50.71999999973923, 195.818, 274.5, 12.6, -1.05, 0.14731829999999999, -3.4241906999999996, 42.008972, 55.942215, 192.151337, 0.0, 13.0, -1.200446
0.1448544, 269.5186866, 104.48999999999069, 51.24000000022352, 195.316, 274.5, 12.6, -1.3, 0.14731829999999999, -3.4241906999999996, 42.008972, 55.942215, 192.151337, 0.0, 13.0, -1.200446
-0.0705363, 269.497944, 98.46000000002095, 51.70999999996275, 194.853, 274.4, 12.6, -1.21, 0.1563717, 0.015069899999999999, 23.600586, 57.416367, 192.151337, 0.0, 13.0, -1.184621
-0.0705363, 269.4306165, 92.0, 52.21999999973923, 194.348, 274.4, 12.33, -0.89, 0.1563717, 0.015069899999999999, 23.600586, 57.416367, 192.151337, 0.0, 13.0, -1.184621
-0.0705363, 269.2024479, 86.29999999998836, 52.66000000014901, 193.835, 274.4, 11.78, -1.01, 0.1282374, 0.013752, 12.094421, 58.337791, 192.151337, 0.0, 13.0, -1.184621
0.13179, 268.92202169999996, 80.34000000002561, 53.12000000011176, 193.212, 274.3, 11.38, -1.14, 0.1282374, 0.013752, 12.094421, 58.337791, 192.151337, 0.0, 13.0, -1.184621
0.13179, 268.7859342, 74.97999999998137, 53.53000000026077, 192.6, 274.3, 11.14, -1.11, 0.08589269999999999, 0.013752, 1.146973, 59.21447, 192.151337, 0.0, 13.0, -1.184621
0.13179, 268.65185219999995, 69.27000000001863, 53.95999999996275, 191.918, 274.3, 10.96, -1.08, 0.08589269999999999, 0.013752, 1.146973, 59.21447, 192.151337, 0.0, 13.0, -1.184621
0.13179, 268.6075593, 64.07000000000698, 54.37000000011176, 191.279, 274.4, 10.85, -1.03, 0.1135113, 0.013752, -7.059143, 59.871628, 192.151337, 0.0, 13.0, -1.184621
0.13179, 268.60887719999994, 58.47999999998137, 54.799999999813735, 190.579, 274.4, 10.76, -1.01, 0.1135113, 0.013752, -7.059143, 59.871628, 192.151337, 0.0, 13.0, -1.184621
0.13179, 268.6232595, 53.34999999997672, 55.20999999996275, 189.925, 274.5, 10.71, -1.1, 0.1918404, 0.013752, -17.687317, 60.72274, 192.151337, 0.0, 13.0, -1.184621
0.13179, 268.6191912, 47.79999999998836, 55.639999999664724, 189.205, 274.5, 10.68, -1.31, 0.1918404, 0.013752, -17.687317, 60.72274, 192.151337, 0.0, 13.0, -1.184621
0.13179, 268.6148364, 42.70000000001164, 56.049999999813735, 188.531, 274.5, 10.66, -0.96, 0.1918404, 0.013752, -17.687317, 60.72274, 192.151337, 0.0, 13.0, -1.184621
0.13179, 268.61145569999996, 37.1699999999837, 56.49000000022352, 187.789, 274.5, 10.66, -1.03, 0.04922069999999999, 0.013752, -30.910156, 61.781631, 192.151337, 0.0, 13.0, -1.184621
0.13179, 268.6160397, 32.070000000006985, 56.889999999664724, 187.097, 274.5, 10.67, -1.03, 0.04922069999999999, 0.013752, -30.910156, 61.781631, 192.151337, 0.0, 13.0, -1.184621
0.13179, 268.6432572, 26.53000000002794, 57.330000000074506, 186.341, 274.5, 10.67, -1.1, 0.0, 0.013752, -33.425293, 61.983047, 192.151337, 0.0, 13.0, -1.184621
0.13179, 268.66795349999995, 21.419999999983702, 57.74000000022352, 185.64, 274.5, 10.68, -1.1, 0.0, 0.013752, -33.425293, 61.983047, 192.151337, 0.0, 13.0, -1.184621
0.13179, 268.6919622, 15.869999999995343, 58.19000000040978, 184.877, 274.5, 10.69, -1.15, 0.0, 0.013752, -33.425293, 61.983047, 192.151337, 0.0, 13.0, -1.184621
-0.08440289999999999, 268.6830807, 10.75, 58.58999999985099, 184.173, 274.5, 10.7, -1.1, 0.0, 0.013752, -33.425293, 61.983047, 192.151337, 0.0, 13.0, -1.184621
